imageId,grade,lessonId,caption,reviewStatus,captionMatch,targetEventIds,targetEventTitles,relationTypes,confidences,reviewReason,changedFromOriginalDecision,originalDecisionStatus,originalDecisionEventId,webSourceGroups,duplicateOf
grade_10:12122:img_01,10,12122,* ** Hình 1. ** Cầu Long Biên (Hà Nội) *,approved,True,xay-dung-cau-long-bien,Xây cầu Long Biên,direct,high,"Ảnh trực tiếp là Cầu Long Biên, khớp đúng sự kiện xây dựng cầu.",False,approved,xay-dung-cau-long-bien,,
grade_10:12122:img_02,10,12122,,no_suitable_event,unknown,,,,,"Không có event nào trong tập event hiện có đủ quan hệ trực tiếp hoặc strong contextual với nội dung thật của ảnh. Điểm score, trùng token và thứ tự suggestion không được dùng làm bằng chứng.",True,deferred,,,
grade_10:12122:img_03,10,12122,* ** Hình 10. ** Lá để trang trí hình rồng gắn trên ngôi úp nóc ở Hoàng thành Thăng Long (Hà Nội) *,approved,True,doi-do-ly-cong-uan | ly-thai-to-doi-do-thang-long,Công cuộc dời đô của Lý Công Uẩn | Lý Thái Tổ dời đô ra Thăng Long,strong_contextual | strong_contextual,medium | medium,Hiện vật trang trí từ Hoàng thành Thăng Long minh họa trực tiếp không gian kinh đô hình thành sau cuộc dời đô.,True,deferred,,,
grade_10:12122:img_04,10,12122,* ** Hình 11. ** Trang đầu bản Tuyên ngôn Độc lập do Chủ tịch Hồ Chí Minh soạn thảo và công bố ngày 2 – 9 – 1945 *,approved,True,ho-chi-minh-cong-bo-tuyen-ngon-doc-lap,Hồ Chí Minh công bố Tuyên ngôn Độc lập,direct,high,"Ảnh là trang đầu Tuyên ngôn Độc lập, khớp trực tiếp sự kiện công bố Tuyên ngôn.",False,approved,ho-chi-minh-cong-bo-tuyen-ngon-doc-lap,,
grade_10:12122:img_05,10,12122,* ** Hình 12. ** Hình ảnh một tờ tiền của Việt Nam *,no_suitable_event,not_material,,,,,"Không có event nào trong tập event hiện có đủ quan hệ trực tiếp hoặc strong contextual với nội dung thật của ảnh. Điểm score, trùng token và thứ tự suggestion không được dùng làm bằng chứng.",True,deferred,,,
grade_10:12122:img_06,10,12122,,approved,True,su-ra-doi-nha-nuoc-au-lac | khang-chien-chong-quan-trieu-an-duong-vuong,Nhà nước Âu Lạc | Kháng chiến chống quân Triệu của An Dương Vương,strong_contextual | strong_contextual,high | high,"Ảnh ghép các hiện vật Cổ Loa và truyền thuyết nỏ thần, gắn trực tiếp với nhà nước Âu Lạc và cuộc kháng chiến của An Dương Vương.",True,deferred,,,
grade_10:12122:img_07,10,12122,,no_suitable_event,unknown,,,,,"Không có event nào trong tập event hiện có đủ quan hệ trực tiếp hoặc strong contextual với nội dung thật của ảnh. Điểm score, trùng token và thứ tự suggestion không được dùng làm bằng chứng.",True,deferred,,,
grade_10:12122:img_08,10,12122,,no_suitable_event,unknown,,,,,"Không có event nào trong tập event hiện có đủ quan hệ trực tiếp hoặc strong contextual với nội dung thật của ảnh. Điểm score, trùng token và thứ tự suggestion không được dùng làm bằng chứng.",True,deferred,,,
grade_10:12126:img_01,10,12126,,no_suitable_event,unknown,,,,,"Không có event nào trong tập event hiện có đủ quan hệ trực tiếp hoặc strong contextual với nội dung thật của ảnh. Điểm score, trùng token và thứ tự suggestion không được dùng làm bằng chứng.",False,no_suitable_event,,,
grade_10:12126:img_02,10,12126,"** Hình 1. ** Một bức vẽ trên vách hang Ma-gu-ra (Bun-ga-ri) mô tả hoạt động săn bắn của người nguyên thuỷ, niên đại khoảng 8.000 đến 4.000 năm cách ngày nay",no_suitable_event,not_material,,,,,"Không có event nào trong tập event hiện có đủ quan hệ trực tiếp hoặc strong contextual với nội dung thật của ảnh. Điểm score, trùng token và thứ tự suggestion không được dùng làm bằng chứng.",False,no_suitable_event,,,
grade_10:12126:img_03,10,12126,"** Hình 2. ** Bìa sách * Đại Việt sử ký toàn thư * (bản dịch, xuất bản năm 1998)",no_suitable_event,not_material,,,,,"Không có event nào trong tập event hiện có đủ quan hệ trực tiếp hoặc strong contextual với nội dung thật của ảnh. Điểm score, trùng token và thứ tự suggestion không được dùng làm bằng chứng.",True,deferred,,,
grade_10:12126:img_04,10,12126,** Hình 3. ** Trang bìa của một bộ sách về lịch sử Việt Nam,no_suitable_event,not_material,,,,,"Không có event nào trong tập event hiện có đủ quan hệ trực tiếp hoặc strong contextual với nội dung thật của ảnh. Điểm score, trùng token và thứ tự suggestion không được dùng làm bằng chứng.",True,deferred,,,
grade_10:12126:img_05,10,12126,** Hình 4. ** Lễ hội truyền thống tại Ta-lin (Ét-tô-ni-a),no_suitable_event,not_material,,,,,"Không có event nào trong tập event hiện có đủ quan hệ trực tiếp hoặc strong contextual với nội dung thật của ảnh. Điểm score, trùng token và thứ tự suggestion không được dùng làm bằng chứng.",True,deferred,,,
grade_10:12128:img_01,10,12128,** Hình 1. ** Một góc quần thể danh thắng Tràng An (Ninh Bình),approved,True,trang-an-duoc-ghi-danh-di-san-the-gioi,Tràng An Di sản thế giới,direct,high,Ảnh trực tiếp là Quần thể danh thắng Tràng An.,False,approved,trang-an-duoc-ghi-danh-di-san-the-gioi,trang_an,
grade_10:12128:img_02,10,12128,"** Hình 3. ** Một trang trong sách Hoàng Việt văn tuyển khắc in lại tác phẩm * Bình Ngô đại cáo * của Nguyễn Trãi, tổng kết về cuộc khởi nghĩa chống quân Minh của Đại Việt (đầu thế kỉ XV)",approved,True,khoi-nghia-lam-son,Khởi nghĩa Lam Sơn,strong_contextual,high,"Ảnh là văn bản Bình Ngô đại cáo, gắn trực tiếp với thắng lợi và kết thúc khởi nghĩa Lam Sơn.",False,approved,khoi-nghia-lam-son,,
grade_10:12128:img_03,10,12128,** Hình 4. ** Trang bìa một số tác phẩm của các ngành khoa học tự nhiên,no_suitable_event,not_material,,,,,"Không có event nào trong tập event hiện có đủ quan hệ trực tiếp hoặc strong contextual với nội dung thật của ảnh. Điểm score, trùng token và thứ tự suggestion không được dùng làm bằng chứng.",True,deferred,,,
grade_10:12128:img_04,10,12128,** Hình 5. ** Bảo tàng ảo 3D (chuyên đề Bảo vật quốc gia) tại Bảo tàng Lịch sử quốc gia,no_suitable_event,not_material,,,,,"Không có event nào trong tập event hiện có đủ quan hệ trực tiếp hoặc strong contextual với nội dung thật của ảnh. Điểm score, trùng token và thứ tự suggestion không được dùng làm bằng chứng.",True,deferred,,,
grade_10:12128:img_05,10,12128,,no_suitable_event,unknown,,,,,"Không có event nào trong tập event hiện có đủ quan hệ trực tiếp hoặc strong contextual với nội dung thật của ảnh. Điểm score, trùng token và thứ tự suggestion không được dùng làm bằng chứng.",True,deferred,,,
grade_10:12137:img_01,10,12137,** Hình 1. ** Cung điện Véc-xây (Pháp) — Di sản văn hoá thế giới,no_suitable_event,not_material,,,,,"Không có event nào trong tập event hiện có đủ quan hệ trực tiếp hoặc strong contextual với nội dung thật của ảnh. Điểm score, trùng token và thứ tự suggestion không được dùng làm bằng chứng.",True,deferred,,,
grade_10:12137:img_02,10,12137,** Hình 2. ** Quần thể di tích Cố đô Huế – Di sản văn hoá thế giới,approved,True,phe-duyet-chien-luoc-phat-trien-cong-nghiep-van-hoa-viet-nam,Phê duyệt Chiến lược CNVH Việt Nam,strong_contextual,medium,Cố đô Huế là tài nguyên di sản văn hóa tiêu biểu cho du lịch văn hóa.,False,approved,phe-duyet-chien-luoc-phat-trien-cong-nghiep-van-hoa-viet-nam,cultural_industry,
grade_10:12137:img_03,10,12137,** Hình 3. ** Vịnh Hạ Long (Quảng Ninh) – Di sản thiên nhiên thế giới,no_suitable_event,not_material,,,,,"Không có event nào trong tập event hiện có đủ quan hệ trực tiếp hoặc strong contextual với nội dung thật của ảnh. Điểm score, trùng token và thứ tự suggestion không được dùng làm bằng chứng.",True,deferred,,,
grade_10:12137:img_04,10,12137,** Hình 4. ** Nghệ nhân các phường Xoan (Phú Thọ) giao lưu Hát Xoan – Di sản văn hoá phi vật thể đại diện của nhân loại có sự tham gia của học sinh,approved,True,phe-duyet-chien-luoc-phat-trien-cong-nghiep-van-hoa-viet-nam,Phê duyệt Chiến lược CNVH Việt Nam,strong_contextual,medium,"Hát Xoan là hoạt động nghệ thuật biểu diễn và di sản văn hóa, phù hợp làm ảnh minh họa lĩnh vực văn hóa.",True,deferred,,cultural_industry,
grade_10:12137:img_05,10,12137,** Hình 5. ** Hang Sơn Đoòng thuộc Vườn quốc gia Phong Nha – Kẻ Bàng (Quảng Bình) – Di sản thiên nhiên thế giới với hai lần được ghi danh,no_suitable_event,not_material,,,,,"Không có event nào trong tập event hiện có đủ quan hệ trực tiếp hoặc strong contextual với nội dung thật của ảnh. Điểm score, trùng token và thứ tự suggestion không được dùng làm bằng chứng.",True,deferred,,,
grade_10:12137:img_06,10,12137,** Hình 7. ** Biểu diễn nhạc cụ dân tộc trong lễ hội đầu xuân (tại Ninh Bình),no_suitable_event,False,,,,,"File ảnh thực tế là poster phim Spartacus, không khớp caption về biểu diễn nhạc cụ dân tộc; không có event phù hợp.",True,approved,phe-duyet-chien-luoc-phat-trien-cong-nghiep-van-hoa-viet-nam,,
grade_10:12137:img_07,10,12137,,approved,True,phe-duyet-chien-luoc-phat-trien-cong-nghiep-van-hoa-viet-nam,Phê duyệt Chiến lược CNVH Việt Nam,strong_contextual,medium,Hoàng thành Thăng Long là tài nguyên di sản văn hóa tiêu biểu cho du lịch văn hóa.,False,approved,phe-duyet-chien-luoc-phat-trien-cong-nghiep-van-hoa-viet-nam,cultural_industry,
grade_10:12137:img_08,10,12137,,approved,True,phe-duyet-chien-luoc-phat-trien-cong-nghiep-van-hoa-viet-nam,Phê duyệt Chiến lược CNVH Việt Nam,strong_contextual,medium,"Khu khảo cổ 18 Hoàng Diệu là tài nguyên di sản văn hóa, phù hợp minh họa khai thác giá trị di sản.",False,approved,phe-duyet-chien-luoc-phat-trien-cong-nghiep-van-hoa-viet-nam,cultural_industry,
grade_10:12138:img_01,10,12138,** Hình 1. ** Tấm bia đá Nam-mơ mô tả về chiến thắng của vua Nam-mơ trong cuộc chiến tranh thống nhất Ai Cập,no_suitable_event,not_material,,,,,"Không có event nào trong tập event hiện có đủ quan hệ trực tiếp hoặc strong contextual với nội dung thật của ảnh. Điểm score, trùng token và thứ tự suggestion không được dùng làm bằng chứng.",True,deferred,,,
grade_10:12138:img_02,10,12138,** Hình 2. ** Một hình ảnh trong Sách của người chết của Ai Cập cổ đại,no_suitable_event,not_material,,,,,"Không có event nào trong tập event hiện có đủ quan hệ trực tiếp hoặc strong contextual với nội dung thật của ảnh. Điểm score, trùng token và thứ tự suggestion không được dùng làm bằng chứng.",True,deferred,,,
grade_10:12138:img_03,10,12138,"** Hình 3. ** Bia đá Rô-sét-ta (niên đại 196 TCN) được phát hiện ở Mem-phít, hiện lưu giữ tại Bảo tàng quốc gia Anh • Kiến trúc và điêu khắc",no_suitable_event,not_material,,,,,"Không có event nào trong tập event hiện có đủ quan hệ trực tiếp hoặc strong contextual với nội dung thật của ảnh. Điểm score, trùng token và thứ tự suggestion không được dùng làm bằng chứng.",True,deferred,,,
grade_10:12138:img_04,10,12138,** Hình 4. ** Tượng Nhân sư và quần thể kim tự tháp ở Ghi-da,no_suitable_event,not_material,,,,,"Không có event nào trong tập event hiện có đủ quan hệ trực tiếp hoặc strong contextual với nội dung thật của ảnh. Điểm score, trùng token và thứ tự suggestion không được dùng làm bằng chứng.",False,no_suitable_event,,,
grade_10:12138:img_05,10,12138,** Hình 5. ** Nắp quan tài bằng vàng của pha-ra-ông Tu-tan-kha-môn,no_suitable_event,not_material,,,,,"Không có event nào trong tập event hiện có đủ quan hệ trực tiếp hoặc strong contextual với nội dung thật của ảnh. Điểm score, trùng token và thứ tự suggestion không được dùng làm bằng chứng.",False,no_suitable_event,,,
grade_10:12138:img_06,10,12138,** Hình 6. ** Đến Ma-ha-bô-đi ở Bi-ha,no_suitable_event,not_material,,,,,"Không có event nào trong tập event hiện có đủ quan hệ trực tiếp hoặc strong contextual với nội dung thật của ảnh. Điểm score, trùng token và thứ tự suggestion không được dùng làm bằng chứng.",False,no_suitable_event,,,
grade_10:12138:img_07,10,12138,** Hình 7. ** Kí tự trên con dấu bằng đất nung được phát hiện trong di chỉ thuộc văn minh sông Ấn,no_suitable_event,not_material,,,,,"Không có event nào trong tập event hiện có đủ quan hệ trực tiếp hoặc strong contextual với nội dung thật của ảnh. Điểm score, trùng token và thứ tự suggestion không được dùng làm bằng chứng.",False,no_suitable_event,,,
grade_10:12138:img_08,10,12138,** Hình 8. ** Chùa hang trong quần thể A-gian-ta,no_suitable_event,not_material,,,,,"Không có event nào trong tập event hiện có đủ quan hệ trực tiếp hoặc strong contextual với nội dung thật của ảnh. Điểm score, trùng token và thứ tự suggestion không được dùng làm bằng chứng.",False,no_suitable_event,,,
grade_10:12138:img_09,10,12138,** Hình 9. ** Lăng Ta-giơ Ma-han ở A-gra,no_suitable_event,not_material,,,,,"Không có event nào trong tập event hiện có đủ quan hệ trực tiếp hoặc strong contextual với nội dung thật của ảnh. Điểm score, trùng token và thứ tự suggestion không được dùng làm bằng chứng.",False,no_suitable_event,,,
grade_10:12138:img_10,10,12138,** Hình 10. ** Chữ giáp cốt (nguồn gốc của chữ Hán ngày nay),no_suitable_event,not_material,,,,,"Không có event nào trong tập event hiện có đủ quan hệ trực tiếp hoặc strong contextual với nội dung thật của ảnh. Điểm score, trùng token và thứ tự suggestion không được dùng làm bằng chứng.",False,no_suitable_event,,,
grade_10:12138:img_11,10,12138,** Hình 11. ** Một đoạn của Vạn Lý Trường Thành,no_suitable_event,not_material,,,,,"Không có event nào trong tập event hiện có đủ quan hệ trực tiếp hoặc strong contextual với nội dung thật của ảnh. Điểm score, trùng token và thứ tự suggestion không được dùng làm bằng chứng.",False,no_suitable_event,,,
grade_10:12138:img_12,10,12138,** Hình 12. ** Tượng binh sĩ bằng đất nung trong lăng mộ Tần Thuỷ Hoàng (tỉnh Thiểm Tây),no_suitable_event,not_material,,,,,"Không có event nào trong tập event hiện có đủ quan hệ trực tiếp hoặc strong contextual với nội dung thật của ảnh. Điểm score, trùng token và thứ tự suggestion không được dùng làm bằng chứng.",False,no_suitable_event,,,
grade_10:12141:img_01,10,12141,** Hình 1. ** Bảo tàng Ô-lim-pic Nhật Bản,no_suitable_event,not_material,,,,,"Không có event nào trong tập event hiện có đủ quan hệ trực tiếp hoặc strong contextual với nội dung thật của ảnh. Điểm score, trùng token và thứ tự suggestion không được dùng làm bằng chứng.",False,no_suitable_event,,,
grade_10:12141:img_02,10,12141,** Hình 2. ** Tượng Ốc-ta-vi-út – người mở đầu thời kì đế chế La Mã (cuối thế kỉ I TCN),no_suitable_event,not_material,,,,,"Không có event nào trong tập event hiện có đủ quan hệ trực tiếp hoặc strong contextual với nội dung thật của ảnh. Điểm score, trùng token và thứ tự suggestion không được dùng làm bằng chứng.",False,no_suitable_event,,,
grade_10:12141:img_03,10,12141,** Hình 3. ** Bảng chữ số La Mã,no_suitable_event,not_material,,,,,"Không có event nào trong tập event hiện có đủ quan hệ trực tiếp hoặc strong contextual với nội dung thật của ảnh. Điểm score, trùng token và thứ tự suggestion không được dùng làm bằng chứng.",False,no_suitable_event,,,
grade_10:12141:img_04,10,12141,** Hình 4. ** Đền Pác-tê-nông xây dựng vào thế kỉV TCN trên đồi Ác-cô-pô-lit (A-ten),no_suitable_event,not_material,,,,,"Không có event nào trong tập event hiện có đủ quan hệ trực tiếp hoặc strong contextual với nội dung thật của ảnh. Điểm score, trùng token và thứ tự suggestion không được dùng làm bằng chứng.",False,no_suitable_event,,,
grade_10:12141:img_05,10,12141,** Hình 5. ** Tượng thần Vệ Nữ hiện được trưng bày tại Bảo tàng Lu-vơ-rơ (Pháp),no_suitable_event,not_material,,,,,"Không có event nào trong tập event hiện có đủ quan hệ trực tiếp hoặc strong contextual với nội dung thật của ảnh. Điểm score, trùng token và thứ tự suggestion không được dùng làm bằng chứng.",False,no_suitable_event,,,
grade_10:12141:img_06,10,12141,** Hình 6. ** Bình gốm Hy Lạp có trang trí hình vẽ một cảnh trong thần thoại,no_suitable_event,not_material,,,,,"Không có event nào trong tập event hiện có đủ quan hệ trực tiếp hoặc strong contextual với nội dung thật của ảnh. Điểm score, trùng token và thứ tự suggestion không được dùng làm bằng chứng.",False,no_suitable_event,,,
grade_10:12141:img_07,10,12141,** Hình 7. ** Tượng Pi-ta-go và mô phỏng định lí do ông,no_suitable_event,not_material,,,,,"Không có event nào trong tập event hiện có đủ quan hệ trực tiếp hoặc strong contextual với nội dung thật của ảnh. Điểm score, trùng token và thứ tự suggestion không được dùng làm bằng chứng.",False,no_suitable_event,,,
grade_10:12141:img_08,10,12141,** Hình 8. ** Mô hình mô phỏng máy bắn đá của người Hy Lạp cổ đại phát minh ra được dựng trên đảo Xa-mốt (Hy Lạp),no_suitable_event,not_material,,,,,"Không có event nào trong tập event hiện có đủ quan hệ trực tiếp hoặc strong contextual với nội dung thật của ảnh. Điểm score, trùng token và thứ tự suggestion không được dùng làm bằng chứng.",False,no_suitable_event,,,
grade_10:12141:img_09,10,12141,** Hình 9. ** Tượng Đức Mẹ sau bi của Mi-ken-lăng-giơ,no_suitable_event,not_material,,,,,"Không có event nào trong tập event hiện có đủ quan hệ trực tiếp hoặc strong contextual với nội dung thật của ảnh. Điểm score, trùng token và thứ tự suggestion không được dùng làm bằng chứng.",False,no_suitable_event,,,
grade_10:12141:img_10,10,12141,"** Hình 10. ** Bức tranh Trường học A-ten của Ra-pha-en, trong đó có sự hiện diện của các học giả Hy Lạp cổ đại",no_suitable_event,not_material,,,,,"Không có event nào trong tập event hiện có đủ quan hệ trực tiếp hoặc strong contextual với nội dung thật của ảnh. Điểm score, trùng token và thứ tự suggestion không được dùng làm bằng chứng.",False,no_suitable_event,,,
grade_10:12141:img_11,10,12141,** Hình 11. ** Vương cung Thánh đường Thánh Phê-rô (I-ta-li-a),no_suitable_event,not_material,,,,,"Không có event nào trong tập event hiện có đủ quan hệ trực tiếp hoặc strong contextual với nội dung thật của ảnh. Điểm score, trùng token và thứ tự suggestion không được dùng làm bằng chứng.",False,no_suitable_event,,,
grade_10:12143:img_01,10,12143,** Hình 1. ** Máy bay đang cất cánh,no_suitable_event,not_material,,,,,"Không có event nào trong tập event hiện có đủ quan hệ trực tiếp hoặc strong contextual với nội dung thật của ảnh. Điểm score, trùng token và thứ tự suggestion không được dùng làm bằng chứng.",False,no_suitable_event,,,
grade_10:12143:img_02,10,12143,** Hình 2. ** Lược đồ các tài nguyên khoáng sản chính của nước Anh thế kỉ XVIII,no_suitable_event,not_material,,,,,"Không có event nào trong tập event hiện có đủ quan hệ trực tiếp hoặc strong contextual với nội dung thật của ảnh. Điểm score, trùng token và thứ tự suggestion không được dùng làm bằng chứng.",False,no_suitable_event,,,
grade_10:12143:img_03,10,12143,** Hình 3. ** Tàu buôn nô lệ của thực dân Anh ở Tây Phi (tranh vẽ),no_suitable_event,not_material,,,,,"Không có event nào trong tập event hiện có đủ quan hệ trực tiếp hoặc strong contextual với nội dung thật của ảnh. Điểm score, trùng token và thứ tự suggestion không được dùng làm bằng chứng.",False,no_suitable_event,,,
grade_10:12143:img_04,10,12143,** Hình 4. ** Hiện tượng “rào đất cướp ruộng để chăn nuôi cừu ở Anh (tranh vẽ),no_suitable_event,not_material,,,,,"Không có event nào trong tập event hiện có đủ quan hệ trực tiếp hoặc strong contextual với nội dung thật của ảnh. Điểm score, trùng token và thứ tự suggestion không được dùng làm bằng chứng.",False,no_suitable_event,,,
grade_10:12143:img_05,10,12143,,no_suitable_event,unknown,,,,,"Không có event nào trong tập event hiện có đủ quan hệ trực tiếp hoặc strong contextual với nội dung thật của ảnh. Điểm score, trùng token và thứ tự suggestion không được dùng làm bằng chứng.",False,no_suitable_event,,,
grade_10:12143:img_06,10,12143,,no_suitable_event,unknown,,,,,"Không có event nào trong tập event hiện có đủ quan hệ trực tiếp hoặc strong contextual với nội dung thật của ảnh. Điểm score, trùng token và thứ tự suggestion không được dùng làm bằng chứng.",False,no_suitable_event,,,
grade_10:12143:img_07,10,12143,"** Hình 12. ** Quá trình luyện thép theo phương pháp lò cao (Hen-ri Bê-sê-mo, 1856)",no_suitable_event,not_material,,,,,"Không có event nào trong tập event hiện có đủ quan hệ trực tiếp hoặc strong contextual với nội dung thật của ảnh. Điểm score, trùng token và thứ tự suggestion không được dùng làm bằng chứng.",False,no_suitable_event,,,
grade_10:12143:img_08,10,12143,"** Hình 13. ** Điện thoại (A-lếch-xan Gra-ham Beo, 1876)",no_suitable_event,not_material,,,,,"Không có event nào trong tập event hiện có đủ quan hệ trực tiếp hoặc strong contextual với nội dung thật của ảnh. Điểm score, trùng token và thứ tự suggestion không được dùng làm bằng chứng.",False,no_suitable_event,,,
grade_10:12143:img_09,10,12143,** Hình 14. ** Chân dung Tô-mát Ê-đi-xơn và phát minh của ông (1879) được in trên một con tem bưu chính ở I-ta-li-a,no_suitable_event,not_material,,,,,"Không có event nào trong tập event hiện có đủ quan hệ trực tiếp hoặc strong contextual với nội dung thật của ảnh. Điểm score, trùng token và thứ tự suggestion không được dùng làm bằng chứng.",False,no_suitable_event,,,
grade_10:12143:img_10,10,12143,"** Hình 15. ** Máy vô tuyến điện (Gu-li-ê-li-nô Mác-cô-ni, 1897)",no_suitable_event,not_material,,,,,"Không có event nào trong tập event hiện có đủ quan hệ trực tiếp hoặc strong contextual với nội dung thật của ảnh. Điểm score, trùng token và thứ tự suggestion không được dùng làm bằng chứng.",False,no_suitable_event,,,
grade_10:12143:img_11,10,12143,"** Hình 16. ** Xe hơi Mô-đen T (Công ti Pho Mô-tô, 1908)",no_suitable_event,not_material,,,,,"Không có event nào trong tập event hiện có đủ quan hệ trực tiếp hoặc strong contextual với nội dung thật của ảnh. Điểm score, trùng token và thứ tự suggestion không được dùng làm bằng chứng.",False,no_suitable_event,,,
grade_10:12143:img_12,10,12143,** Hình 17. ** Máy bay của anh em nhà Rai thực hiện chuyến bay thử nghiệm (1903),no_suitable_event,not_material,,,,,"Không có event nào trong tập event hiện có đủ quan hệ trực tiếp hoặc strong contextual với nội dung thật của ảnh. Điểm score, trùng token và thứ tự suggestion không được dùng làm bằng chứng.",False,no_suitable_event,,,
grade_10:12143:img_13,10,12143,"** Hình 18. ** Đường sắt nối hai thành phố Li-vơ-pun và Man-chét-xtơ của Anh (1831, tranh vẽ)",no_suitable_event,not_material,,,,,"Không có event nào trong tập event hiện có đủ quan hệ trực tiếp hoặc strong contextual với nội dung thật của ảnh. Điểm score, trùng token và thứ tự suggestion không được dùng làm bằng chứng.",False,no_suitable_event,,,
grade_10:12143:img_14,10,12143,** Hình 19. ** Tàu chiến của Anh (1896),no_suitable_event,not_material,,,,,"Không có event nào trong tập event hiện có đủ quan hệ trực tiếp hoặc strong contextual với nội dung thật của ảnh. Điểm score, trùng token và thứ tự suggestion không được dùng làm bằng chứng.",False,no_suitable_event,,,
grade_10:12143:img_15,10,12143,** Hình 20. ** Phụ nữ làm việc tại nhà máy dệt ở Bô-xtơn – Mỹ (1910),no_suitable_event,not_material,,,,,"Không có event nào trong tập event hiện có đủ quan hệ trực tiếp hoặc strong contextual với nội dung thật của ảnh. Điểm score, trùng token và thứ tự suggestion không được dùng làm bằng chứng.",False,no_suitable_event,,,
grade_10:12145:img_01,10,12145,,approved,True,ro-bot-xophia-duoc-cap-quyen-cong-dan,Xô-phi-a được cấp quyền công dân,direct,high,"Ảnh trực tiếp là robot Sophia, khớp đúng sự kiện được cấp quyền công dân.",False,approved,ro-bot-xophia-duoc-cap-quyen-cong-dan,,
grade_10:12145:img_02,10,12145,** Hình 2. ** Tượng An-be Anh-xtanh ở Bảo tàng I-xtan-bun (Thổ Nhĩ Kỳ),no_suitable_event,not_material,,,,,"Không có event nào trong tập event hiện có đủ quan hệ trực tiếp hoặc strong contextual với nội dung thật của ảnh. Điểm score, trùng token và thứ tự suggestion không được dùng làm bằng chứng.",True,approved,ro-bot-xophia-duoc-cap-quyen-cong-dan,,
grade_10:12145:img_03,10,12145,"** Hình 5. ** Máy tính Mắc-xin-tốt – máy tính đầu tiên của hãng Áp-pổ (do Stip Giúp giới thiệu, 1984)",no_suitable_event,not_material,,,,,"Không có event nào trong tập event hiện có đủ quan hệ trực tiếp hoặc strong contextual với nội dung thật của ảnh. Điểm score, trùng token và thứ tự suggestion không được dùng làm bằng chứng.",False,no_suitable_event,,,
grade_10:12145:img_04,10,12145,** Hình 6. ** Con tem có hình ảnh Tim Béc-nơ và phát minh Mạng lưới toàn cầu (World Wide Web) của ông (1990),no_suitable_event,not_material,,,,,"Không có event nào trong tập event hiện có đủ quan hệ trực tiếp hoặc strong contextual với nội dung thật của ảnh. Điểm score, trùng token và thứ tự suggestion không được dùng làm bằng chứng.",False,no_suitable_event,,,
grade_10:12145:img_05,10,12145,** Hình 7. ** Kết nối các thiết bị qua mạng không dây (wifi) – phát minh của một nhóm các nhà khoa học và công nghệ do Giôn Su-li-van đứng đầu và được cấp bằng sáng chế (1996),no_suitable_event,not_material,,,,,"Không có event nào trong tập event hiện có đủ quan hệ trực tiếp hoặc strong contextual với nội dung thật của ảnh. Điểm score, trùng token và thứ tự suggestion không được dùng làm bằng chứng.",False,no_suitable_event,,,
grade_10:12145:img_06,10,12145,"** Hình 8. ** Các cánh tay rô-bốt đang làm việc trong dây chuyển sản xuất, lắp ráp ô tô",no_suitable_event,not_material,,,,,"Không có event nào trong tập event hiện có đủ quan hệ trực tiếp hoặc strong contextual với nội dung thật của ảnh. Điểm score, trùng token và thứ tự suggestion không được dùng làm bằng chứng.",False,no_suitable_event,,,
grade_10:12145:img_07,10,12145,** Hình ** ** 9. ** Rô-bốt ASIMO do công tỉ Hon-đã chế tạo (2000),no_suitable_event,not_material,,,,,"Không có event nào trong tập event hiện có đủ quan hệ trực tiếp hoặc strong contextual với nội dung thật của ảnh. Điểm score, trùng token và thứ tự suggestion không được dùng làm bằng chứng.",False,no_suitable_event,,,
grade_10:12145:img_08,10,12145,** Hình 10. ** Vệ tinh nhân tạo Xpút-ních 1 do Liên Xô phóng lên quỹ đạo (1957),no_suitable_event,not_material,,,,,"Không có event nào trong tập event hiện có đủ quan hệ trực tiếp hoặc strong contextual với nội dung thật của ảnh. Điểm score, trùng token và thứ tự suggestion không được dùng làm bằng chứng.",False,no_suitable_event,,,
grade_10:12145:img_09,10,12145,** Hình 11. ** Nhà du hành không gian Neo Am-strong (Mỹ) – người đầu tiên đặt chân lên Mặt Trăng (1969),no_suitable_event,not_material,,,,,"Không có event nào trong tập event hiện có đủ quan hệ trực tiếp hoặc strong contextual với nội dung thật của ảnh. Điểm score, trùng token và thứ tự suggestion không được dùng làm bằng chứng.",False,no_suitable_event,,,
grade_10:12145:img_10,10,12145,** Hình 12. ** “Kết nối vạn vật” thông qua internet,no_suitable_event,not_material,,,,,"Không có event nào trong tập event hiện có đủ quan hệ trực tiếp hoặc strong contextual với nội dung thật của ảnh. Điểm score, trùng token và thứ tự suggestion không được dùng làm bằng chứng.",False,no_suitable_event,,,
grade_10:12145:img_11,10,12145,** Hình 13. ** Rô-bốt có gắn “trí tuệ nhân tạo”,no_suitable_event,not_material,,,,,"Không có event nào trong tập event hiện có đủ quan hệ trực tiếp hoặc strong contextual với nội dung thật của ảnh. Điểm score, trùng token và thứ tự suggestion không được dùng làm bằng chứng.",False,no_suitable_event,,,
grade_10:12145:img_12,10,12145,** Hình 14. ** Một phần toà nhà ở Đu-bai (Các Tiểu vương quốc A-rập Thống nhất) được xây dựng bởi máy in 3D,no_suitable_event,not_material,,,,,"Không có event nào trong tập event hiện có đủ quan hệ trực tiếp hoặc strong contextual với nội dung thật của ảnh. Điểm score, trùng token và thứ tự suggestion không được dùng làm bằng chứng.",False,no_suitable_event,,,
grade_10:12146:img_01,10,12146,** Hình 1. ** Lược đồ Đông Nam Á ngày nay,no_suitable_event,not_material,,,,,"Không có event nào trong tập event hiện có đủ quan hệ trực tiếp hoặc strong contextual với nội dung thật của ảnh. Điểm score, trùng token và thứ tự suggestion không được dùng làm bằng chứng.",False,no_suitable_event,,,
grade_10:12146:img_02,10,12146,** Hình 2. ** Sông Mê Công – đoạn chảy qua tỉnh Nong Khai (Thái Lan),no_suitable_event,not_material,,,,,"Không có event nào trong tập event hiện có đủ quan hệ trực tiếp hoặc strong contextual với nội dung thật của ảnh. Điểm score, trùng token và thứ tự suggestion không được dùng làm bằng chứng.",False,no_suitable_event,,,
grade_10:12146:img_03,10,12146,** Hình 3. ** Nông dân cấy lúa trên cánh đồng ở Việt Nam,no_suitable_event,not_material,,,,,"Không có event nào trong tập event hiện có đủ quan hệ trực tiếp hoặc strong contextual với nội dung thật của ảnh. Điểm score, trùng token và thứ tự suggestion không được dùng làm bằng chứng.",False,no_suitable_event,,,
grade_10:12146:img_04,10,12146,** Hình 4. ** Nông dân cấy lúa trên cánh đồng ở Thái Lan,no_suitable_event,not_material,,,,,"Không có event nào trong tập event hiện có đủ quan hệ trực tiếp hoặc strong contextual với nội dung thật của ảnh. Điểm score, trùng token và thứ tự suggestion không được dùng làm bằng chứng.",False,no_suitable_event,,,
grade_10:12146:img_05,10,12146,"** Hình 5. ** Hoạ tiết hình thuyền trên trống đồng Đông Sơn (Việt Nam),  niên đại khoảng thế kỉ VII đến thế kỉ I TCN",approved,True,hinh-thanh-phat-trien-van-minh-van-lang-au-lac,Hình thành và phát triển văn minh Văn Lang – Âu Lạc,strong_contextual,high,Họa tiết thuyền trên trống đồng Đông Sơn là tư liệu tiêu biểu của văn minh Văn Lang – Âu Lạc.,True,no_suitable_event,,dong_son,
grade_10:12146:img_06,10,12146,** Hình 6. ** Sơ đồ các ngữ hệ và nhóm ngôn ngữ ở Đông Nam Á ngày nay,no_suitable_event,not_material,,,,,"Không có event nào trong tập event hiện có đủ quan hệ trực tiếp hoặc strong contextual với nội dung thật của ảnh. Điểm score, trùng token và thứ tự suggestion không được dùng làm bằng chứng.",False,no_suitable_event,,,
grade_10:12146:img_07,10,12146,** Hình 7. ** Một nghi thức trong lễ Phật đản tại chùa Vát Su-thát (Thái Lan),no_suitable_event,not_material,,,,,"Không có event nào trong tập event hiện có đủ quan hệ trực tiếp hoặc strong contextual với nội dung thật của ảnh. Điểm score, trùng token và thứ tự suggestion không được dùng làm bằng chứng.",False,no_suitable_event,,,
grade_10:12146:img_08,10,12146,** Hình 8. ** Bia Vô Cạnh – bia chữ Phạn cổ nhất Đông Nam Á (thế kỉ III — IV) được tìm thấy ở Việt Nam,approved,True,hinh-thanh-phat-trien-van-minh-cham-pa,Hình thành và phát triển văn minh Chăm-pa,strong_contextual,high,"Bia Võ Cạnh là tư liệu chữ Phạn sớm ở Việt Nam, gắn với bối cảnh hình thành văn minh Chăm-pa.",True,no_suitable_event,,champa,
grade_10:12146:img_09,10,12146,** Hình 9. ** Khu đền thờ Pram-ba-nan – công trình kiến trúc Hin-đu giáo nổi tiếng ở In-đô-nê-xi-a (thế kỉ VIII),no_suitable_event,not_material,,,,,"Không có event nào trong tập event hiện có đủ quan hệ trực tiếp hoặc strong contextual với nội dung thật của ảnh. Điểm score, trùng token và thứ tự suggestion không được dùng làm bằng chứng.",False,no_suitable_event,,,
grade_10:12146:img_10,10,12146,** Hình 10. ** Khuê Văn Các trong Văn Miếu – Quốc Tử Giám Hà Nội (Việt Nam),approved,True,nha-ly-xay-dung-van-mieu | ly-thanh-tong-dung-van-mieu,Nhà Lý xây dựng Văn Miếu | Vua Lý Thánh Tông cho dựng Văn Miếu thờ Khổng Tử,strong_contextual | strong_contextual,high | high,"Khuê Văn Các nằm trong quần thể Văn Miếu – Quốc Tử Giám, phù hợp minh họa sự kiện xây dựng Văn Miếu; không phải công trình nguyên gốc thời Lý.",True,approved,nha-ly-xay-dung-van-mieu,,
grade_10:12146:img_11,10,12146,** Hình 11. ** Đền Cheng Hun Teng ở Ma-lắc-ca (Ma-lai-xi-a),no_suitable_event,not_material,,,,,"Không có event nào trong tập event hiện có đủ quan hệ trực tiếp hoặc strong contextual với nội dung thật của ảnh. Điểm score, trùng token và thứ tự suggestion không được dùng làm bằng chứng.",False,no_suitable_event,,,
grade_10:12146:img_12,10,12146,,no_suitable_event,unknown,,,,,"Không có event nào trong tập event hiện có đủ quan hệ trực tiếp hoặc strong contextual với nội dung thật của ảnh. Điểm score, trùng token và thứ tự suggestion không được dùng làm bằng chứng.",False,no_suitable_event,,,
grade_10:12147:img_01,10,12147,** Hình 1. ** Đền Bô-rô-bu-đua (In-đô-nê-xi-a),no_suitable_event,not_material,,,,,"Không có event nào trong tập event hiện có đủ quan hệ trực tiếp hoặc strong contextual với nội dung thật của ảnh. Điểm score, trùng token và thứ tự suggestion không được dùng làm bằng chứng.",False,no_suitable_event,,,
grade_10:12147:img_02,10,12147,** Hình 2. ** Sơ đồ quá trình hình thành và phát triển của văn minh Đông Nam Á,no_suitable_event,not_material,,,,,"Không có event nào trong tập event hiện có đủ quan hệ trực tiếp hoặc strong contextual với nội dung thật của ảnh. Điểm score, trùng token và thứ tự suggestion không được dùng làm bằng chứng.",False,no_suitable_event,,,
grade_10:12147:img_03,10,12147,** Hình 4. ** Tượng Phật ở chùa Ki-a-pun ở Ba-gô (Mi-an-ma),no_suitable_event,not_material,,,,,"Không có event nào trong tập event hiện có đủ quan hệ trực tiếp hoặc strong contextual với nội dung thật của ảnh. Điểm score, trùng token và thứ tự suggestion không được dùng làm bằng chứng.",False,no_suitable_event,,,
grade_10:12147:img_04,10,12147,** Hình 5. ** Nhà thờ Hồi giáo Bai-tu-ra-man (In-đô-nê-xi-a),no_suitable_event,not_material,,,,,"Không có event nào trong tập event hiện có đủ quan hệ trực tiếp hoặc strong contextual với nội dung thật của ảnh. Điểm score, trùng token và thứ tự suggestion không được dùng làm bằng chứng.",False,no_suitable_event,,,
grade_10:12147:img_05,10,12147,** Hình 6. ** Nhà thờ Ba-si-li-ca đờ Xan Mác-tin đờ Tua ở Ba-tan-gát (Phi-líp-pin),no_suitable_event,not_material,,,,,"Không có event nào trong tập event hiện có đủ quan hệ trực tiếp hoặc strong contextual với nội dung thật của ảnh. Điểm score, trùng token và thứ tự suggestion không được dùng làm bằng chứng.",False,no_suitable_event,,,
grade_10:12147:img_06,10,12147,"** Hình 7. ** Bia khắc chữ Khơ-me cổ Phra Chon Bu-ri (Thái Lan) Trên cơ sở chữ viết riêng, cư dân các nước Đông Nam Á đã tạo dựng một nền văn học viết đa dạng với nhiều tác phẩm xuất sắc còn được lưu giữ đến ngày nay, như * Truyện Kiều * (Việt Nam), * Riêm Kê * (Cam-pu-chia), * Ra-ma-kiên * (Thái Lan).",no_suitable_event,not_material,,,,,"Không có event nào trong tập event hiện có đủ quan hệ trực tiếp hoặc strong contextual với nội dung thật của ảnh. Điểm score, trùng token và thứ tự suggestion không được dùng làm bằng chứng.",False,no_suitable_event,,,
grade_10:12147:img_07,10,12147,** Hình 8. ** Đền Ăng-co Vát (Cam-pu-chia),no_suitable_event,not_material,,,,,"Không có event nào trong tập event hiện có đủ quan hệ trực tiếp hoặc strong contextual với nội dung thật của ảnh. Điểm score, trùng token và thứ tự suggestion không được dùng làm bằng chứng.",False,no_suitable_event,,,
grade_10:12147:img_08,10,12147,** Hình 9. ** Tháp Thạt Luổng (Lào),no_suitable_event,not_material,,,,,"Không có event nào trong tập event hiện có đủ quan hệ trực tiếp hoặc strong contextual với nội dung thật của ảnh. Điểm score, trùng token và thứ tự suggestion không được dùng làm bằng chứng.",False,no_suitable_event,,,
grade_10:12147:img_09,10,12147,** Hình 10. ** Hoa văn trên thạp đồng Đào Xá thuộc văn hoá Đông Sơn (Việt Nam),approved,True,hinh-thanh-phat-trien-van-minh-van-lang-au-lac,Hình thành và phát triển văn minh Văn Lang – Âu Lạc,strong_contextual,high,Hoa văn trên thạp đồng Đông Sơn là tư liệu tiêu biểu của văn minh Văn Lang – Âu Lạc.,True,no_suitable_event,,,
grade_10:12147:img_10,10,12147,** Hình 11. ** Hoa văn trên đồ gốm ở Bản Chiềng (Thái Lan),no_suitable_event,not_material,,,,,"Không có event nào trong tập event hiện có đủ quan hệ trực tiếp hoặc strong contextual với nội dung thật của ảnh. Điểm score, trùng token và thứ tự suggestion không được dùng làm bằng chứng.",False,no_suitable_event,,,
grade_10:12147:img_11,10,12147,"** Hình 12. ** Phù điêu trên đài thờ Mỹ Sơn, thế kỉ VII – VIII (Việt Nam)",approved,True,hinh-thanh-phat-trien-van-minh-cham-pa,Hình thành và phát triển văn minh Chăm-pa,strong_contextual,high,Phù điêu ở đền tháp Mỹ Sơn là di sản trực tiếp của vương quốc Chăm-pa.,True,no_suitable_event,,champa,
grade_10:12148:img_01,10,12148,,approved,True,hinh-thanh-phat-trien-van-minh-van-lang-au-lac,Hình thành và phát triển văn minh Văn Lang – Âu Lạc,strong_contextual,high,Hiện vật/không gian/họa tiết Đông Sơn – lưu vực sông Hồng là tư liệu tiêu biểu của văn minh Văn Lang – Âu Lạc.,True,no_suitable_event,,dong_son,
grade_10:12148:img_02,10,12148,** **,approved,True,hinh-thanh-phat-trien-van-minh-cham-pa,Hình thành và phát triển văn minh Chăm-pa,strong_contextual,high,Hiện vật Linga–Yoni là biểu tượng tôn giáo điển hình của văn minh Chăm-pa.,True,no_suitable_event,,champa,
grade_10:12148:img_03,10,12148,** **,approved,True,van-hoa-tien-oc-eo,Văn hoá tiền Óc Eo,strong_contextual,medium,Hiện vật gốm dạng vòi phù hợp nhóm hiện vật tiền Óc Eo trong mạch bài.,True,no_suitable_event,,,
grade_10:12148:img_04,10,12148,** Hình 2. ** Sông Hồng đoạn chảy qua địa phận thị xã Sơn Tây (Hà Nội) và huyện Vĩnh Tường (Vĩnh Phúc),approved,True,hinh-thanh-phat-trien-van-minh-van-lang-au-lac,Hình thành và phát triển văn minh Văn Lang – Âu Lạc,strong_contextual,high,Hiện vật/không gian/họa tiết Đông Sơn – lưu vực sông Hồng là tư liệu tiêu biểu của văn minh Văn Lang – Âu Lạc.,False,approved,hinh-thanh-phat-trien-van-minh-van-lang-au-lac,dong_son,
grade_10:12148:img_05,10,12148,** Hình 3. ** So đó tổ chức Nhà nước Văn Lang,approved,True,su-ra-doi-nha-nuoc-van-lang | hinh-thanh-phat-trien-van-minh-van-lang-au-lac,Nhà nước Văn Lang | Hình thành và phát triển văn minh Văn Lang – Âu Lạc,direct | direct,high | high,Sơ đồ trực tiếp mô tả tổ chức nhà nước Văn Lang.,True,approved,hinh-thanh-phat-trien-van-minh-van-lang-au-lac,dong_son,
grade_10:12148:img_06,10,12148,** Hình 4. ** Muôi đồng Việt Khê (Hải Phòng),approved,True,hinh-thanh-phat-trien-van-minh-van-lang-au-lac,Hình thành và phát triển văn minh Văn Lang – Âu Lạc,strong_contextual,high,Hiện vật/không gian/họa tiết Đông Sơn – lưu vực sông Hồng là tư liệu tiêu biểu của văn minh Văn Lang – Âu Lạc.,False,approved,hinh-thanh-phat-trien-van-minh-van-lang-au-lac,dong_son,
grade_10:12148:img_07,10,12148,** Hình 5. ** Lưỡi cày đồng Cổ Loa (Hà Nội),approved,True,su-ra-doi-nha-nuoc-au-lac | hinh-thanh-phat-trien-van-minh-van-lang-au-lac,Nhà nước Âu Lạc | Hình thành và phát triển văn minh Văn Lang – Âu Lạc,strong_contextual | strong_contextual,high | high,Lưỡi cày đồng Cổ Loa là hiện vật trực tiếp của không gian Âu Lạc và văn minh Việt cổ.,True,approved,hinh-thanh-phat-trien-van-minh-van-lang-au-lac,dong_son,
grade_10:12148:img_08,10,12148,** Hình 6. ** Trống đồng Ngọc Lũ (Hà Nam),approved,True,hinh-thanh-phat-trien-van-minh-van-lang-au-lac,Hình thành và phát triển văn minh Văn Lang – Âu Lạc,strong_contextual,high,Hiện vật/không gian/họa tiết Đông Sơn – lưu vực sông Hồng là tư liệu tiêu biểu của văn minh Văn Lang – Âu Lạc.,False,approved,hinh-thanh-phat-trien-van-minh-van-lang-au-lac,dong_son,
grade_10:12148:img_09,10,12148,** **,approved,True,hinh-thanh-phat-trien-van-minh-van-lang-au-lac,Hình thành và phát triển văn minh Văn Lang – Âu Lạc,strong_contextual,high,Hiện vật/không gian/họa tiết Đông Sơn – lưu vực sông Hồng là tư liệu tiêu biểu của văn minh Văn Lang – Âu Lạc.,True,no_suitable_event,,dong_son,
grade_10:12148:img_10,10,12148,** **,approved,True,hinh-thanh-phat-trien-van-minh-van-lang-au-lac,Hình thành và phát triển văn minh Văn Lang – Âu Lạc,strong_contextual,high,Hiện vật/không gian/họa tiết Đông Sơn – lưu vực sông Hồng là tư liệu tiêu biểu của văn minh Văn Lang – Âu Lạc.,True,no_suitable_event,,dong_son,
grade_10:12148:img_11,10,12148,** **,approved,True,hinh-thanh-phat-trien-van-minh-van-lang-au-lac,Hình thành và phát triển văn minh Văn Lang – Âu Lạc,strong_contextual,high,Hiện vật/không gian/họa tiết Đông Sơn – lưu vực sông Hồng là tư liệu tiêu biểu của văn minh Văn Lang – Âu Lạc.,True,no_suitable_event,,dong_son,
grade_10:12148:img_12,10,12148,** **,approved,True,hinh-thanh-phat-trien-van-minh-van-lang-au-lac,Hình thành và phát triển văn minh Văn Lang – Âu Lạc,strong_contextual,high,Hiện vật/không gian/họa tiết Đông Sơn – lưu vực sông Hồng là tư liệu tiêu biểu của văn minh Văn Lang – Âu Lạc.,True,no_suitable_event,,dong_son,
grade_10:12148:img_13,10,12148,** **,approved,True,van-hoa-sa-huynh,Văn hoá Sa Huỳnh,direct,high,Bộ hiện vật trang sức/đồ tùy táng đặc trưng cho văn hóa Sa Huỳnh.,True,no_suitable_event,,,
grade_10:12148:img_14,10,12148,** Hình 9. ** Vùng cửa sông Thu Bồn (Quảng Nam),approved,True,hinh-thanh-phat-trien-van-minh-cham-pa,Hình thành và phát triển văn minh Chăm-pa,strong_contextual,high,"Ảnh thể hiện không gian, nghi lễ, kiến trúc hoặc nghệ thuật trực tiếp thuộc văn minh Chăm-pa.",False,approved,hinh-thanh-phat-trien-van-minh-cham-pa,champa,
grade_10:12148:img_15,10,12148,** Hình 10. ** Lễ hội Ka-tê được người Chăm theo Hin-đu giáo tổ chức tại tháp Pô Sa Inư (Ninh Thuận),approved,True,hinh-thanh-phat-trien-van-minh-cham-pa,Hình thành và phát triển văn minh Chăm-pa,strong_contextual,high,"Ảnh thể hiện không gian, nghi lễ, kiến trúc hoặc nghệ thuật trực tiếp thuộc văn minh Chăm-pa.",False,approved,hinh-thanh-phat-trien-van-minh-cham-pa,champa,
grade_10:12148:img_16,10,12148,** Hình 11. ** Thánh địa Mỹ Sơn (Quảng Nam),approved,True,hinh-thanh-phat-trien-van-minh-cham-pa,Hình thành và phát triển văn minh Chăm-pa,strong_contextual,high,"Ảnh thể hiện không gian, nghi lễ, kiến trúc hoặc nghệ thuật trực tiếp thuộc văn minh Chăm-pa.",False,approved,hinh-thanh-phat-trien-van-minh-cham-pa,champa,
grade_10:12148:img_17,10,12148,** Hình 12. ** Tháp Bà Pô Na-ga ở Nha Trang (Khánh Hoà),approved,True,hinh-thanh-phat-trien-van-minh-cham-pa,Hình thành và phát triển văn minh Chăm-pa,strong_contextual,high,"Ảnh thể hiện không gian, nghi lễ, kiến trúc hoặc nghệ thuật trực tiếp thuộc văn minh Chăm-pa.",False,approved,hinh-thanh-phat-trien-van-minh-cham-pa,champa,
grade_10:12148:img_18,10,12148,** Hình 13. ** Tượng Phật Đồng Dương (Quảng Nam),approved,True,hinh-thanh-phat-trien-van-minh-cham-pa,Hình thành và phát triển văn minh Chăm-pa,strong_contextual,high,"Ảnh thể hiện không gian, nghi lễ, kiến trúc hoặc nghệ thuật trực tiếp thuộc văn minh Chăm-pa.",False,approved,hinh-thanh-phat-trien-van-minh-cham-pa,champa,
grade_10:12148:img_19,10,12148,** Hình 14. ** Phù điêu Krít-ma Go-va-ha-ra Khương Mỹ (Quảng Nam),approved,True,hinh-thanh-phat-trien-van-minh-cham-pa,Hình thành và phát triển văn minh Chăm-pa,strong_contextual,high,"Ảnh thể hiện không gian, nghi lễ, kiến trúc hoặc nghệ thuật trực tiếp thuộc văn minh Chăm-pa.",False,approved,hinh-thanh-phat-trien-van-minh-cham-pa,champa,
grade_10:12148:img_20,10,12148,** Hình 15. ** Nổi và cà ràng (bếp đun) bằng đất nung – một trong những hiện vật tiêu biểu của văn hoá tiền Óc Eo,approved,True,van-hoa-tien-oc-eo,Văn hoá tiền Óc Eo,direct,high,"Caption xác định đây là nồi vòi rồng, hiện vật tiêu biểu của văn hóa tiền Óc Eo.",False,approved,van-hoa-tien-oc-eo,,
grade_10:12148:img_21,10,12148,** Hình 16. ** Một số đồng tiền Óc Eo,approved,True,hinh-thanh-phat-trien-van-minh-phu-nam,Hình thành và phát triển văn minh Phù Nam,strong_contextual,high,"Tiền tệ, trang sức và tượng cổ thuộc hệ thống di vật Óc Eo – Phù Nam, minh họa trực tiếp văn minh Phù Nam.",True,approved,van-hoa-tien-oc-eo,,
grade_10:12148:img_22,10,12148,** Hình 17. ** Đồng tiền vàng La Mã được tìm thấy trong di chỉ Óc Eo,approved,True,hinh-thanh-phat-trien-van-minh-phu-nam,Hình thành và phát triển văn minh Phù Nam,strong_contextual,high,"Tiền tệ, trang sức và tượng cổ thuộc hệ thống di vật Óc Eo – Phù Nam, minh họa trực tiếp văn minh Phù Nam.",False,approved,hinh-thanh-phat-trien-van-minh-phu-nam,,
grade_10:12148:img_23,10,12148,** Hình 18. ** Một số đồ trang sức của cư dân Phù Nam,approved,True,hinh-thanh-phat-trien-van-minh-phu-nam,Hình thành và phát triển văn minh Phù Nam,strong_contextual,high,"Tiền tệ, trang sức và tượng cổ thuộc hệ thống di vật Óc Eo – Phù Nam, minh họa trực tiếp văn minh Phù Nam.",False,approved,hinh-thanh-phat-trien-van-minh-phu-nam,,
grade_10:12148:img_24,10,12148,** **,approved,True,hinh-thanh-phat-trien-van-minh-phu-nam,Hình thành và phát triển văn minh Phù Nam,strong_contextual,high,"Tiền tệ, trang sức và tượng cổ thuộc hệ thống di vật Óc Eo – Phù Nam, minh họa trực tiếp văn minh Phù Nam.",True,approved,hinh-thanh-phat-trien-van-minh-cham-pa,,
grade_10:12160:img_01,10,12160,** Hình 1. ** Sơ đồ tiến trình phát triển của văn minh Đại Việt,no_suitable_event,not_material,,,,,"Không có event nào trong tập event hiện có đủ quan hệ trực tiếp hoặc strong contextual với nội dung thật của ảnh. Điểm score, trùng token và thứ tự suggestion không được dùng làm bằng chứng.",False,no_suitable_event,,,
grade_10:12160:img_02,10,12160,** Hình 2. ** Sơ đồ tổ chức nhà nước thời Lê sơ,approved,True,cai-cach-le-thanh-tong | le-thanh-tong-dua-luc-bo-thanh-co-quan-quyen-luc | cai-to-hanh-chinh-dia-phuong-12-thua-tuyen,Cải cách Lê Thánh Tông | Lê Thánh Tông củng cố Lục bộ | Chia 12 thừa tuyên,direct | direct | direct,high | high | high,Sơ đồ tổ chức nhà nước Lê sơ phản ánh trực tiếp cơ cấu được củng cố trong cải cách Lê Thánh Tông.,True,approved,nha-le-so-thanh-lap,,
grade_10:12160:img_03,10,12160,** Hình 3. ** Trang bìa bản dịch hai bộ luật tiêu biểu của Việt Nam thời kì quân chủ,approved,True,ban-hanh-quoc-trieu-hinh-luat,Ban hành Luật Hồng Đức,direct,high,"Ảnh có bìa Quốc triều hình luật (Luật Hồng Đức), khớp trực tiếp sự kiện ban hành bộ luật.",True,no_suitable_event,,,
grade_10:12160:img_04,10,12160,** Hình 4. ** Tái hiện lễ Tịch điền tại Núi Đại (Hà Nam) năm 2010 (Người cầm cày là Chủ tịch nước Nguyễn Minh Triết),no_suitable_event,not_material,,,,,"Không có event nào trong tập event hiện có đủ quan hệ trực tiếp hoặc strong contextual với nội dung thật của ảnh. Điểm score, trùng token và thứ tự suggestion không được dùng làm bằng chứng.",False,no_suitable_event,,,
grade_10:12160:img_05,10,12160,,no_suitable_event,unknown,,,,,"Không có event nào trong tập event hiện có đủ quan hệ trực tiếp hoặc strong contextual với nội dung thật của ảnh. Điểm score, trùng token và thứ tự suggestion không được dùng làm bằng chứng.",True,approved,nha-le-so-thanh-lap,,
grade_10:12160:img_06,10,12160,** **,no_suitable_event,not_material,,,,,"Không có event nào trong tập event hiện có đủ quan hệ trực tiếp hoặc strong contextual với nội dung thật của ảnh. Điểm score, trùng token và thứ tự suggestion không được dùng làm bằng chứng.",True,approved,nha-le-so-thanh-lap,,
grade_10:12160:img_07,10,12160,** **,no_suitable_event,not_material,,,,,"Không có event nào trong tập event hiện có đủ quan hệ trực tiếp hoặc strong contextual với nội dung thật của ảnh. Điểm score, trùng token và thứ tự suggestion không được dùng làm bằng chứng.",True,approved,nha-le-so-thanh-lap,,
grade_10:12160:img_08,10,12160,** **,approved,True,nguoi-viet-che-tao-sung-than-co-thuyen-chien,Người Việt chế tạo được súng thần cơ và đóng thuyền chiến cỡ lớn,strong_contextual,high,"Ảnh là súng thần công cổ, minh họa trực tiếp thành tựu chế tạo súng thần cơ.",True,no_suitable_event,,,
grade_10:12160:img_09,10,12160,** Hình 6. ** Thạp gốm thời Lý,no_suitable_event,not_material,,,,,"Không có event nào trong tập event hiện có đủ quan hệ trực tiếp hoặc strong contextual với nội dung thật của ảnh. Điểm score, trùng token và thứ tự suggestion không được dùng làm bằng chứng.",False,no_suitable_event,,,
grade_10:12160:img_10,10,12160,"** Hình 7. ** Bộ cửa gỗ chạm rồng thời Trần ở chùa Phổ Minh (Mỹ Lộc, Nam Định)",no_suitable_event,not_material,,,,,"Không có event nào trong tập event hiện có đủ quan hệ trực tiếp hoặc strong contextual với nội dung thật của ảnh. Điểm score, trùng token và thứ tự suggestion không được dùng làm bằng chứng.",False,no_suitable_event,,,
grade_10:12160:img_11,10,12160,** Hình 8. ** Bức thư Phúc Nghĩa hầu gửi Quốc vương Nhật Bản đặt quan hệ bang giao năm 1591,approved,True,phuc-nghia-hau-gui-thu-nhat-ban,Phúc Nghĩa hầu gửi thư cho Quốc vương Nhật Bản,direct,high,Caption xác định trực tiếp bức thư Phúc Nghĩa hầu gửi Quốc vương Nhật Bản năm 1591.,True,no_suitable_event,,,
grade_10:12160:img_12,10,12160,"** Hình 9. ** Châu ấn trạng do Mạc phủ (Nhật Bản) cấp năm 1614, cho phép thuyền của nước này đến buôn bán với Đàng Trong",approved,True,thuong-mai-a-au-phat-trien-tai-dai-viet,"Thương mại Á – Âu phát triển, các công ti nước ngoài đến Đại Việt buôn bán",direct,high,Châu ấn trạng cho phép thuyền Nhật đến buôn bán với Đàng Trong là tư liệu trực tiếp về thương mại quốc tế ở Đại Việt.,False,approved,thuong-mai-a-au-phat-trien-tai-dai-viet,,
grade_10:12160:img_13,10,12160,** Hình 10. ** Đình Tây Đằng (Hà Nội),no_suitable_event,not_material,,,,,"Không có event nào trong tập event hiện có đủ quan hệ trực tiếp hoặc strong contextual với nội dung thật của ảnh. Điểm score, trùng token và thứ tự suggestion không được dùng làm bằng chứng.",False,no_suitable_event,,,
grade_10:12160:img_14,10,12160,** Hình 11. ** Tháp Phổ Minh thời Trần (Nam Định),no_suitable_event,not_material,,,,,"Không có event nào trong tập event hiện có đủ quan hệ trực tiếp hoặc strong contextual với nội dung thật của ảnh. Điểm score, trùng token và thứ tự suggestion không được dùng làm bằng chứng.",False,no_suitable_event,,,
grade_10:12160:img_15,10,12160,** Hình 12. ** Tháp chuông chùa Keo thời Lê trung hưng (Thái Bình),no_suitable_event,not_material,,,,,"Không có event nào trong tập event hiện có đủ quan hệ trực tiếp hoặc strong contextual với nội dung thật của ảnh. Điểm score, trùng token và thứ tự suggestion không được dùng làm bằng chứng.",False,no_suitable_event,,,
grade_10:12160:img_16,10,12160,** Hình 13. ** Bia Tiến sĩ ở Văn Miếu – Quốc Tử Giám (Hà Nội),approved,True,le-thanh-tong-dung-bia-tien-si-van-mieu,Vua Lê Thánh Tông cho dựng bia đá ở Văn Miếu khắc tên Tiến sĩ,direct,high,Ảnh trực tiếp là hệ thống bia Tiến sĩ ở Văn Miếu.,False,approved,le-thanh-tong-dung-bia-tien-si-van-mieu,,
grade_10:12160:img_17,10,12160,** Hình 14. ** Chùa Trấn Quốc thời Lê trung hưng (Hà Nội),no_suitable_event,not_material,,,,,"Không có event nào trong tập event hiện có đủ quan hệ trực tiếp hoặc strong contextual với nội dung thật của ảnh. Điểm score, trùng token và thứ tự suggestion không được dùng làm bằng chứng.",False,no_suitable_event,,,
grade_10:12160:img_18,10,12160,** Hình 15. ** Tượng Phật Bà Quan Âm thời Lê trung hưng ở chùa Bút Tháp (Bắc Ninh),no_suitable_event,not_material,,,,,"Không có event nào trong tập event hiện có đủ quan hệ trực tiếp hoặc strong contextual với nội dung thật của ảnh. Điểm score, trùng token và thứ tự suggestion không được dùng làm bằng chứng.",False,no_suitable_event,,,
grade_10:12160:img_19,10,12160,** Hình 16. ** Dàn nhạc công được chạm khắc trên chân tảng đá chùa Phật Tích thời Lý (Bắc Ninh),no_suitable_event,not_material,,,,,"Không có event nào trong tập event hiện có đủ quan hệ trực tiếp hoặc strong contextual với nội dung thật của ảnh. Điểm score, trùng token và thứ tự suggestion không được dùng làm bằng chứng.",True,deferred,,,
grade_10:12162:img_01,10,12162,** Hình 1. ** Đoàn đại biểu đại diện cộng đồng các dân tộc Việt Nam trong một lễ kỉ niệm của đất nước,no_suitable_event,not_material,,,,,"Không có event nào trong tập event hiện có đủ quan hệ trực tiếp hoặc strong contextual với nội dung thật của ảnh. Điểm score, trùng token và thứ tự suggestion không được dùng làm bằng chứng.",False,no_suitable_event,,,
grade_10:12162:img_02,10,12162,** Hình 2. ** Sơ đồ thành phần dân tộc theo ngữ hệ ở Việt Nam,no_suitable_event,not_material,,,,,"Không có event nào trong tập event hiện có đủ quan hệ trực tiếp hoặc strong contextual với nội dung thật của ảnh. Điểm score, trùng token và thứ tự suggestion không được dùng làm bằng chứng.",False,no_suitable_event,,,
grade_10:12162:img_03,10,12162,** Hình 3. ** Thu hoạch lúa nước của người Kinh: thủ công và cơ giới,no_suitable_event,not_material,,,,,"Không có event nào trong tập event hiện có đủ quan hệ trực tiếp hoặc strong contextual với nội dung thật của ảnh. Điểm score, trùng token và thứ tự suggestion không được dùng làm bằng chứng.",False,no_suitable_event,,,
grade_10:12162:img_04,10,12162,** Hình 4. ** Ruộng bậc thang của người Mông ở Mù Cang Chải (Yên Bái),no_suitable_event,not_material,,,,,"Không có event nào trong tập event hiện có đủ quan hệ trực tiếp hoặc strong contextual với nội dung thật của ảnh. Điểm score, trùng token và thứ tự suggestion không được dùng làm bằng chứng.",False,no_suitable_event,,,
grade_10:12162:img_05,10,12162,** Hình 5. ** Một công đoạn trong quy trình sản xuất gốm của làng nghề Chu Đậu (Hải Dương),approved,True,phe-duyet-chien-luoc-phat-trien-cong-nghiep-van-hoa-viet-nam,Phê duyệt Chiến lược CNVH Việt Nam,strong_contextual,medium,"Làng nghề gốm Chu Đậu minh họa trực tiếp hoạt động thủ công mỹ nghệ. Đây là ảnh minh họa lĩnh vực, không phải ảnh của lễ phê duyệt.",True,no_suitable_event,,cultural_industry,
grade_10:12162:img_06,10,12162,Hình 6. Nghề rèn của người Nùng ở Cao Bằng,no_suitable_event,not_material,,,,,"Không có event nào trong tập event hiện có đủ quan hệ trực tiếp hoặc strong contextual với nội dung thật của ảnh. Điểm score, trùng token và thứ tự suggestion không được dùng làm bằng chứng.",False,no_suitable_event,,,
grade_10:12162:img_07,10,12162,,no_suitable_event,unknown,,,,,"Không có event nào trong tập event hiện có đủ quan hệ trực tiếp hoặc strong contextual với nội dung thật của ảnh. Điểm score, trùng token và thứ tự suggestion không được dùng làm bằng chứng.",False,no_suitable_event,,,
grade_10:12162:img_08,10,12162,** Hình 8. ** Nhà ở tại vùng nông thôn ở Nam Định,no_suitable_event,not_material,,,,,"Không có event nào trong tập event hiện có đủ quan hệ trực tiếp hoặc strong contextual với nội dung thật của ảnh. Điểm score, trùng token và thứ tự suggestion không được dùng làm bằng chứng.",False,no_suitable_event,,,
grade_10:12162:img_09,10,12162,** Hình 9. ** Một khu chung cư cao tầng ở Thành phố Hồ Chí Minh,no_suitable_event,not_material,,,,,"Không có event nào trong tập event hiện có đủ quan hệ trực tiếp hoặc strong contextual với nội dung thật của ảnh. Điểm score, trùng token và thứ tự suggestion không được dùng làm bằng chứng.",True,approved,giai-doan-day-manh-cong-nghiep-hoa-hien-dai-hoa-hoi-nhap-kinh-te-quoc-te-1996-2006,,
grade_10:12162:img_10,10,12162,,no_suitable_event,unknown,,,,,"Không có event nào trong tập event hiện có đủ quan hệ trực tiếp hoặc strong contextual với nội dung thật của ảnh. Điểm score, trùng token và thứ tự suggestion không được dùng làm bằng chứng.",False,no_suitable_event,,,
grade_10:12162:img_11,10,12162,** Hình 11. ** Nhà trình tưởng của người Hà Nhì (Lào Cai),no_suitable_event,not_material,,,,,"Không có event nào trong tập event hiện có đủ quan hệ trực tiếp hoặc strong contextual với nội dung thật của ảnh. Điểm score, trùng token và thứ tự suggestion không được dùng làm bằng chứng.",False,no_suitable_event,,,
grade_10:12162:img_12,10,12162,** Hình 12. ** Nhà sàn của người Bru – Vân Kiều (Quảng Trị),no_suitable_event,not_material,,,,,"Không có event nào trong tập event hiện có đủ quan hệ trực tiếp hoặc strong contextual với nội dung thật của ảnh. Điểm score, trùng token và thứ tự suggestion không được dùng làm bằng chứng.",False,no_suitable_event,,,
grade_10:12162:img_13,10,12162,** Hình 13. ** Phụ nữ dân tộc Cơ-tu (Quảng Nam) sử dụng gùi để vận chuyển đồ đạc,no_suitable_event,not_material,,,,,"Không có event nào trong tập event hiện có đủ quan hệ trực tiếp hoặc strong contextual với nội dung thật của ảnh. Điểm score, trùng token và thứ tự suggestion không được dùng làm bằng chứng.",False,no_suitable_event,,,
grade_10:12162:img_14,10,12162,** Hình 14. ** Ban thờ tổ tiên của người Kinh (Bảo tàng Dân tộc học Việt Nam),no_suitable_event,not_material,,,,,"Không có event nào trong tập event hiện có đủ quan hệ trực tiếp hoặc strong contextual với nội dung thật của ảnh. Điểm score, trùng token và thứ tự suggestion không được dùng làm bằng chứng.",False,no_suitable_event,,,
grade_10:12162:img_15,10,12162,** Hình 15. ** Lễ cầu nguyện của người Chăm theo Hồi giáo ở Thánh đường Mát Dít Khay Ri Ất (An Giang),no_suitable_event,not_material,,,,,"Không có event nào trong tập event hiện có đủ quan hệ trực tiếp hoặc strong contextual với nội dung thật của ảnh. Điểm score, trùng token và thứ tự suggestion không được dùng làm bằng chứng.",True,deferred,,,
grade_10:12162:img_16,10,12162,** Hình 16. ** Lễ hội Đền Hùng (Phú Thọ),approved,True,su-ra-doi-nha-nuoc-van-lang | hinh-thanh-khoi-dai-doan-ket-van-lang-au-lac,Nhà nước Văn Lang | Sự hình thành khối đại đoàn kết dân tộc thời Văn Lang – Âu Lạc,strong_contextual | strong_contextual,high | high,Lễ hội Đền Hùng gắn trực tiếp với truyền thống các Vua Hùng và ký ức cộng đồng về Văn Lang.,True,deferred,,hung_kings,
grade_10:12162:img_17,10,12162,** Hình 17. ** Một nghi thức trong Lễ thổi tai của người Ba Na (Kon Tum),no_suitable_event,not_material,,,,,"Không có event nào trong tập event hiện có đủ quan hệ trực tiếp hoặc strong contextual với nội dung thật của ảnh. Điểm score, trùng token và thứ tự suggestion không được dùng làm bằng chứng.",True,deferred,,,
grade_10:12162:img_18,10,12162,"** Hình 18. ** Trình diễn cồng chiêng, trống và múa của người Cơ-tu (Quảng Nam)",approved,True,phe-duyet-chien-luoc-phat-trien-cong-nghiep-van-hoa-viet-nam,Phê duyệt Chiến lược CNVH Việt Nam,strong_contextual,medium,"Trình diễn cồng chiêng, trống và múa là hoạt động nghệ thuật biểu diễn. Đây là ảnh minh họa lĩnh vực, không phải ảnh của lễ phê duyệt.",True,deferred,,cultural_industry,
grade_10:12162:img_19,10,12162,,no_suitable_event,unknown,,,,,"Không có event nào trong tập event hiện có đủ quan hệ trực tiếp hoặc strong contextual với nội dung thật của ảnh. Điểm score, trùng token và thứ tự suggestion không được dùng làm bằng chứng.",False,no_suitable_event,,,
grade_10:12162:img_20,10,12162,,no_suitable_event,unknown,,,,,"Không có event nào trong tập event hiện có đủ quan hệ trực tiếp hoặc strong contextual với nội dung thật của ảnh. Điểm score, trùng token và thứ tự suggestion không được dùng làm bằng chứng.",False,no_suitable_event,,,
grade_10:12162:img_21,10,12162,,no_suitable_event,unknown,,,,,"Không có event nào trong tập event hiện có đủ quan hệ trực tiếp hoặc strong contextual với nội dung thật của ảnh. Điểm score, trùng token và thứ tự suggestion không được dùng làm bằng chứng.",False,no_suitable_event,,,
grade_10:12169:img_01,10,12169,** Hình 1. ** Nhân dân Thành phố Sài Gòn mít tinh chào mừng Uỷ ban Quân quản thành phố ra mắt ngày 7 – 5 – 1975,approved,True,mit-tinh-chao-mung-uy-ban-quan-quan-sai-gon-1975,Mít tinh chào mừng Uỷ ban Quân quản Sài Gòn,direct,high,Caption và ảnh trực tiếp mô tả cuộc mít tinh chào mừng Uỷ ban Quân quản Sài Gòn ngày 7-5-1975.,False,approved,mit-tinh-chao-mung-uy-ban-quan-quan-sai-gon-1975,,
grade_10:12169:img_02,10,12169,** Hình 2. ** Nhân dân các dân tộc chung tay ủng hộ các tỉnh miền Trung bị thiệt hại sau cơn bão số 9 (tháng 10 – 2020),approved,True,nhan-dan-ung-ho-mien-trung-bao-so-9-2020,Ủng hộ miền Trung bão số 9,direct,high,Caption và ảnh trực tiếp mô tả hoạt động ủng hộ miền Trung sau bão số 9 năm 2020.,False,approved,nhan-dan-ung-ho-mien-trung-bao-so-9-2020,,
grade_10:12169:img_03,10,12169,"** Hình 3. ** Lễ khai mạc Ngày hội văn hoá, Thể thao và Du lịch các dân tộc vùng Đông Bắc lần thứ X (2018)",approved,True,phe-duyet-chien-luoc-phat-trien-cong-nghiep-van-hoa-viet-nam,Phê duyệt Chiến lược CNVH Việt Nam,strong_contextual,medium,"Ngày hội văn hóa, thể thao và du lịch các dân tộc là hoạt động minh họa rõ cho lĩnh vực văn hóa và du lịch văn hóa.",True,deferred,,cultural_industry,
grade_10:12169:img_04,10,12169,** Hình 4. ** Mô hình phát triển các vùng trồng chè của dân tộc Sán Chay (Thái Nguyên),no_suitable_event,not_material,,,,,"Không có event nào trong tập event hiện có đủ quan hệ trực tiếp hoặc strong contextual với nội dung thật của ảnh. Điểm score, trùng token và thứ tự suggestion không được dùng làm bằng chứng.",True,deferred,,,
grade_10:12169:img_05,10,12169,** Hình 5. ** Trường Phổ thông Dân tộc nội trú Trung học cơ sở và Trung học phổ thông Tiểu Cần (Trà Vinh),no_suitable_event,not_material,,,,,"Không có event nào trong tập event hiện có đủ quan hệ trực tiếp hoặc strong contextual với nội dung thật của ảnh. Điểm score, trùng token và thứ tự suggestion không được dùng làm bằng chứng.",True,deferred,,,
grade_11:12335:img_01,11,12335,Hình 1. Lễ duyệt binh kỉ niệm ngày Quốc khánh của Pháp trên đại lộ Cham đờ Mác (Pa-ri) năm 2015,no_suitable_event,not_material,,,,,"Không có event nào trong tập event hiện có đủ quan hệ trực tiếp hoặc strong contextual với nội dung thật của ảnh. Điểm score, trùng token và thứ tự suggestion không được dùng làm bằng chứng.",True,deferred,,,
grade_11:12335:img_02,11,12335,Hình 2. Tình cảnh người nông dân Pháp trước cách mạng,no_suitable_event,not_material,,,,,"Không có event nào trong tập event hiện có đủ quan hệ trực tiếp hoặc strong contextual với nội dung thật của ảnh. Điểm score, trùng token và thứ tự suggestion không được dùng làm bằng chứng.",True,deferred,,,
grade_11:12335:img_03,11,12335,Hình 3. Sơ đồ thể hiện các hình thức của cách mạng tư sản,no_suitable_event,not_material,,,,,"Không có event nào trong tập event hiện có đủ quan hệ trực tiếp hoặc strong contextual với nội dung thật của ảnh. Điểm score, trùng token và thứ tự suggestion không được dùng làm bằng chứng.",True,deferred,,,
grade_11:12335:img_04,11,12335,Hình 4. Cuộc tấn công pháo đài Ba-xti ngày 14-7-1789 trong Cách mạng tư sản Pháp,no_suitable_event,not_material,,,,,"Không có event nào trong tập event hiện có đủ quan hệ trực tiếp hoặc strong contextual với nội dung thật của ảnh. Điểm score, trùng token và thứ tự suggestion không được dùng làm bằng chứng.",True,deferred,,,
grade_11:12336:img_01,11,12336,Hình 1. Sơ đó sự xác lập của chủ nghĩa tư bản ở châu Âu và Bắc Mỹ,no_suitable_event,not_material,,,,,"Không có event nào trong tập event hiện có đủ quan hệ trực tiếp hoặc strong contextual với nội dung thật của ảnh. Điểm score, trùng token và thứ tự suggestion không được dùng làm bằng chứng.",True,deferred,,,
grade_11:12336:img_02,11,12336,Hình 2. Đoàn tàu hoả đầu tiên (khánh thành năm 1825) – thành tựu tiêu biểu của cách mạng công nghiệp Anh,no_suitable_event,not_material,,,,,"Không có event nào trong tập event hiện có đủ quan hệ trực tiếp hoặc strong contextual với nội dung thật của ảnh. Điểm score, trùng token và thứ tự suggestion không được dùng làm bằng chứng.",True,deferred,,,
grade_11:12336:img_03,11,12336,Hình 3. Lễ tuyên bố thống nhất đế quốc Đức tại Cung điện Véc-xai (Pháp) tháng 1-1871,no_suitable_event,not_material,,,,,"Không có event nào trong tập event hiện có đủ quan hệ trực tiếp hoặc strong contextual với nội dung thật của ảnh. Điểm score, trùng token và thứ tự suggestion không được dùng làm bằng chứng.",False,no_suitable_event,,,
grade_11:12336:img_04,11,12336,,no_suitable_event,unknown,,,,,"Không có event nào trong tập event hiện có đủ quan hệ trực tiếp hoặc strong contextual với nội dung thật của ảnh. Điểm score, trùng token và thứ tự suggestion không được dùng làm bằng chứng.",False,no_suitable_event,,,
grade_11:12336:img_05,11,12336,,no_suitable_event,unknown,,,,,"Không có event nào trong tập event hiện có đủ quan hệ trực tiếp hoặc strong contextual với nội dung thật của ảnh. Điểm score, trùng token và thứ tự suggestion không được dùng làm bằng chứng.",False,no_suitable_event,,,
grade_11:12336:img_06,11,12336,Hình 6. Một con phố ở Nhật Bản cuối thế kỉ XIX,no_suitable_event,not_material,,,,,"Không có event nào trong tập event hiện có đủ quan hệ trực tiếp hoặc strong contextual với nội dung thật của ảnh. Điểm score, trùng token và thứ tự suggestion không được dùng làm bằng chứng.",False,no_suitable_event,,,
grade_11:12336:img_07,11,12336,Hình 7. Lược đồ các nước đế quốc và thuộc địa đầu thế kỉ XX,no_suitable_event,not_material,,,,,"Không có event nào trong tập event hiện có đủ quan hệ trực tiếp hoặc strong contextual với nội dung thật của ảnh. Điểm score, trùng token và thứ tự suggestion không được dùng làm bằng chứng.",False,no_suitable_event,,,
grade_11:12336:img_08,11,12336,Hình 8. Một công ti độc quyền ở Mỹ được mô tả như một con bạch tuộc trong một bộ phim hoạt hình (1904),no_suitable_event,not_material,,,,,"Không có event nào trong tập event hiện có đủ quan hệ trực tiếp hoặc strong contextual với nội dung thật của ảnh. Điểm score, trùng token và thứ tự suggestion không được dùng làm bằng chứng.",False,no_suitable_event,,,
grade_11:12336:img_09,11,12336,,no_suitable_event,unknown,,,,,"Không có event nào trong tập event hiện có đủ quan hệ trực tiếp hoặc strong contextual với nội dung thật của ảnh. Điểm score, trùng token và thứ tự suggestion không được dùng làm bằng chứng.",False,no_suitable_event,,,
grade_11:12336:img_10,11,12336,Hình 10. Biểu tình chống biến đổi khí hậu tại Anh (2019),no_suitable_event,not_material,,,,,"Không có event nào trong tập event hiện có đủ quan hệ trực tiếp hoặc strong contextual với nội dung thật của ảnh. Điểm score, trùng token và thứ tự suggestion không được dùng làm bằng chứng.",False,no_suitable_event,,,
grade_11:12336:img_11,11,12336,,no_suitable_event,unknown,,,,,"Không có event nào trong tập event hiện có đủ quan hệ trực tiếp hoặc strong contextual với nội dung thật của ảnh. Điểm score, trùng token và thứ tự suggestion không được dùng làm bằng chứng.",False,no_suitable_event,,,
grade_11:12336:img_12,11,12336,,no_suitable_event,unknown,,,,,"Không có event nào trong tập event hiện có đủ quan hệ trực tiếp hoặc strong contextual với nội dung thật của ảnh. Điểm score, trùng token và thứ tự suggestion không được dùng làm bằng chứng.",False,no_suitable_event,,,
grade_11:12336:img_13,11,12336,,no_suitable_event,unknown,,,,,"Không có event nào trong tập event hiện có đủ quan hệ trực tiếp hoặc strong contextual với nội dung thật của ảnh. Điểm score, trùng token và thứ tự suggestion không được dùng làm bằng chứng.",False,no_suitable_event,,,
grade_11:12336:img_14,11,12336,,no_suitable_event,unknown,,,,,"Không có event nào trong tập event hiện có đủ quan hệ trực tiếp hoặc strong contextual với nội dung thật của ảnh. Điểm score, trùng token và thứ tự suggestion không được dùng làm bằng chứng.",False,no_suitable_event,,,
grade_11:12336:img_15,11,12336,,no_suitable_event,unknown,,,,,"Không có event nào trong tập event hiện có đủ quan hệ trực tiếp hoặc strong contextual với nội dung thật của ảnh. Điểm score, trùng token và thứ tự suggestion không được dùng làm bằng chứng.",False,no_suitable_event,,,
grade_11:12336:img_16,11,12336,,no_suitable_event,unknown,,,,,"Không có event nào trong tập event hiện có đủ quan hệ trực tiếp hoặc strong contextual với nội dung thật của ảnh. Điểm score, trùng token và thứ tự suggestion không được dùng làm bằng chứng.",False,no_suitable_event,,,
grade_11:12336:img_17,11,12336,,no_suitable_event,unknown,,,,,"Không có event nào trong tập event hiện có đủ quan hệ trực tiếp hoặc strong contextual với nội dung thật của ảnh. Điểm score, trùng token và thứ tự suggestion không được dùng làm bằng chứng.",False,no_suitable_event,,,
grade_11:12336:img_18,11,12336,,no_suitable_event,unknown,,,,,"Không có event nào trong tập event hiện có đủ quan hệ trực tiếp hoặc strong contextual với nội dung thật của ảnh. Điểm score, trùng token và thứ tự suggestion không được dùng làm bằng chứng.",False,no_suitable_event,,,
grade_11:12336:img_19,11,12336,,no_suitable_event,unknown,,,,,"Không có event nào trong tập event hiện có đủ quan hệ trực tiếp hoặc strong contextual với nội dung thật của ảnh. Điểm score, trùng token và thứ tự suggestion không được dùng làm bằng chứng.",False,no_suitable_event,,,
grade_11:12336:img_20,11,12336,,no_suitable_event,unknown,,,,,"Không có event nào trong tập event hiện có đủ quan hệ trực tiếp hoặc strong contextual với nội dung thật của ảnh. Điểm score, trùng token và thứ tự suggestion không được dùng làm bằng chứng.",False,no_suitable_event,,,
grade_11:12336:img_21,11,12336,,no_suitable_event,unknown,,,,,"Không có event nào trong tập event hiện có đủ quan hệ trực tiếp hoặc strong contextual với nội dung thật của ảnh. Điểm score, trùng token và thứ tự suggestion không được dùng làm bằng chứng.",False,no_suitable_event,,,
grade_11:12336:img_22,11,12336,,no_suitable_event,unknown,,,,,"Không có event nào trong tập event hiện có đủ quan hệ trực tiếp hoặc strong contextual với nội dung thật của ảnh. Điểm score, trùng token và thứ tự suggestion không được dùng làm bằng chứng.",False,no_suitable_event,,,
grade_11:12336:img_23,11,12336,,no_suitable_event,unknown,,,,,"Không có event nào trong tập event hiện có đủ quan hệ trực tiếp hoặc strong contextual với nội dung thật của ảnh. Điểm score, trùng token và thứ tự suggestion không được dùng làm bằng chứng.",False,no_suitable_event,,,
grade_11:12336:img_24,11,12336,,no_suitable_event,unknown,,,,,"Không có event nào trong tập event hiện có đủ quan hệ trực tiếp hoặc strong contextual với nội dung thật của ảnh. Điểm score, trùng token và thứ tự suggestion không được dùng làm bằng chứng.",False,no_suitable_event,,,
grade_11:12337:img_01,11,12337,Hình 1. Cuộc mít tinh lớn tại Luân Đôn năm 1848 trong phong trào Hiến chương Anh,no_suitable_event,not_material,,,,,"Không có event nào trong tập event hiện có đủ quan hệ trực tiếp hoặc strong contextual với nội dung thật của ảnh. Điểm score, trùng token và thứ tự suggestion không được dùng làm bằng chứng.",False,no_suitable_event,,,
grade_11:12337:img_02,11,12337,Hình 3. Tượng C. Mác và Ph. Ăng-ghen ở Béc-lin (Đức),no_suitable_event,not_material,,,,,"Không có event nào trong tập event hiện có đủ quan hệ trực tiếp hoặc strong contextual với nội dung thật của ảnh. Điểm score, trùng token và thứ tự suggestion không được dùng làm bằng chứng.",False,no_suitable_event,,,
grade_11:12337:img_03,11,12337,"Hình 4. Trang bìa Tuyên ngôn của Đảng Cộng sản (bản tiếng Đức, xuất bản năm 1848)",no_suitable_event,not_material,,,,,"Không có event nào trong tập event hiện có đủ quan hệ trực tiếp hoặc strong contextual với nội dung thật của ảnh. Điểm score, trùng token và thứ tự suggestion không được dùng làm bằng chứng.",False,no_suitable_event,,,
grade_11:12337:img_04,11,12337,Hình 5. Lê-nin tuyên bố thành lập Chính quyền Xô viết,no_suitable_event,not_material,,,,,"Không có event nào trong tập event hiện có đủ quan hệ trực tiếp hoặc strong contextual với nội dung thật của ảnh. Điểm score, trùng token và thứ tự suggestion không được dùng làm bằng chứng.",False,no_suitable_event,,,
grade_11:12337:img_05,11,12337,Hình 6. Hội đồng Dân uỷ đầu tiên của nước Nga Xô viết,no_suitable_event,not_material,,,,,"Không có event nào trong tập event hiện có đủ quan hệ trực tiếp hoặc strong contextual với nội dung thật của ảnh. Điểm score, trùng token và thứ tự suggestion không được dùng làm bằng chứng.",False,no_suitable_event,,,
grade_11:12337:img_06,11,12337,Hình 7. Quốc huy đầu tiên của Liên Xô (năm 1923),no_suitable_event,not_material,,,,,"Không có event nào trong tập event hiện có đủ quan hệ trực tiếp hoặc strong contextual với nội dung thật của ảnh. Điểm score, trùng token và thứ tự suggestion không được dùng làm bằng chứng.",False,no_suitable_event,,,
grade_11:12337:img_07,11,12337,Hình 8. Tượng Liên minh công nông – biểu tượng của Nhà nước Xô viết ở ngoại ô Mát-xcơ-va (Nga) ngày nay,no_suitable_event,not_material,,,,,"Không có event nào trong tập event hiện có đủ quan hệ trực tiếp hoặc strong contextual với nội dung thật của ảnh. Điểm score, trùng token và thứ tự suggestion không được dùng làm bằng chứng.",False,no_suitable_event,,,
grade_11:12337:img_08,11,12337,,no_suitable_event,unknown,,,,,"Không có event nào trong tập event hiện có đủ quan hệ trực tiếp hoặc strong contextual với nội dung thật của ảnh. Điểm score, trùng token và thứ tự suggestion không được dùng làm bằng chứng.",False,no_suitable_event,,,
grade_11:12337:img_09,11,12337,,no_suitable_event,unknown,,,,,"Không có event nào trong tập event hiện có đủ quan hệ trực tiếp hoặc strong contextual với nội dung thật của ảnh. Điểm score, trùng token và thứ tự suggestion không được dùng làm bằng chứng.",False,no_suitable_event,,,
grade_11:12337:img_10,11,12337,,no_suitable_event,unknown,,,,,"Không có event nào trong tập event hiện có đủ quan hệ trực tiếp hoặc strong contextual với nội dung thật của ảnh. Điểm score, trùng token và thứ tự suggestion không được dùng làm bằng chứng.",False,no_suitable_event,,,
grade_11:12338:img_01,11,12338,Hình 1. Quốc huy của Cộng hoà Dân chủ Đức,no_suitable_event,not_material,,,,,"Không có event nào trong tập event hiện có đủ quan hệ trực tiếp hoặc strong contextual với nội dung thật của ảnh. Điểm score, trùng token và thứ tự suggestion không được dùng làm bằng chứng.",False,no_suitable_event,,,
grade_11:12338:img_02,11,12338,Hình 2. Sơ đồ khái quát sự phát triển của chủ nghĩa xã hội ở Đông Âu,no_suitable_event,not_material,,,,,"Không có event nào trong tập event hiện có đủ quan hệ trực tiếp hoặc strong contextual với nội dung thật của ảnh. Điểm score, trùng token và thứ tự suggestion không được dùng làm bằng chứng.",False,no_suitable_event,,,
grade_11:12338:img_03,11,12338,Hình 3. Mao Trạch Đông công bố thành lập nước Cộng hoà Nhân dân Trung Hoa,no_suitable_event,not_material,,,,,"Không có event nào trong tập event hiện có đủ quan hệ trực tiếp hoặc strong contextual với nội dung thật của ảnh. Điểm score, trùng token và thứ tự suggestion không được dùng làm bằng chứng.",False,no_suitable_event,,,
grade_11:12338:img_04,11,12338,Hình 4. Thủ đô La Ha-ba-na của Cu-ba ngày nay,no_suitable_event,not_material,,,,,"Không có event nào trong tập event hiện có đủ quan hệ trực tiếp hoặc strong contextual với nội dung thật của ảnh. Điểm score, trùng token và thứ tự suggestion không được dùng làm bằng chứng.",False,no_suitable_event,,,
grade_11:12338:img_05,11,12338,Hình 5. Lược đó hệ thống các nước xã hội chủ nghĩa đến những năm 80 của thế kỉ XX,no_suitable_event,not_material,,,,,"Không có event nào trong tập event hiện có đủ quan hệ trực tiếp hoặc strong contextual với nội dung thật của ảnh. Điểm score, trùng token và thứ tự suggestion không được dùng làm bằng chứng.",False,no_suitable_event,,,
grade_11:12338:img_06,11,12338,Hình 6. Bức tường Béc-lin bị phá huỷ vào tháng 11 – 1989,no_suitable_event,not_material,,,,,"Không có event nào trong tập event hiện có đủ quan hệ trực tiếp hoặc strong contextual với nội dung thật của ảnh. Điểm score, trùng token và thứ tự suggestion không được dùng làm bằng chứng.",False,no_suitable_event,,,
grade_11:12338:img_07,11,12338,,approved,True,cong-cuoc-doi-moi-o-viet-nam | giai-doan-khoi-dau-cong-cuoc-doi-moi-1986-1995 | giai-doan-day-manh-cong-nghiep-hoa-hien-dai-hoa-hoi-nhap-kinh-te-quoc-te-1996-2006 | giai-doan-tiep-tuc-day-manh-cong-nghiep-hoa-hien-dai-hoa-hoi-nhap-quoc-te-sau-rong-2006-nay,Đổi mới Việt Nam | Đổi mới giai đoạn 1986-1995 | Đổi mới giai đoạn 1996-2006 | Đổi mới giai đoạn 2006-nay,direct | direct | direct | direct,high | high | high | high,Infographic '35 năm Đổi mới 1986–2021' bao quát toàn bộ công cuộc Đổi mới và cả ba giai đoạn trong dữ liệu.,True,no_suitable_event,,,
grade_11:12338:img_08,11,12338,,no_suitable_event,unknown,,,,,"Không có event nào trong tập event hiện có đủ quan hệ trực tiếp hoặc strong contextual với nội dung thật của ảnh. Điểm score, trùng token và thứ tự suggestion không được dùng làm bằng chứng.",False,no_suitable_event,,,
grade_11:12338:img_09,11,12338,,no_suitable_event,unknown,,,,,"Không có event nào trong tập event hiện có đủ quan hệ trực tiếp hoặc strong contextual với nội dung thật của ảnh. Điểm score, trùng token và thứ tự suggestion không được dùng làm bằng chứng.",False,no_suitable_event,,,
grade_11:12339:img_01,11,12339,,no_suitable_event,unknown,,,,,"Không có event nào trong tập event hiện có đủ quan hệ trực tiếp hoặc strong contextual với nội dung thật của ảnh. Điểm score, trùng token và thứ tự suggestion không được dùng làm bằng chứng.",True,deferred,,,
grade_11:12339:img_02,11,12339,Hình 2. Lược đồ các nước Đông Nam Á cuối thế kỉ XIX - đầu thế kỉ XX,no_suitable_event,not_material,,,,,"Không có event nào trong tập event hiện có đủ quan hệ trực tiếp hoặc strong contextual với nội dung thật của ảnh. Điểm score, trùng token và thứ tự suggestion không được dùng làm bằng chứng.",True,approved,phap-xam-chiem-dong-duong,,
grade_11:12339:img_03,11,12339,Hình 3. Tượng đài La-pu-la-pu ở đảo Mác-tan (Phi-líp-pin),no_suitable_event,not_material,,,,,"Không có event nào trong tập event hiện có đủ quan hệ trực tiếp hoặc strong contextual với nội dung thật của ảnh. Điểm score, trùng token và thứ tự suggestion không được dùng làm bằng chứng.",False,no_suitable_event,,,
grade_11:12339:img_04,11,12339,Hình 4. Hải quân Anh tiến vào hải cảng ở Y-an-gun (Miến Điện) tháng 5 - 1824 (tranh vẽ),no_suitable_event,not_material,,,,,"Không có event nào trong tập event hiện có đủ quan hệ trực tiếp hoặc strong contextual với nội dung thật của ảnh. Điểm score, trùng token và thứ tự suggestion không được dùng làm bằng chứng.",False,no_suitable_event,,,
grade_11:12339:img_05,11,12339,Hình 5. Liên quân Pháp – Tây Ban Nha tấn công Đà Nẵng (Việt Nam) ngày 1-9-1858 (tranh vẽ),approved,True,thuc-dan-phap-no-sung-tan-cong-da-nang | phap-tan-cong-da-nang-1858,Pháp-TBN tấn công Đà Nẵng | Pháp tấn công Đà Nẵng,direct | direct,high | high,Ảnh trực tiếp mô tả liên quân Pháp–Tây Ban Nha tấn công Đà Nẵng ngày 1-9-1858.,True,approved,thuc-dan-phap-no-sung-tan-cong-da-nang,,
grade_11:12339:img_06,11,12339,Hình 6. Tình cảnh người dân In-đô-nê-xi-a dưới ách thống trị của thực dân Hà Lan (tranh vẽ),no_suitable_event,not_material,,,,,"Không có event nào trong tập event hiện có đủ quan hệ trực tiếp hoặc strong contextual với nội dung thật của ảnh. Điểm score, trùng token và thứ tự suggestion không được dùng làm bằng chứng.",False,no_suitable_event,,,
grade_11:12339:img_07,11,12339,Hình 7. Trang bìa tác phẩm Bản án chế độ thực dân Pháp,approved,True,hoat-dong-doi-ngoai-nguyen-ai-quoc-1911-1930,Hoạt động đối ngoại của Nguyễn Ái Quốc,strong_contextual,medium,Bản án chế độ thực dân Pháp là tác phẩm tiêu biểu trong hoạt động quốc tế và tuyên truyền chống thực dân của Nguyễn Ái Quốc.,True,approved,phap-xam-chiem-dong-duong,,
grade_11:12339:img_08,11,12339,Hình 8. Vua Chu-la-long-kon (Ra-ma V),no_suitable_event,not_material,,,,,"Không có event nào trong tập event hiện có đủ quan hệ trực tiếp hoặc strong contextual với nội dung thật của ảnh. Điểm score, trùng token và thứ tự suggestion không được dùng làm bằng chứng.",True,deferred,,,
grade_11:12339:img_09,11,12339,Hình 9. Trường Đại học Chu-la-long-kon (Thái Lan),no_suitable_event,not_material,,,,,"Không có event nào trong tập event hiện có đủ quan hệ trực tiếp hoặc strong contextual với nội dung thật của ảnh. Điểm score, trùng token và thứ tự suggestion không được dùng làm bằng chứng.",True,deferred,,,
grade_11:12339:img_10,11,12339,,no_suitable_event,unknown,,,,,"Không có event nào trong tập event hiện có đủ quan hệ trực tiếp hoặc strong contextual với nội dung thật của ảnh. Điểm score, trùng token và thứ tự suggestion không được dùng làm bằng chứng.",False,no_suitable_event,,,
grade_11:12339:img_11,11,12339,,no_suitable_event,unknown,,,,,"Không có event nào trong tập event hiện có đủ quan hệ trực tiếp hoặc strong contextual với nội dung thật của ảnh. Điểm score, trùng token và thứ tự suggestion không được dùng làm bằng chứng.",False,no_suitable_event,,,
grade_11:12339:img_12,11,12339,,no_suitable_event,unknown,,,,,"Không có event nào trong tập event hiện có đủ quan hệ trực tiếp hoặc strong contextual với nội dung thật của ảnh. Điểm score, trùng token và thứ tự suggestion không được dùng làm bằng chứng.",False,no_suitable_event,,,
grade_11:12339:img_13,11,12339,,no_suitable_event,unknown,,,,,"Không có event nào trong tập event hiện có đủ quan hệ trực tiếp hoặc strong contextual với nội dung thật của ảnh. Điểm score, trùng token và thứ tự suggestion không được dùng làm bằng chứng.",False,no_suitable_event,,,
grade_11:12339:img_14,11,12339,,no_suitable_event,unknown,,,,,"Không có event nào trong tập event hiện có đủ quan hệ trực tiếp hoặc strong contextual với nội dung thật của ảnh. Điểm score, trùng token và thứ tự suggestion không được dùng làm bằng chứng.",False,no_suitable_event,,,
grade_11:12339:img_15,11,12339,,no_suitable_event,unknown,,,,,"Không có event nào trong tập event hiện có đủ quan hệ trực tiếp hoặc strong contextual với nội dung thật của ảnh. Điểm score, trùng token và thứ tự suggestion không được dùng làm bằng chứng.",False,no_suitable_event,,,
grade_11:12339:img_16,11,12339,,no_suitable_event,unknown,,,,,"Không có event nào trong tập event hiện có đủ quan hệ trực tiếp hoặc strong contextual với nội dung thật của ảnh. Điểm score, trùng token và thứ tự suggestion không được dùng làm bằng chứng.",False,no_suitable_event,,,
grade_11:12340:img_01,11,12340,Hình 1. Quốc kì các quốc gia Đông Nam Á hiện nay,no_suitable_event,not_material,,,,,"Không có event nào trong tập event hiện có đủ quan hệ trực tiếp hoặc strong contextual với nội dung thật của ảnh. Điểm score, trùng token và thứ tự suggestion không được dùng làm bằng chứng.",True,deferred,,,
grade_11:12340:img_02,11,12340,Hình 2. Sự thất bại của cuộc khởi nghĩa do hoàng tử Đi-pô-nê-gô-rô lãnh đạo trước thực dân Hà Lan (tranh vẽ),no_suitable_event,not_material,,,,,"Không có event nào trong tập event hiện có đủ quan hệ trực tiếp hoặc strong contextual với nội dung thật của ảnh. Điểm score, trùng token và thứ tự suggestion không được dùng làm bằng chứng.",True,deferred,,,
grade_11:12340:img_03,11,12340,,approved,True,giai-doan-xuat-hien-xu-huong-moi-trong-phong-trao-dau-tranh-o-dong-nam-a | giai-doan-hoan-thanh-cuoc-dau-tranh-gianh-doc-lap-dan-toc-o-dong-nam-a,Giai đoạn Xuất hiện xu hướng mới trong phong trào đấu tranh ở Đông Nam Á | Giai đoạn Hoàn thành cuộc đấu tranh giành độc lập dân tộc ở Đông Nam Á,direct | direct,high | high,Sơ đồ trực tiếp khái quát các giai đoạn đấu tranh giành độc lập ở Đông Nam Á.,True,,,,
grade_11:12340:img_04,11,12340,Hình 4. Quân giải phóng nhân dân Lào tiến vào Viêng Chăn năm 1975,approved,True,giai-doan-hoan-thanh-cuoc-dau-tranh-gianh-doc-lap-dan-toc-o-dong-nam-a,Giai đoạn Hoàn thành cuộc đấu tranh giành độc lập dân tộc ở Đông Nam Á,direct,high,Ảnh trực tiếp thuộc quá trình các nước Đông Nam Á hoàn thành đấu tranh giành độc lập sau 1945.,True,,,,
grade_11:12340:img_05,11,12340,"Hình 5. Hội nghị ""bàn tròn” ở La Hay",approved,True,giai-doan-hoan-thanh-cuoc-dau-tranh-gianh-doc-lap-dan-toc-o-dong-nam-a,Giai đoạn Hoàn thành cuộc đấu tranh giành độc lập dân tộc ở Đông Nam Á,direct,high,Ảnh trực tiếp thuộc quá trình các nước Đông Nam Á hoàn thành đấu tranh giành độc lập sau 1945.,True,,,,
grade_11:12340:img_06,11,12340,"Hình 6. Tun-ku Áp-đun Ra-man, lãnh tụ phong trào độc lập dân tộc, tuyên bố về nền độc lập của Liên bang Mã Lai tại sân vận động Me-de-ca",approved,True,giai-doan-hoan-thanh-cuoc-dau-tranh-gianh-doc-lap-dan-toc-o-dong-nam-a,Giai đoạn Hoàn thành cuộc đấu tranh giành độc lập dân tộc ở Đông Nam Á,direct,high,Ảnh trực tiếp thuộc quá trình các nước Đông Nam Á hoàn thành đấu tranh giành độc lập sau 1945.,True,,,,
grade_11:12340:img_07,11,12340,"Hình 7. Xin-ga-po, một điển hình thành công của chiến lược công nghiệp hoá hướng về xuất khẩu ở Đông Nam Á",no_suitable_event,not_material,,,,,"Không có event nào trong tập event hiện có đủ quan hệ trực tiếp hoặc strong contextual với nội dung thật của ảnh. Điểm score, trùng token và thứ tự suggestion không được dùng làm bằng chứng.",True,,,,
grade_11:12370:img_01,11,12370,Hình 1. Lược đó khu vực Đông Nam Á,no_suitable_event,not_material,,,,,"Không có event nào trong tập event hiện có đủ quan hệ trực tiếp hoặc strong contextual với nội dung thật của ảnh. Điểm score, trùng token và thứ tự suggestion không được dùng làm bằng chứng.",True,,,,
grade_11:12370:img_02,11,12370,Hình 2. Bạch Đằng dậy sóng (mô hình trưng bày tại Bảo tàng Lịch sử quốc gia Việt Nam),approved,True,khang-chien-chong-quan-nguyen-1287-1288,Kháng chiến chống quân Nguyên (lần 3),strong_contextual,high,Mô hình Bạch Đằng dậy sóng minh họa trực tiếp trận Bạch Đằng trong kháng chiến chống Nguyên lần ba.,True,,,,
grade_11:12370:img_03,11,12370,Hình 3. Di tích gò Đống Đa (Hà Nội),approved,True,khang-chien-chong-quan-thanh-1789,"Trận Ngọc Hồi, Chiêu Thống chạy",strong_contextual,high,Di tích gò Đống Đa gắn trực tiếp chiến thắng quân Thanh năm 1789.,True,,,,
grade_11:12370:img_04,11,12370,Hình 4. Đền Cuông (Nghệ An) thờ An Dương Vương,approved,True,su-ra-doi-nha-nuoc-au-lac | khang-chien-chong-quan-trieu-an-duong-vuong,Nhà nước Âu Lạc | Kháng chiến chống quân Triệu của An Dương Vương,strong_contextual | strong_contextual,high | high,"Đền Cuông thờ An Dương Vương, phù hợp minh họa nhà nước Âu Lạc và cuộc kháng chiến chống quân Triệu.",True,,,,
grade_11:12370:img_05,11,12370,,no_suitable_event,unknown,,,,,"Không có event nào trong tập event hiện có đủ quan hệ trực tiếp hoặc strong contextual với nội dung thật của ảnh. Điểm score, trùng token và thứ tự suggestion không được dùng làm bằng chứng.",True,,,,
grade_11:12370:img_06,11,12370,,no_suitable_event,unknown,,,,,"Không có event nào trong tập event hiện có đủ quan hệ trực tiếp hoặc strong contextual với nội dung thật của ảnh. Điểm score, trùng token và thứ tự suggestion không được dùng làm bằng chứng.",True,,,,
grade_11:12372:img_01,11,12372,Hình 1. Sơ đồ diễn biến chính của khởi nghĩa Lam Sơn,approved,True,khoi-nghia-lam-son,Khởi nghĩa Lam Sơn,direct,high,Sơ đồ/lược đồ trực tiếp thể hiện diễn biến khởi nghĩa Lam Sơn.,True,,,,
grade_11:12372:img_02,11,12372,Hình 2. Lược đó khởi nghĩa Lam Sơn (1418-1427),approved,True,khoi-nghia-lam-son,Khởi nghĩa Lam Sơn,direct,high,Sơ đồ/lược đồ trực tiếp thể hiện diễn biến khởi nghĩa Lam Sơn.,True,,,,
grade_11:12372:img_03,11,12372,Hình 3. Khu di tích Lam Kinh (Thanh Hoá) được nhà Lê xây dựng sau thắng lợi của khởi nghĩa Lam Sơn,approved,True,khoi-nghia-lam-son | nha-le-so-thanh-lap,Khởi nghĩa Lam Sơn | Nhà Lê sơ được thành lập,strong_contextual | strong_contextual,high | high,Khu di tích Lam Kinh được xây dựng sau thắng lợi khởi nghĩa Lam Sơn và gắn với triều Lê sơ.,True,,,,
grade_11:12372:img_04,11,12372,Hình 4. Lược đồ phong trào Tây Sơn,approved,True,phong-trao-tay-son | khang-chien-chong-quan-xiem-1784-1785 | khang-chien-chong-quan-thanh-1789,"Phong trào Tây Sơn | Kháng chiến chống quân Xiêm | Trận Ngọc Hồi, Chiêu Thống chạy",direct | direct | direct,high | high | high,"Lược đồ phong trào Tây Sơn bao quát trực tiếp phong trào và hai cuộc kháng chiến chống Xiêm, Thanh.",True,,,,
grade_11:12372:img_05,11,12372,Hình 5. Tượng Quang Trung ở Bảo tàng Quang Trung (Bình Định),approved,True,phong-trao-tay-son | khang-chien-chong-quan-thanh-1789,"Phong trào Tây Sơn | Trận Ngọc Hồi, Chiêu Thống chạy",strong_contextual | strong_contextual,high | high,Tượng Quang Trung là hình ảnh biểu tượng trực tiếp của phong trào Tây Sơn và chiến thắng quân Thanh.,True,,,,
grade_11:12373:img_01,11,12373,Hình 1. Cổng một ngôi làng ở Vĩnh Phúc,no_suitable_event,not_material,,,,,"Không có event nào trong tập event hiện có đủ quan hệ trực tiếp hoặc strong contextual với nội dung thật của ảnh. Điểm score, trùng token và thứ tự suggestion không được dùng làm bằng chứng.",True,,,,
grade_11:12373:img_02,11,12373,Hình 2. Các loại hình làng xã Việt Nam,no_suitable_event,not_material,,,,,"Không có event nào trong tập event hiện có đủ quan hệ trực tiếp hoặc strong contextual với nội dung thật của ảnh. Điểm score, trùng token và thứ tự suggestion không được dùng làm bằng chứng.",True,,,,
grade_11:12373:img_03,11,12373,Hình 3. Một khung cảnh ở làng miền Tây Nam Bộ,no_suitable_event,not_material,,,,,"Không có event nào trong tập event hiện có đủ quan hệ trực tiếp hoặc strong contextual với nội dung thật của ảnh. Điểm score, trùng token và thứ tự suggestion không được dùng làm bằng chứng.",True,,,,
grade_11:12373:img_04,11,12373,Hình 4. Sơ đồ sự phát triển của làng xã Việt Nam qua các thời kì lịch sử,approved,True,lang-xa-hinh-thanh-thoi-van-lang-au-lac | nha-duong-dat-don-vi-huong-xa-thoi-bac-thuoc | ho-khuc-to-chuc-lai-lang-xa-the-ki-x | nha-nuoc-can-thiep-manh-lang-xa-thoi-le-so | nha-nuoc-pho-mac-lang-xa-thoi-le-trung-hung | nha-nuoc-can-thiep-manh-lang-xa-thoi-nguyen | lang-xa-viet-nam-bien-doi-sau-1945,Làng xã thời Văn Lang - Âu Lạc | Hương và xã thời Bắc thuộc | Họ Khúc tổ chức làng xã | Can thiệp làng xã thời Lê sơ | Làng xã thời Lê trung hưng | Can thiệp làng xã thời Nguyễn | Làng xã Việt Nam sau 1945,direct | direct | direct | direct | direct | direct | direct,high | high | high | high | high | high | high,"Sơ đồ trực tiếp tổng hợp sự phát triển của làng xã Việt Nam qua nhiều thời kì, nên cần gắn nhiều event.",True,,,,
grade_11:12380:img_01,11,12380,"Hình 1. Tái hiện Lễ tịch điền ở Đọi Sơn, Hà Nam (2019)",no_suitable_event,not_material,,,,,"Không có event nào trong tập event hiện có đủ quan hệ trực tiếp hoặc strong contextual với nội dung thật của ảnh. Điểm score, trùng token và thứ tự suggestion không được dùng làm bằng chứng.",True,,,,
grade_11:12380:img_02,11,12380,Hình 2. Nghề làm gốm Bát Tràng (Hà Nội),no_suitable_event,not_material,,,,,"Không có event nào trong tập event hiện có đủ quan hệ trực tiếp hoặc strong contextual với nội dung thật của ảnh. Điểm score, trùng token và thứ tự suggestion không được dùng làm bằng chứng.",True,,,,
grade_11:12380:img_03,11,12380,Hình 3. Làng nghề nón lá Phú Gia (Bình Định),no_suitable_event,not_material,,,,,"Không có event nào trong tập event hiện có đủ quan hệ trực tiếp hoặc strong contextual với nội dung thật của ảnh. Điểm score, trùng token và thứ tự suggestion không được dùng làm bằng chứng.",True,,,,
grade_11:12380:img_04,11,12380,"Hình 4. Chợ nổi Phong Điền, Cần Thơ",no_suitable_event,not_material,,,,,"Không có event nào trong tập event hiện có đủ quan hệ trực tiếp hoặc strong contextual với nội dung thật của ảnh. Điểm score, trùng token và thứ tự suggestion không được dùng làm bằng chứng.",True,,,,
grade_11:12380:img_05,11,12380,"Hình 5. Chợ Phiên ở Mèo Vạc, Hà Giang",no_suitable_event,not_material,,,,,"Không có event nào trong tập event hiện có đủ quan hệ trực tiếp hoặc strong contextual với nội dung thật của ảnh. Điểm score, trùng token và thứ tự suggestion không được dùng làm bằng chứng.",True,,,,
grade_11:12382:img_01,11,12382,,no_suitable_event,unknown,,,,,"Không có event nào trong tập event hiện có đủ quan hệ trực tiếp hoặc strong contextual với nội dung thật của ảnh. Điểm score, trùng token và thứ tự suggestion không được dùng làm bằng chứng.",True,,,,
grade_11:12382:img_02,11,12382,Hình 2. Trầu cau dùng trong nghi lễ cưới hỏi của người Việt,no_suitable_event,not_material,,,,,"Không có event nào trong tập event hiện có đủ quan hệ trực tiếp hoặc strong contextual với nội dung thật của ảnh. Điểm score, trùng token và thứ tự suggestion không được dùng làm bằng chứng.",True,,,,
grade_11:12382:img_03,11,12382,Hình 3. Tranh minh hoạ lễ vấn danh (lễ hỏi tên),no_suitable_event,not_material,,,,,"Không có event nào trong tập event hiện có đủ quan hệ trực tiếp hoặc strong contextual với nội dung thật của ảnh. Điểm score, trùng token và thứ tự suggestion không được dùng làm bằng chứng.",True,,,,
grade_11:12382:img_04,11,12382,Hình 4. Biểu diễn hát Quan họ tại lễ hội đình làng Thổ Hà (Bắc Giang),approved,True,phe-duyet-chien-luoc-phat-trien-cong-nghiep-van-hoa-viet-nam,Phê duyệt Chiến lược CNVH Việt Nam,strong_contextual,medium,Biểu diễn Quan họ trong lễ hội là hoạt động nghệ thuật biểu diễn và di sản văn hóa. Ảnh chỉ minh họa lĩnh vực của chiến lược.,True,,,cultural_industry,
grade_11:12382:img_05,11,12382,Hình 5. Lễ rước kiệu trong lễ hội Ngư ông (Bến Tre),approved,True,phe-duyet-chien-luoc-phat-trien-cong-nghiep-van-hoa-viet-nam,Phê duyệt Chiến lược CNVH Việt Nam,strong_contextual,medium,"Lễ hội Ngư ông là hoạt động văn hóa, lễ hội và du lịch văn hóa. Ảnh chỉ minh họa lĩnh vực của chiến lược.",True,,,cultural_industry,
grade_11:12382:img_06,11,12382,,no_suitable_event,unknown,,,,,"Không có event nào trong tập event hiện có đủ quan hệ trực tiếp hoặc strong contextual với nội dung thật của ảnh. Điểm score, trùng token và thứ tự suggestion không được dùng làm bằng chứng.",True,,,,
grade_11:12387:img_01,11,12387,,approved,True,cai-cach-ho-quy-ly-trieu-ho | phat-hanh-tien-giay-thong-bao-hoi-sao | ban-hanh-chinh-sach-han-dien | ho-quy-ly-doi-do-thanh-hoa | ban-hanh-chinh-sach-han-no | ho-quy-ly-lap-trieu-ho,Cải cách Hồ Quý Ly | Tiền giấy Thông bảo hội sao | Chính sách hạn điền | Hồ Quý Ly dời đô | Chính sách hạn nô | Hồ Quý Ly lập triều Hồ,direct | direct | direct | direct | direct | direct,high | high | high | high | high | high,Sơ đồ thời gian trực tiếp tổng hợp các mốc chính của cải cách Hồ Quý Ly và triều Hồ.,True,,,,
grade_11:12390:img_01,11,12390,Hình 1. Chân dung vua Lê Thánh Tông (1442-1497),approved,True,cai-cach-le-thanh-tong,Cải cách Lê Thánh Tông,strong_contextual,high,Chân dung Lê Thánh Tông là ảnh đại diện trực tiếp cho cuộc cải cách do ông tiến hành.,True,,,,
grade_11:12390:img_02,11,12390,Hình 2. Sơ đồ tổ chức nhà nước dưới thời Lê Thánh Tông,approved,True,cai-cach-le-thanh-tong | le-thanh-tong-dua-luc-bo-thanh-co-quan-quyen-luc | cai-to-hanh-chinh-dia-phuong-12-thua-tuyen,Cải cách Lê Thánh Tông | Lê Thánh Tông củng cố Lục bộ | Chia 12 thừa tuyên,direct | direct | direct,high | high | high,Sơ đồ tổ chức nhà nước dưới thời Lê Thánh Tông phản ánh trực tiếp các nội dung cải cách hành chính.,True,,,,
grade_11:12393:img_01,11,12393,Hình 1. Chân dung vua Minh Mạng (1791-1841),approved,True,cuoc-cai-cach-cua-minh-mang | minh-mang-len-ngoi-vua,Cải cách Minh Mạng | Minh Mạng lên ngôi vua,strong_contextual | strong_contextual,high | high,Chân dung Minh Mạng là ảnh đại diện trực tiếp cho cuộc cải cách và triều đại của ông.,True,,,,
grade_11:12393:img_02,11,12393,,approved,True,cuoc-cai-cach-cua-minh-mang | doi-thi-thu-vien-thanh-van-thu-phong | lap-noi-cac-thay-the-van-thu-phong | xoa-bo-bac-thanh-chia-thanh-18-tinh | xoa-bo-gia-dinh-thanh-chia-thanh-12-tinh | lap-co-mat-vien,"Cải cách Minh Mạng | Đổi Thị thư viện thành Văn thư phòng | Lập Nội các thay thế Văn thư phòng | Xoá bỏ Bắc Thành, chia thành 18 tỉnh | Xoá bỏ Gia Định Thành, chia thành 12 tỉnh | Lập Cơ mật viện",direct | direct | direct | direct | direct | direct,high | high | high | high | high | high,Sơ đồ tổ chức hành chính triều Minh Mạng trực tiếp tổng hợp các nội dung cải cách bộ máy.,True,,,,
grade_11:12394:img_01,11,12394,,no_suitable_event,unknown,,,,,"Không có event nào trong tập event hiện có đủ quan hệ trực tiếp hoặc strong contextual với nội dung thật của ảnh. Điểm score, trùng token và thứ tự suggestion không được dùng làm bằng chứng.",True,,,,
grade_11:12394:img_02,11,12394,Hình 2. Lược đồ quần đảo Hoàng Sa và quần đảo Trường Sa thuộc chủ quyền của Việt Nam,approved,True,chu-quyen-bien-dao-viet-nam-1975-den-nay,Chủ quyền biển đảo Việt Nam 1975 đến nay,strong_contextual,high,Lược đồ Hoàng Sa và Trường Sa thuộc chủ quyền Việt Nam minh họa trực tiếp chủ đề bảo vệ chủ quyền biển đảo hiện nay.,True,,,,
grade_11:12394:img_03,11,12394,"Hình 3. Đảo Trường Sa Lớn thuộc quần đảo Trường Sa (huyện Trường Sa, tỉnh Khánh Hoà)",approved,True,chu-quyen-bien-dao-viet-nam-1975-den-nay,Chủ quyền biển đảo Việt Nam 1975 đến nay,strong_contextual,high,Ảnh đảo Trường Sa Lớn trực tiếp minh họa chủ quyền và quản lý biển đảo hiện nay.,True,,,,
grade_11:12394:img_04,11,12394,Hình 4. Một số loại sinh vật biển ở khu vực quần đảo Trường Sa,approved,True,ban-hanh-nghi-quyet-36-nq-tw-ve-chien-luoc-phat-trien-kinh-te-bien,Nghị quyết 36-NQ/TW về kinh tế biển,strong_contextual,medium,"Đa dạng sinh vật biển minh họa nguồn lực kinh tế biển, phù hợp bối cảnh chiến lược phát triển kinh tế biển.",True,,,,
grade_11:12395:img_01,11,12395,Hình 1. Tàu Kiểm ngư KN-491,approved,True,chu-quyen-bien-dao-viet-nam-1975-den-nay,Chủ quyền biển đảo Việt Nam 1975 đến nay,strong_contextual,high,Tàu kiểm ngư là phương tiện thực thi pháp luật và bảo vệ chủ quyền biển đảo hiện nay.,True,,,,
grade_11:12395:img_02,11,12395,Hình 2. Cảng Quy Nhơn (Bình Định),approved,True,ban-hanh-nghi-quyet-36-nq-tw-ve-chien-luoc-phat-trien-kinh-te-bien,Nghị quyết 36-NQ/TW về kinh tế biển,strong_contextual,medium,Cảng Quy Nhơn minh họa trực tiếp hạ tầng và kinh tế biển.,True,,,,
grade_11:12395:img_03,11,12395,"Hình 3. Đảo Cồn Cỏ (Quảng Trị) – ""vọng gác tiền tiêu"" trên Biển Đông ở cửa ngõ phía nam của vịnh Bắc Bộ",approved,True,chu-quyen-bien-dao-viet-nam-1975-den-nay,Chủ quyền biển đảo Việt Nam 1975 đến nay,strong_contextual,high,Đảo Cồn Cỏ là địa điểm tiền tiêu minh họa chủ quyền biển đảo hiện nay.,True,,,,
grade_11:12395:img_04,11,12395,Hình 4. Một góc huyện đảo Vân Đồn (Quảng Ninh),approved,True,nha-ly-thanh-lap-trang-van-don,Nhà Lý thành lập trang Vân Đồn,strong_contextual,medium,Ảnh hiện đại của Vân Đồn minh họa không gian địa lý của thương cảng Vân Đồn lịch sử.,True,,,,
grade_11:12395:img_05,11,12395,Hình 5. Đại Nam nhất thống toàn đồ,approved,True,chu-quyen-bien-dao-viet-nam-tu-the-ki-xvi-den-xix,Chủ quyền biển đảo Việt Nam thế kỉ XVI-XIX,direct,high,Đại Nam nhất thống toàn đồ là tư liệu bản đồ lịch sử trực tiếp về chủ quyền biển đảo thời quân chủ.,True,,,,
grade_11:12395:img_06,11,12395,Hình 6. Tượng đài đội Hoàng Sa kiêm quản Bắc Hải ở đảo Lý Sơn (Quảng Ngãi),approved,True,thanh-lap-va-hoat-dong-doi-dan-binh-hoang-sa-bac-hai,"Đội Hoàng Sa, Bắc Hải",strong_contextual,high,Tượng đài đội Hoàng Sa kiêm quản Bắc Hải trực tiếp tưởng niệm đội dân binh lịch sử.,True,,,,
grade_11:12395:img_07,11,12395,Hình 7. Cột hải đăng trên quần đảo Hoàng Sa được xây dựng năm 1937,approved,True,phap-xay-dung-cot-hai-dang-hoang-sa,Hải đăng Hoàng Sa (Pháp),direct,high,Caption và ảnh trực tiếp về cột hải đăng Hoàng Sa xây dựng năm 1937.,True,,,,
grade_11:12395:img_08,11,12395,Hình 8. Bia chủ quyền trên quần đảo Hoàng Sa do người Pháp xây dựng vào năm 1938,approved,True,phap-xay-dung-bia-chu-quyen-hoang-sa,Bia chủ quyền Hoàng Sa (Pháp),direct,high,Caption và ảnh trực tiếp về bia chủ quyền Hoàng Sa do Pháp xây dựng năm 1938.,True,,,,
grade_11:12395:img_09,11,12395,,approved,True,chu-quyen-bien-dao-viet-nam-1954-1975 | chu-quyen-bien-dao-viet-nam-1975-den-nay,Chủ quyền biển đảo Việt Nam 1954-1975 | Chủ quyền biển đảo Việt Nam 1975 đến nay,strong_contextual | strong_contextual,high | high,"Sơ đồ thể hiện diễn biến chiếm đóng/kiểm soát các thực thể biển đảo từ sau 1954 tới hiện đại, nên liên quan trực tiếp theo tiến trình tới cả hai giai đoạn chủ quyền.",True,,,,
grade_11:12395:img_10,11,12395,Hình 9. Sơ đồ khái quát về cuộc đấu tranh bảo vệ chủ quyền biển đảo của Việt Nam,approved,True,chu-quyen-bien-dao-viet-nam-1975-den-nay,Chủ quyền biển đảo Việt Nam 1975 đến nay,direct,high,Sơ đồ trực tiếp khái quát cuộc đấu tranh bảo vệ chủ quyền biển đảo Việt Nam.,True,,,,
grade_11:12395:img_11,11,12395,Hình 10. Tượng đài tưởng niệm chiến sĩ Gạc Ma được xây dựng ở huyện Cam Lâm (tỉnh Khánh Hoà),approved,True,trung-quoc-danh-chiem-dao-gac-ma-len-dao-chu-thap-va-mot-so-dao-khac-truong-sa | chien-si-hai-quan-nhan-dan-viet-nam-hi-sinh-bao-ve-gac-ma-co-lin-len-dao,"TQ chiếm Gạc Ma, Len Đao, Chữ Thập | Trận chiến Gạc Ma, Cô Lin, Len Đao",strong_contextual | strong_contextual,high | high,"Tượng đài tưởng niệm chiến sĩ Gạc Ma trực tiếp gắn với sự kiện chiến đấu và hy sinh bảo vệ Gạc Ma, Cô Lin, Len Đao.",True,,,,
grade_11:12395:img_12,11,12395,Hình 11. Giàn khoan Đại Hùng 01 của Tập đoàn Dầu khí Quốc gia Việt Nam,approved,True,ban-hanh-nghi-quyet-36-nq-tw-ve-chien-luoc-phat-trien-kinh-te-bien,Nghị quyết 36-NQ/TW về kinh tế biển,strong_contextual,high,Giàn khoan dầu khí minh họa trực tiếp phát triển kinh tế biển.,True,,,,
grade_11:12395:img_13,11,12395,Hình 12. Tàu hộ vệ 016 Quang Trung của Hải quân Nhân dân Việt Nam,approved,True,chu-quyen-bien-dao-viet-nam-1975-den-nay,Chủ quyền biển đảo Việt Nam 1975 đến nay,strong_contextual,high,Tàu hộ vệ Hải quân Việt Nam trực tiếp minh họa năng lực bảo vệ chủ quyền biển đảo hiện nay.,True,,,,
grade_12:12945:img_01,12,12945,,no_suitable_event,unknown,,,,,"Không có event nào trong tập event hiện có đủ quan hệ trực tiếp hoặc strong contextual với nội dung thật của ảnh. Điểm score, trùng token và thứ tự suggestion không được dùng làm bằng chứng.",True,,,,
grade_12:12945:img_02,12,12945,Hình 2. Lễ kí Hiến chương Liên hợp quốc tại Hội nghị Xan Phran-xi-xcô,no_suitable_event,not_material,,,,,"Không có event nào trong tập event hiện có đủ quan hệ trực tiếp hoặc strong contextual với nội dung thật của ảnh. Điểm score, trùng token và thứ tự suggestion không được dùng làm bằng chứng.",True,,,,
grade_12:12945:img_03,12,12945,Hình 3. Trụ sở Liên hợp quốc tại thành phố Niu Oóc (Mỹ) ngày nay,no_suitable_event,not_material,,,,,"Không có event nào trong tập event hiện có đủ quan hệ trực tiếp hoặc strong contextual với nội dung thật của ảnh. Điểm score, trùng token và thứ tự suggestion không được dùng làm bằng chứng.",True,,,,
grade_12:12945:img_04,12,12945,Hình 4. Trang đầu của Hiến chương Liên hợp quốc năm 1945,no_suitable_event,not_material,,,,,"Không có event nào trong tập event hiện có đủ quan hệ trực tiếp hoặc strong contextual với nội dung thật của ảnh. Điểm score, trùng token và thứ tự suggestion không được dùng làm bằng chứng.",True,,,,
grade_12:12945:img_05,12,12945,Hình 5. Đoàn sĩ quan Việt Nam tham gia Lực lượng gìn giữ hoà bình Liên hợp quốc trong lễ xuất quân lên đường làm nhiệm vụ tại Nam Xu-đăng (2021),approved,True,doan-si-quan-viet-nam-tham-gia-luc-luong-gin-giu-hoa-binh-lien-hop-quoc-tai-nam-xu-dang,VN tham gia gìn giữ hòa bình LHQ,direct,high,Caption và ảnh trực tiếp mô tả đoàn sĩ quan Việt Nam lên đường làm nhiệm vụ gìn giữ hòa bình tại Nam Sudan.,True,,,,
grade_12:12945:img_06,12,12945,Hình 6. Tổng Thư kí Liên hợp quốc Kô-phi An-nan (bên phải) nhận giải Nô-ben Hoà bình,no_suitable_event,not_material,,,,,"Không có event nào trong tập event hiện có đủ quan hệ trực tiếp hoặc strong contextual với nội dung thật của ảnh. Điểm score, trùng token và thứ tự suggestion không được dùng làm bằng chứng.",True,,,,
grade_12:12945:img_07,12,12945,Hình 7. Người dân Y-ê-men nhận viện trợ lương thực của Cơ quan Cứu trợ và Hành động Liên hợp quốc (2019),no_suitable_event,not_material,,,,,"Không có event nào trong tập event hiện có đủ quan hệ trực tiếp hoặc strong contextual với nội dung thật của ảnh. Điểm score, trùng token và thứ tự suggestion không được dùng làm bằng chứng.",True,,,,
grade_12:12945:img_08,12,12945,,no_suitable_event,unknown,,,,,"Không có event nào trong tập event hiện có đủ quan hệ trực tiếp hoặc strong contextual với nội dung thật của ảnh. Điểm score, trùng token và thứ tự suggestion không được dùng làm bằng chứng.",True,,,,
grade_12:12945:img_09,12,12945,Hình 9. Một lớp học tạm thời ở Công-gô do Cao uỷ Liên hợp quốc về người tị nạn tổ chức,no_suitable_event,not_material,,,,,"Không có event nào trong tập event hiện có đủ quan hệ trực tiếp hoặc strong contextual với nội dung thật của ảnh. Điểm score, trùng token và thứ tự suggestion không được dùng làm bằng chứng.",True,,,,
grade_12:12948:img_01,12,12948,"Hình trên là lâu đài Li-va-đi-a, nơi diễn ra Hội nghị I-an-ta vào năm 1945. Những quyết định của hội nghị này đã tạo cơ sở cho việc thiết lập Trật tự thế giới hai cực I-an-ta. Trật tự này đã trải qua quá trình hình thành và tồn tại như thế nào? Những nguyên nhân nào dẫn đến sự sụp đổ Trật tự thế giới hai cực I-an-ta? Tác động của sự kiện đó đối với tình hình thế giới là gì?",approved,True,giai-doan-cuoi-chien-tranh-the-gioi-thu-hai,Cuối CTTG2,strong_contextual,high,"Ảnh trực tiếp về Hội nghị I-an-ta năm 1945, thuộc giai đoạn cuối Chiến tranh thế giới thứ hai.",True,,,,
grade_12:12948:img_02,12,12948,"Hình 2. Từ trái sang phải (hàng ghế ngồi): Thủ tướng Anh - U. Sớc-sin, Tổng thống Mỹ - Ph. Ru-dơ-ven, Chủ tịch Hội đồng Bộ trưởng Liên Xô - I. Xta-lin tại Hội nghị I-an-ta",approved,True,giai-doan-cuoi-chien-tranh-the-gioi-thu-hai,Cuối CTTG2,strong_contextual,high,"Ảnh trực tiếp về Hội nghị I-an-ta năm 1945, thuộc giai đoạn cuối Chiến tranh thế giới thứ hai.",True,,,,
grade_12:12948:img_03,12,12948,Hình 3. Tổng thống Mỹ Ních-xơn và Tổng Bí thư Ban Chấp hành Trung ương Đảng Cộng sản Liên Xô Brê-giơ-nhép kí các văn kiện (1972),no_suitable_event,not_material,,,,,"Không có event nào trong tập event hiện có đủ quan hệ trực tiếp hoặc strong contextual với nội dung thật của ảnh. Điểm score, trùng token và thứ tự suggestion không được dùng làm bằng chứng.",True,,,,
grade_12:12949:img_01,12,12949,Hình 1. Người dân Đức trong sự kiện Bức tường Béc-lin sụp đổ,no_suitable_event,not_material,,,,,"Không có event nào trong tập event hiện có đủ quan hệ trực tiếp hoặc strong contextual với nội dung thật của ảnh. Điểm score, trùng token và thứ tự suggestion không được dùng làm bằng chứng.",True,,,,
grade_12:12949:img_02,12,12949,Hình 2. Thành phố Mumbai - một trong những thành phố phát triển nhất Ấn Độ ngày nay,no_suitable_event,not_material,,,,,"Không có event nào trong tập event hiện có đủ quan hệ trực tiếp hoặc strong contextual với nội dung thật của ảnh. Điểm score, trùng token và thứ tự suggestion không được dùng làm bằng chứng.",True,,,,
grade_12:12950:img_01,12,12950,"Hình 1. Trang bìa cuốn sách “Kì diệu ASEAN - Chất xúc tác cho hoà bình""",no_suitable_event,not_material,,,,,"Không có event nào trong tập event hiện có đủ quan hệ trực tiếp hoặc strong contextual với nội dung thật của ảnh. Điểm score, trùng token và thứ tự suggestion không được dùng làm bằng chứng.",True,,,,
grade_12:12950:img_02,12,12950,Hình 2. Ngoại trưởng năm nước tham gia sáng lập ASEAN (1967),no_suitable_event,not_material,,,,,"Không có event nào trong tập event hiện có đủ quan hệ trực tiếp hoặc strong contextual với nội dung thật của ảnh. Điểm score, trùng token và thứ tự suggestion không được dùng làm bằng chứng.",True,,,,
grade_12:12950:img_03,12,12950,,approved,True,viet-nam-gia-nhap-asean | cam-pu-chia-gia-nhap-asean,VN gia nhập ASEAN | Cam-pu-chia vào ASEAN,direct | direct,high | high,Sơ đồ mở rộng thành viên ASEAN trực tiếp thể hiện mốc Việt Nam và Campuchia gia nhập ASEAN.,True,,,,
grade_12:12950:img_04,12,12950,Hình 4. Lễ kết nạp Vương quốc Cam-pu-chia là thành viên thứ 10 của ASEAN tại Hà Nội (Việt Nam) năm 1999,approved,True,cam-pu-chia-gia-nhap-asean,Cam-pu-chia vào ASEAN,direct,high,Caption và ảnh trực tiếp là lễ kết nạp Campuchia thành thành viên thứ 10 của ASEAN năm 1999.,True,,,,
grade_12:12951:img_01,12,12951,Hình 1. Tem “Chào mừng Cộng đồng ASEAN” năm 2015,no_suitable_event,not_material,,,,,"Không có event nào trong tập event hiện có đủ quan hệ trực tiếp hoặc strong contextual với nội dung thật của ảnh. Điểm score, trùng token và thứ tự suggestion không được dùng làm bằng chứng.",True,,,,
grade_12:12951:img_02,12,12951,Hình 2. Hội nghị cấp cao ASEAN không chính thức tại Ma-lai-xi-a (15-12-1997),no_suitable_event,not_material,,,,,"Không có event nào trong tập event hiện có đủ quan hệ trực tiếp hoặc strong contextual với nội dung thật của ảnh. Điểm score, trùng token và thứ tự suggestion không được dùng làm bằng chứng.",True,,,,
grade_12:12951:img_03,12,12951,Hình 3. Lễ kí Tuyên bố Cu-a-la Lăm-pơ thành lập Cộng đồng ASEAN (2015),no_suitable_event,not_material,,,,,"Không có event nào trong tập event hiện có đủ quan hệ trực tiếp hoặc strong contextual với nội dung thật của ảnh. Điểm score, trùng token và thứ tự suggestion không được dùng làm bằng chứng.",True,,,,
grade_12:12951:img_04,12,12951,Hình 4. Các đại biểu tham dự Hội nghị Hội đồng Kinh tế ASEAN lần thứ 18 tại Thái Lan (2019),no_suitable_event,not_material,,,,,"Không có event nào trong tập event hiện có đủ quan hệ trực tiếp hoặc strong contextual với nội dung thật của ảnh. Điểm score, trùng token và thứ tự suggestion không được dùng làm bằng chứng.",True,,,,
grade_12:12951:img_05,12,12951,"Hình 5. Tổng Bí thư, Chủ tịch nước Nguyễn Phú Trọng phát biểu chào mừng khai mạc Hội nghị cấp cao ASEAN lần thứ 37 (2020)",approved,True,hoi-nghi-cap-cao-asean-37-ha-noi,Hội nghị Cấp cao ASEAN lần thứ 37 tại Hà Nội,direct,high,Caption và ảnh trực tiếp là khai mạc Hội nghị cấp cao ASEAN lần thứ 37.,True,,,,
grade_12:12952:img_01,12,12952,Hình 1. Chủ tịch Hồ Chí Minh đọc Tuyên ngôn Độc lập tại Quảng trường Ba Đình,approved,True,ho-chi-minh-cong-bo-tuyen-ngon-doc-lap,Hồ Chí Minh công bố Tuyên ngôn Độc lập,direct,high,Ảnh trực tiếp Hồ Chí Minh đọc Tuyên ngôn Độc lập tại Ba Đình.,True,,,,
grade_12:12952:img_02,12,12952,Hình 2. Di tích Đình Tân Trào – nơi diễn ra Đại hội Quốc dân (1945),approved,True,dai-hoi-quoc-dan-tan-trao,Đại hội Quốc dân,strong_contextual,high,"Ảnh là di tích đình Tân Trào, nơi diễn ra Đại hội Quốc dân năm 1945.",True,,,,
grade_12:12952:img_03,12,12952,Hình 3. Nhân dân Hà Nội chiếm Phủ Khâm sai (19-8-1945),approved,True,khoi-nghia-gianh-chinh-quyen-ha-noi,Khởi nghĩa Hà Nội,direct,high,Ảnh trực tiếp nhân dân Hà Nội chiếm Phủ Khâm sai ngày 19-8-1945.,True,,,,
grade_12:12952:img_04,12,12952,Hình 4. Nhân dân Sài Gòn mít tinh mừng khởi nghĩa giành thắng lợi (25 – 8 – 1945),approved,True,khoi-nghia-gianh-chinh-quyen-sai-gon,Khởi nghĩa Sài Gòn,direct,high,Ảnh trực tiếp nhân dân Sài Gòn mít tinh mừng khởi nghĩa thắng lợi ngày 25-8-1945.,True,,,,
grade_12:12955:img_01,12,12955,,approved,True,chien-dau-cac-do-thi-phia-bac-vi-tuyen-16-1946-1947,Chiến đấu đô thị Bắc vĩ tuyến 16,strong_contextual,high,Tượng đài Quyết tử để Tổ quốc quyết sinh trực tiếp tưởng niệm cuộc chiến đấu ở Hà Nội đầu toàn quốc kháng chiến.,True,,,,
grade_12:12955:img_02,12,12955,,no_suitable_event,unknown,,,,,"Không có event nào trong tập event hiện có đủ quan hệ trực tiếp hoặc strong contextual với nội dung thật của ảnh. Điểm score, trùng token và thứ tự suggestion không được dùng làm bằng chứng.",True,,,,
grade_12:12955:img_03,12,12955,Hình 3. Đại hội đại biểu lần thứ II của Đảng Cộng sản Đông Dương ở Chiêm Hoá (Tuyên Quang),approved,True,dai-hoi-dai-bieu-lan-thu-ii-dang-cong-san-dong-duong-1951 | dai-hoi-dai-bieu-lan-thu-ii-cua-dang-lao-dong-viet-nam,Đại hội II của Đảng | Đại hội Đảng Lao động Việt Nam lần II,direct | direct,high | high,Ảnh thực tế là cùng một bức chụp Đại hội II năm 1951; file img_04 có caption gốc sai.,True,,,,
grade_12:12955:img_04,12,12955,Hình 4. Chủ tịch Hồ Chí Minh và Bộ Chính trị Trung ương Đảng quyết định chủ trương tác chiến Đông - Xuân 1953 - 1954,duplicate_source,False,dai-hoi-dai-bieu-lan-thu-ii-dang-cong-san-dong-duong-1951 | dai-hoi-dai-bieu-lan-thu-ii-cua-dang-lao-dong-viet-nam,Đại hội II của Đảng | Đại hội Đảng Lao động Việt Nam lần II,direct | direct,high | high,Ảnh thực tế là cùng một bức chụp Đại hội II năm 1951; file img_04 có caption gốc sai. File ảnh trùng content hash với img_03 và caption của img_04 không khớp nội dung ảnh; chỉ xuất một bản vật lý từ img_03.,True,,,,grade_12:12955:img_03
grade_12:12955:img_05,12,12955,Hình 5. Lược đồ diễn biến chiến dịch Điện Biên Phủ,approved,True,chien-dich-dien-bien-phu-1954,Điện Biên Phủ,direct,high,Lược đồ/sơ đồ/ảnh dân công trực tiếp thuộc Chiến dịch Điện Biên Phủ.,True,,,,
grade_12:12955:img_06,12,12955,,approved,True,chien-dich-dien-bien-phu-1954,Điện Biên Phủ,direct,high,Lược đồ/sơ đồ/ảnh dân công trực tiếp thuộc Chiến dịch Điện Biên Phủ.,True,,,,
grade_12:12955:img_07,12,12955,Hình 7. Dân công dùng xe đạp thổ phục vụ chiến dịch Điện Biên Phủ,approved,True,chien-dich-dien-bien-phu-1954,Điện Biên Phủ,direct,high,Lược đồ/sơ đồ/ảnh dân công trực tiếp thuộc Chiến dịch Điện Biên Phủ.,True,,,,
grade_12:12956:img_01,12,12956,Hình 1. Bức ảnh Nụ cười chiến thắng bên Thành cổ Quảng Trị (Đoàn Công Tính chụp),approved,True,giai-doan-khang-chien-chong-my-1969-1973,Kháng chiến chống Mỹ 1969-1973,direct,high,Ảnh Nụ cười chiến thắng tại Thành cổ Quảng Trị thuộc bối cảnh chiến sự năm 1972.,True,,,,
grade_12:12956:img_02,12,12956,Hình 2. Nhân dân Bến Tre biểu tình trong phong trào Đồng khởi (1960),approved,True,phong-trao-dong-khoi,Đồng khởi,direct,high,Ảnh trực tiếp nhân dân Bến Tre biểu tình trong phong trào Đồng khởi năm 1960.,True,,,,
grade_12:12956:img_03,12,12956,"Hình 3. Phá ""ấp chiến lược"" khiêng nhà về nơi ở cũ",approved,True,giai-doan-khang-chien-chong-my-1961-1965,Kháng chiến chống Mỹ 1961-1965,strong_contextual,high,Ảnh phá ấp chiến lược là hình ảnh trực tiếp của cuộc đấu tranh chống chiến lược chiến tranh đặc biệt giai đoạn 1961–1965.,True,,,,
grade_12:12956:img_04,12,12956,Hình 4. Quân Giải phóng làm chủ đường Lê Lợi (Sài Gòn) trong cuộc Tổng tiến công và nổi dậy Xuân Mậu Thân năm 1968,approved,True,tong-tien-cong-va-noi-day-xuan-mau-than-1968,Tổng tiến công Mậu Thân 1968,direct,high,Ảnh trực tiếp quân Giải phóng làm chủ đường Lê Lợi trong Tổng tiến công Mậu Thân 1968.,True,,,,
grade_12:12956:img_05,12,12956,Hình 6. Bộ Chính trị họp Hội nghị mở rộng quyết định kế hoạch giải phóng miền Nam (1 – 1975),approved,True,tong-tien-cong-va-noi-day-xuan-1975 | giai-doan-khang-chien-chong-my-1973-1975,Tổng tiến công Xuân 1975 | Kháng chiến chống Mỹ 1973-1975,direct | direct,high | high,Ảnh trực tiếp Bộ Chính trị họp quyết định kế hoạch giải phóng miền Nam tháng 1-1975.,True,,,,
grade_12:12956:img_06,12,12956,Hình 7. Nhân dân Sài Gòn chào mừng Quân Giải phóng tiến vào thành phố (30-4-1975),approved,True,chien-dich-giai-phong-sai-gon-gia-dinh-chien-dich-ho-chi-minh | tong-tien-cong-va-noi-day-xuan-1975,Chiến dịch Hồ Chí Minh | Tổng tiến công Xuân 1975,direct | direct,high | high,Ảnh trực tiếp nhân dân Sài Gòn chào mừng Quân Giải phóng ngày 30-4-1975.,True,,,,
grade_12:12957:record_01,12,12957,"Hình bên khắc hoạ hình ảnh một chiến sĩ Quân đội nhân dân Việt Nam trong cuộc chiến
        đấu bảo vệ Tổ quốc năm 1979 ở biên giới phía Bắc.  Hình ảnh gợi cho em suy nghĩ gì? Hãy chia sẻ hiểu
        biết của em về các cuộc chiến đấu bảo vệ Tổ quốc từ sau tháng 4 - 1975 đến nay, cũng như một số bài học lịch sử
        của các cuộc kháng chiến bảo vệ Tổ quốc từ năm 1945 đến nay.",missing_source_image,not_checkable,,,,,Candidate record không có file ảnh nguồn thực tế trong gói images; không thể duyệt bằng thị giác và không được xuất mapping.,True,,,,
grade_12:12957:record_02,12,12957,"Hình 2. Kì họp thứ nhất của Quốc hội khoá VI (1976) - kì họp quyết
        định nhiều vấn đề quan trọng để thống nhất đất nước về mặt Nhà nước",missing_source_image,not_checkable,,,,,Candidate record không có file ảnh nguồn thực tế trong gói images; không thể duyệt bằng thị giác và không được xuất mapping.,True,,,,
grade_12:12957:record_03,12,12957,Hình 3. Khu di tích Nhà mồ Ba Chúc (An Giang),missing_source_image,not_checkable,,,,,Candidate record không có file ảnh nguồn thực tế trong gói images; không thể duyệt bằng thị giác và không được xuất mapping.,True,,,,
grade_12:12957:record_04,12,12957,Hình 4. Bộ đội Việt Nam chiến đấu tại pháo đài Đồng Đăng (Lạng Sơn),missing_source_image,not_checkable,,,,,Candidate record không có file ảnh nguồn thực tế trong gói images; không thể duyệt bằng thị giác và không được xuất mapping.,True,,,,
grade_12:12957:record_05,12,12957,Hình 5. Một phần nghĩa trang liệt sĩ Vị Xuyên (Hà Giang),missing_source_image,not_checkable,,,,,Candidate record không có file ảnh nguồn thực tế trong gói images; không thể duyệt bằng thị giác và không được xuất mapping.,True,,,,
grade_12:12957:record_06,12,12957,"Hình 6. Những người lính hải quân nắm tay nhau tại Khu tưởng niệm
        Gạc Ma (huyện Cam Lâm, tỉnh Khánh Hoà)",missing_source_image,not_checkable,,,,,Candidate record không có file ảnh nguồn thực tế trong gói images; không thể duyệt bằng thị giác và không được xuất mapping.,True,,,,
grade_12:12960:img_01,12,12960,,approved,True,cong-cuoc-doi-moi-o-viet-nam | giai-doan-khoi-dau-cong-cuoc-doi-moi-1986-1995 | giai-doan-day-manh-cong-nghiep-hoa-hien-dai-hoa-hoi-nhap-kinh-te-quoc-te-1996-2006 | giai-doan-tiep-tuc-day-manh-cong-nghiep-hoa-hien-dai-hoa-hoi-nhap-quoc-te-sau-rong-2006-nay,Đổi mới Việt Nam | Đổi mới giai đoạn 1986-1995 | Đổi mới giai đoạn 1996-2006 | Đổi mới giai đoạn 2006-nay,direct | direct | direct | direct,high | high | high | high,Biểu đồ tăng trưởng GDP 1986–2022 trực tiếp bao quát toàn bộ công cuộc Đổi mới và ba giai đoạn.,True,,,,
grade_12:12960:img_02,12,12960,,approved,True,giai-doan-khoi-dau-cong-cuoc-doi-moi-1986-1995 | giai-doan-day-manh-cong-nghiep-hoa-hien-dai-hoa-hoi-nhap-kinh-te-quoc-te-1996-2006 | giai-doan-tiep-tuc-day-manh-cong-nghiep-hoa-hien-dai-hoa-hoi-nhap-quoc-te-sau-rong-2006-nay,Đổi mới giai đoạn 1986-1995 | Đổi mới giai đoạn 1996-2006 | Đổi mới giai đoạn 2006-nay,direct | direct | direct,high | high | high,Biểu đồ thu nhập bình quân 1995–2022 phản ánh kết quả chuyển tiếp từ cuối giai đoạn đầu Đổi mới qua hai giai đoạn sau.,True,,,,
grade_12:12960:img_03,12,12960,Hình 8. Biểu diễn Dân ca Quan họ của người Việt Nam tại Cộng hoà Séc (2019),approved,True,giai-doan-tiep-tuc-day-manh-cong-nghiep-hoa-hien-dai-hoa-hoi-nhap-quoc-te-sau-rong-2006-nay | phe-duyet-chien-luoc-phat-trien-cong-nghiep-van-hoa-viet-nam,Đổi mới giai đoạn 2006-nay | Phê duyệt Chiến lược CNVH Việt Nam,strong_contextual | strong_contextual,medium | medium,Biểu diễn Quan họ tại Cộng hòa Séc năm 2019 minh họa hội nhập quốc tế sâu rộng và quảng bá văn hóa Việt Nam.,True,,,,
grade_12:12964:img_01,12,12964,Hình 2. Chủ tịch Hồ Chí Minh và Thủ tướng Bi-đôn (Pháp) năm 1946,approved,True,ho-chi-minh-sang-phap-van-dong-ngoai-giao-va-ki-tam-uoc | ki-tam-uoc-viet-phap,Hồ Chí Minh kí Tạm ước (1946) | Tạm ước Việt - Pháp,strong_contextual | strong_contextual,high | high,Ảnh Hồ Chí Minh với Thủ tướng Bidault tại Pháp năm 1946 thuộc trực tiếp chuyến vận động ngoại giao dẫn tới Tạm ước Việt–Pháp.,True,,,,
grade_12:12964:img_02,12,12964,Hình 3. Phiên khai mạc Hội nghị Giơ-ne-vơ về Đông Dương (8 – 7 – 1954),approved,True,hoi-nghi-gio-ne-vo-ve-dong-duong | ky-ket-hiep-dinh-go-ne-vo-1954,Hội nghị Giơ-ne-vơ | Hiệp định Giơ-ne-vơ,direct | direct,high | high,Ảnh trực tiếp phiên khai mạc Hội nghị Giơ-ne-vơ về Đông Dương năm 1954.,True,,,,
grade_12:12964:img_03,12,12964,"Hình 5. Quang cảnh lễ kí Hiệp định Pa-ri về chấm dứt chiến tranh, lập lại hoà bình ở Việt Nam",approved,True,ki-ket-hiep-dinh-pa-ri-ve-cham-dut-chien-tranh-lap-lai-hoa-binh-o-viet-nam,Hiệp định Pa-ri,direct,high,Ảnh trực tiếp quang cảnh lễ ký Hiệp định Pa-ri.,True,,,,
grade_12:12967:img_01,12,12967,"Hình 9. Chủ tịch Hồ Chí Minh với đoàn đại biểu anh hùng, chiến sĩ thi đua các lực lượng vũ trang nhân dân giải phóng miền Nam ra thăm miền Bắc (1965)",approved,True,giai-doan-khang-chien-chong-my-1965-1968,Kháng chiến chống Mỹ 1965-1968,strong_contextual,medium,"Ảnh năm 1965 về Chủ tịch Hồ Chí Minh với đại biểu anh hùng, chiến sĩ thi đua lực lượng vũ trang giải phóng miền Nam phản ánh trực tiếp bối cảnh kháng chiến chống Mỹ giai đoạn 1965–1968, nhưng không phải ảnh của một trận đánh cụ thể.",True,,,,
grade_12:12967:img_02,12,12967,Hình 10. Chủ tịch Hồ Chí Minh,no_suitable_event,not_material,,,,,"Không có event nào trong tập event hiện có đủ quan hệ trực tiếp hoặc strong contextual với nội dung thật của ảnh. Điểm score, trùng token và thứ tự suggestion không được dùng làm bằng chứng.",True,,,,
grade_12:12968:img_01,12,12968,Hình 1. Hoạ sĩ Mớt-ta-pha trao tặng bức ảnh chân dung Chủ tịch Hồ Chí Minh cho Đại sứ quán Việt Nam tại Pháp (2016),no_suitable_event,not_material,,,,,"Không có event nào trong tập event hiện có đủ quan hệ trực tiếp hoặc strong contextual với nội dung thật của ảnh. Điểm score, trùng token và thứ tự suggestion không được dùng làm bằng chứng.",True,,,,
grade_12:12968:img_02,12,12968,Hình 2. Quảng trường và tượng đài,no_suitable_event,not_material,,,,,"Không có event nào trong tập event hiện có đủ quan hệ trực tiếp hoặc strong contextual với nội dung thật của ảnh. Điểm score, trùng token và thứ tự suggestion không được dùng làm bằng chứng.",True,,,,
grade_12:12968:img_03,12,12968,Hình 3. Tượng Hồ Chí Minh ở Cu-ba,no_suitable_event,not_material,,,,,"Không có event nào trong tập event hiện có đủ quan hệ trực tiếp hoặc strong contextual với nội dung thật của ảnh. Điểm score, trùng token và thứ tự suggestion không được dùng làm bằng chứng.",True,,,,
grade_12:12968:img_04,12,12968,Hình 4. Con đường mang tên Hồ Chí Minh ở Ấn Độ,no_suitable_event,not_material,,,,,"Không có event nào trong tập event hiện có đủ quan hệ trực tiếp hoặc strong contextual với nội dung thật của ảnh. Điểm score, trùng token và thứ tự suggestion không được dùng làm bằng chứng.",True,,,,
grade_12:12968:img_05,12,12968,"Hình 5. Căn nhà số 13 (nay là 248 – 250) đường Văn Minh, thành phố Quảng Châu",approved,True,nguyen-ai-quoc-den-quang-chau-1924 | nguyen-ai-quoc-thanh-lap-hoi-viet-nam-cach-mang-thanh-nien | ho-chi-minh-mo-lop-dao-tao-can-bo-tai-quang-chau-trung-quoc,Nguyễn Ái Quốc đến Quảng Châu (Trung Quốc) | Thành lập Hội Việt Nam Cách mạng Thanh niên | Hồ Chí Minh mở các lớp đào tạo cán bộ tại Quảng Châu (Trung Quốc),strong_contextual | strong_contextual | strong_contextual,high | high | high,Căn nhà số 13 đường Văn Minh ở Quảng Châu là địa điểm trực tiếp gắn với hoạt động của Nguyễn Ái Quốc và Hội Việt Nam Cách mạng Thanh niên.,True,,,,
grade_12:12968:img_06,12,12968,Hình 6. Bức tượng Hồ Chí Minh được các chiến sĩ tại nhà tù Côn Đảo cất giữ,no_suitable_event,not_material,,,,,"Không có event nào trong tập event hiện có đủ quan hệ trực tiếp hoặc strong contextual với nội dung thật của ảnh. Điểm score, trùng token và thứ tự suggestion không được dùng làm bằng chứng.",True,,,,
grade_12:12968:img_07,12,12968,Hình 7. Bảo tàng Hồ Chí Minh (Hà Nội),no_suitable_event,not_material,,,,,"Không có event nào trong tập event hiện có đủ quan hệ trực tiếp hoặc strong contextual với nội dung thật của ảnh. Điểm score, trùng token và thứ tự suggestion không được dùng làm bằng chứng.",True,,,,
grade_12:12968:img_08,12,12968,Hình 8. Bác Hồ bắt nhịp Bài ca kết đoàn (1960),approved,True,dai-hoi-dai-bieu-toan-quoc-lan-thu-iii-cua-dang-lao-dong-viet-nam | ho-chi-minh-tiep-tuc-duoc-bau-chu-tich-dang-lao-dong-1960,Đại hội Đảng Lao động Việt Nam lần III | Hồ Chí Minh tái đắc cử Chủ tịch Đảng (1960),strong_contextual | strong_contextual,medium | medium,Ảnh Bác Hồ bắt nhịp Bài ca kết đoàn năm 1960 phù hợp bối cảnh đại hội và hoạt động chính trị-văn hóa năm 1960; không phải ảnh trực tiếp nghi thức bầu cử.,True,,,,
