eventIndex,eventId,title,chronology,summary,locations,people,likelyImageSubjects,recommendedTrustedDomains,suggestedSearchQueries,discoveryStatus,historicalVerificationSources,imageCandidate1,imageCandidate2,unresolvedReason,mojibakeSuspected
1,viet-nam-thoi-dung-nuoc,Việt Nam thời dựng nước,Thời dựng nước,Nút điều hướng tổng hợp cho Việt Nam thời dựng nước.,"[""Việt Nam""]",[],"[""Việt Nam thời dựng nước"", ""Việt Nam thời dựng nước Thời dựng nước"", ""Việt Nam thời dựng nước Việt Nam"", ""Việt Nam thời dựng nước toàn cảnh lịch sử"", ""Việt Nam thời dựng nước ảnh tư liệu""]","[""baotanglichsu.vn"", ""nhandan.vn"", ""qdnd.vn"", ""vietnamplus.vn"", ""luutru.gov.vn""]","[""Việt Nam thời dựng nước"", ""Việt Nam thời dựng nước Thời dựng nước"", ""Việt Nam thời dựng nước Việt Nam"", ""Việt Nam thời dựng nước toàn cảnh lịch sử"", ""Việt Nam thời dựng nước ảnh tư liệu""]",needs_manual_source_search,[],,,Needs manual trusted-source/image search.,False
2,bac-thuoc-va-dau-tranh-gianh-doc-lap,Bắc thuộc và đấu tranh giành độc lập,Bắc thuộc,Nút điều hướng tổng hợp cho Bắc thuộc và đấu tranh giành độc lập.,"[""Việt Nam""]",[],"[""Bắc thuộc và đấu tranh giành độc lập"", ""Bắc thuộc và đấu tranh giành độc lập Bắc thuộc"", ""Bắc thuộc và đấu tranh giành độc lập Việt Nam"", ""Bắc thuộc và đấu tranh giành độc lập toàn cảnh lịch sử"", ""Bắc thuộc và đấu tranh giành độc lập ảnh tư liệu""]","[""baotanglichsu.vn"", ""nhandan.vn"", ""qdnd.vn"", ""vietnamplus.vn"", ""luutru.gov.vn""]","[""Bắc thuộc và đấu tranh giành độc lập"", ""Bắc thuộc và đấu tranh giành độc lập Bắc thuộc"", ""Bắc thuộc và đấu tranh giành độc lập Việt Nam"", ""Bắc thuộc và đấu tranh giành độc lập toàn cảnh lịch sử"", ""Bắc thuộc và đấu tranh giành độc lập ảnh tư liệu""]",needs_manual_source_search,[],,,Needs manual trusted-source/image search.,False
3,viet-nam-tu-the-ki-x-den-xv,Việt Nam từ thế kỉ X đến thế kỉ XV,Việt Nam thế kỉ X-XV,Nút điều hướng tổng hợp cho Việt Nam từ thế kỉ X đến thế kỉ XV.,"[""Việt Nam""]",[],"[""Việt Nam từ thế kỉ X đến thế kỉ XV"", ""Việt Nam từ thế kỉ X đến thế kỉ XV Việt Nam thế kỉ X-XV"", ""Việt Nam từ thế kỉ X đến thế kỉ XV Việt Nam"", ""Việt Nam từ thế kỉ X đến thế kỉ XV toàn cảnh lịch sử"", ""Việt Nam từ thế kỉ X đến thế kỉ XV ảnh tư liệu""]","[""baotanglichsu.vn"", ""nhandan.vn"", ""qdnd.vn"", ""vietnamplus.vn"", ""luutru.gov.vn""]","[""Việt Nam từ thế kỉ X đến thế kỉ XV"", ""Việt Nam từ thế kỉ X đến thế kỉ XV Việt Nam thế kỉ X-XV"", ""Việt Nam từ thế kỉ X đến thế kỉ XV Việt Nam"", ""Việt Nam từ thế kỉ X đến thế kỉ XV toàn cảnh lịch sử"", ""Việt Nam từ thế kỉ X đến thế kỉ XV ảnh tư liệu""]",needs_manual_source_search,[],,,Needs manual trusted-source/image search.,False
4,viet-nam-tu-the-ki-xvi-den-xix,Việt Nam từ thế kỉ XVI đến thế kỉ XIX,Việt Nam thế kỉ XVI-XIX,Nút điều hướng tổng hợp cho Việt Nam từ thế kỉ XVI đến thế kỉ XIX.,"[""Việt Nam""]",[],"[""Việt Nam từ thế kỉ XVI đến thế kỉ XIX"", ""Việt Nam từ thế kỉ XVI đến thế kỉ XIX Việt Nam thế kỉ XVI-XIX"", ""Việt Nam từ thế kỉ XVI đến thế kỉ XIX Việt Nam"", ""Việt Nam từ thế kỉ XVI đến thế kỉ XIX toàn cảnh lịch sử"", ""Việt Nam từ thế kỉ XVI đến thế kỉ XIX ảnh tư liệu""]","[""baotanglichsu.vn"", ""nhandan.vn"", ""qdnd.vn"", ""vietnamplus.vn"", ""luutru.gov.vn""]","[""Việt Nam từ thế kỉ XVI đến thế kỉ XIX"", ""Việt Nam từ thế kỉ XVI đến thế kỉ XIX Việt Nam thế kỉ XVI-XIX"", ""Việt Nam từ thế kỉ XVI đến thế kỉ XIX Việt Nam"", ""Việt Nam từ thế kỉ XVI đến thế kỉ XIX toàn cảnh lịch sử"", ""Việt Nam từ thế kỉ XVI đến thế kỉ XIX ảnh tư liệu""]",needs_manual_source_search,[],,,Needs manual trusted-source/image search.,False
5,viet-nam-1858-1918,Việt Nam từ năm 1858 đến năm 1918,Việt Nam 1858-1918,Nút điều hướng tổng hợp cho Việt Nam từ năm 1858 đến năm 1918.,"[""Việt Nam""]",[],"[""Việt Nam từ năm 1858 đến năm 1918"", ""Việt Nam từ năm 1858 đến năm 1918 Việt Nam 1858-1918"", ""Việt Nam từ năm 1858 đến năm 1918 Việt Nam"", ""Việt Nam từ năm 1858 đến năm 1918 toàn cảnh lịch sử"", ""Việt Nam từ năm 1858 đến năm 1918 ảnh tư liệu""]","[""baotanglichsu.vn"", ""nhandan.vn"", ""qdnd.vn"", ""vietnamplus.vn"", ""luutru.gov.vn""]","[""Việt Nam từ năm 1858 đến năm 1918"", ""Việt Nam từ năm 1858 đến năm 1918 Việt Nam 1858-1918"", ""Việt Nam từ năm 1858 đến năm 1918 Việt Nam"", ""Việt Nam từ năm 1858 đến năm 1918 toàn cảnh lịch sử"", ""Việt Nam từ năm 1858 đến năm 1918 ảnh tư liệu""]",needs_manual_source_search,[],,,Needs manual trusted-source/image search.,False
6,viet-nam-1919-1945,Việt Nam từ năm 1919 đến năm 1945,Việt Nam 1919-1945,Nút điều hướng tổng hợp cho Việt Nam từ năm 1919 đến năm 1945.,"[""Việt Nam""]",[],"[""Việt Nam từ năm 1919 đến năm 1945"", ""Việt Nam từ năm 1919 đến năm 1945 Việt Nam 1919-1945"", ""Việt Nam từ năm 1919 đến năm 1945 Việt Nam"", ""Việt Nam từ năm 1919 đến năm 1945 toàn cảnh lịch sử"", ""Việt Nam từ năm 1919 đến năm 1945 ảnh tư liệu""]","[""baotanglichsu.vn"", ""nhandan.vn"", ""qdnd.vn"", ""vietnamplus.vn"", ""luutru.gov.vn""]","[""Việt Nam từ năm 1919 đến năm 1945"", ""Việt Nam từ năm 1919 đến năm 1945 Việt Nam 1919-1945"", ""Việt Nam từ năm 1919 đến năm 1945 Việt Nam"", ""Việt Nam từ năm 1919 đến năm 1945 toàn cảnh lịch sử"", ""Việt Nam từ năm 1919 đến năm 1945 ảnh tư liệu""]",not_attempted,[],,,Needs manual trusted-source/image search.,False
7,viet-nam-1945-1954,Việt Nam từ năm 1945 đến năm 1954,Việt Nam 1945-1954,Nút điều hướng tổng hợp cho Việt Nam từ năm 1945 đến năm 1954.,"[""Việt Nam""]",[],"[""Việt Nam từ năm 1945 đến năm 1954"", ""Việt Nam từ năm 1945 đến năm 1954 Việt Nam 1945-1954"", ""Việt Nam từ năm 1945 đến năm 1954 Việt Nam"", ""Việt Nam từ năm 1945 đến năm 1954 toàn cảnh lịch sử"", ""Việt Nam từ năm 1945 đến năm 1954 ảnh tư liệu""]","[""baotanglichsu.vn"", ""nhandan.vn"", ""qdnd.vn"", ""vietnamplus.vn"", ""luutru.gov.vn""]","[""Việt Nam từ năm 1945 đến năm 1954"", ""Việt Nam từ năm 1945 đến năm 1954 Việt Nam 1945-1954"", ""Việt Nam từ năm 1945 đến năm 1954 Việt Nam"", ""Việt Nam từ năm 1945 đến năm 1954 toàn cảnh lịch sử"", ""Việt Nam từ năm 1945 đến năm 1954 ảnh tư liệu""]",not_attempted,[],,,Needs manual trusted-source/image search.,False
8,viet-nam-1954-1975,Việt Nam từ năm 1954 đến năm 1975,Việt Nam 1954-1975,Nút điều hướng tổng hợp cho Việt Nam từ năm 1954 đến năm 1975.,"[""Việt Nam""]",[],"[""Việt Nam từ năm 1954 đến năm 1975"", ""Việt Nam từ năm 1954 đến năm 1975 Việt Nam 1954-1975"", ""Việt Nam từ năm 1954 đến năm 1975 Việt Nam"", ""Việt Nam từ năm 1954 đến năm 1975 toàn cảnh lịch sử"", ""Việt Nam từ năm 1954 đến năm 1975 ảnh tư liệu""]","[""baotanglichsu.vn"", ""nhandan.vn"", ""qdnd.vn"", ""vietnamplus.vn"", ""luutru.gov.vn""]","[""Việt Nam từ năm 1954 đến năm 1975"", ""Việt Nam từ năm 1954 đến năm 1975 Việt Nam 1954-1975"", ""Việt Nam từ năm 1954 đến năm 1975 Việt Nam"", ""Việt Nam từ năm 1954 đến năm 1975 toàn cảnh lịch sử"", ""Việt Nam từ năm 1954 đến năm 1975 ảnh tư liệu""]",not_attempted,[],,,Needs manual trusted-source/image search.,False
9,viet-nam-1975-den-nay,Việt Nam từ năm 1975 đến nay,Việt Nam 1975 đến nay,Nút điều hướng tổng hợp cho Việt Nam từ năm 1975 đến nay.,"[""Việt Nam""]",[],"[""Việt Nam từ năm 1975 đến nay"", ""Việt Nam từ năm 1975 đến nay Việt Nam 1975 đến nay"", ""Việt Nam từ năm 1975 đến nay Việt Nam"", ""Việt Nam từ năm 1975 đến nay toàn cảnh lịch sử"", ""Việt Nam từ năm 1975 đến nay ảnh tư liệu""]","[""baotanglichsu.vn"", ""nhandan.vn"", ""qdnd.vn"", ""vietnamplus.vn"", ""luutru.gov.vn""]","[""Việt Nam từ năm 1975 đến nay"", ""Việt Nam từ năm 1975 đến nay Việt Nam 1975 đến nay"", ""Việt Nam từ năm 1975 đến nay Việt Nam"", ""Việt Nam từ năm 1975 đến nay toàn cảnh lịch sử"", ""Việt Nam từ năm 1975 đến nay ảnh tư liệu""]",not_attempted,[],,,Needs manual trusted-source/image search.,False
10,khoi-nghia-hai-ba-trung,Khởi nghĩa Hai Bà Trưng,40-43,"Khởi nghĩa Hai Bà Trưng diễn ra từ năm 40 đến năm 43. Hai Bà Trưng dựng cờ khởi nghĩa ở Hát Môn, đánh chiếm Mê Linh, Cổ Loa và Luy Lâu, khiến Thái thú Tô Định phải bỏ chạy. Trưng Trắc lên làm vua. Năm 43, Mã Viện đem quân tấn công, khởi nghĩa thất bại.",[],[],"[""Khởi nghĩa Hai Bà Trưng"", ""Khởi nghĩa Hai Bà Trưng 40-43"", ""Khởi nghĩa Hai Bà Trưng Bắc thuộc và đấu tranh giành độc lập"", ""Khởi nghĩa Hai Bà Trưng Thái thú Tô Định phải bỏ chạy về nước Hai Bà Trưng dựng cờ khởi nghĩa ở Hát Môn (Phúc Thọ, Hà Nội)"", ""Khởi nghĩa Hai Bà Trưng hiện vật"", ""Khởi nghĩa Hai Bà Trưng di tích""]","[""baotanglichsu.vn"", ""disanvanhoa.gov.vn"", ""bvhttdl.gov.vn"", ""qdnd.vn"", ""nhandan.vn"", ""unesco.org"", ""whc.unesco.org""]","[""Khởi nghĩa Hai Bà Trưng"", ""Khởi nghĩa Hai Bà Trưng 40-43"", ""Khởi nghĩa Hai Bà Trưng Bắc thuộc và đấu tranh giành độc lập"", ""Khởi nghĩa Hai Bà Trưng Thái thú Tô Định phải bỏ chạy về nước Hai Bà Trưng dựng cờ khởi nghĩa ở Hát Môn (Phúc Thọ, Hà Nội)"", ""Khởi nghĩa Hai Bà Trưng hiện vật"", ""Khởi nghĩa Hai Bà Trưng di tích""]",not_attempted,[],,,Needs manual trusted-source/image search.,False
11,khoi-nghia-khu-lien-lap-nuoc-lam-ap,Khởi nghĩa Khu Liên lập nước Lâm Ấp,Năm 192,"Trong hai thế kỉ đầu Công nguyên, người Chăm ở quận Nhật Nam liên tục đấu tranh chống lại ách cai trị của nhà Hán. Đến năm 192, dưới sự lãnh đạo của Khu Liên (thủ lĩnh của một bộ lạc ở phía Nam quận Nhật Nam) đã nổi dậy lật đổ ách thống trị của ngoại bang, lập ra nước Lâm Ấp (sau này gọi là Chăm pa), kinh đô là Sin-ha-pu-ra (Trà Kiệu, Quảng Nam).","[""Sin-ha-pu-ra""]",[],"[""Khởi nghĩa Khu Liên lập nước Lâm Ấp"", ""Khởi nghĩa Khu Liên lập nước Lâm Ấp Năm 192"", ""Khởi nghĩa Khu Liên lập nước Lâm Ấp Sin-ha-pu-ra"", ""Khởi nghĩa Khu Liên lập nước Lâm Ấp Diễn ra năm 192 Thành lập nước Lâm Ấp (sau này là Chăm pa)"", ""Khởi nghĩa Khu Liên lập nước Lâm Ấp hiện vật"", ""Khởi nghĩa Khu Liên lập nước Lâm Ấp di tích""]","[""baotanglichsu.vn"", ""disanvanhoa.gov.vn"", ""bvhttdl.gov.vn"", ""qdnd.vn"", ""nhandan.vn"", ""unesco.org"", ""whc.unesco.org""]","[""Khởi nghĩa Khu Liên lập nước Lâm Ấp"", ""Khởi nghĩa Khu Liên lập nước Lâm Ấp Năm 192"", ""Khởi nghĩa Khu Liên lập nước Lâm Ấp Sin-ha-pu-ra"", ""Khởi nghĩa Khu Liên lập nước Lâm Ấp Diễn ra năm 192 Thành lập nước Lâm Ấp (sau này là Chăm pa)"", ""Khởi nghĩa Khu Liên lập nước Lâm Ấp hiện vật"", ""Khởi nghĩa Khu Liên lập nước Lâm Ấp di tích""]",not_attempted,[],,,Needs manual trusted-source/image search.,False
12,phu-nam-tro-thanh-vuong-quoc-hung-manh,Phù Nam trở thành vương quốc hùng mạnh,Từ thế kỉ III đến thế kỉ V,"Trong khoảng hơn hai thế kỉ đầu sau khi thành lập, tổ chức nhà nước Phù Nam còn đơn giản. Từ thế kỉ III đến thế kỉ V, tổ chức nhà nước ngày càng được hoàn thiện. Phù Nam vươn lên trở thành vương quốc hùng mạnh, có ảnh hưởng rộng ra nhiều vùng đất ở khu vực Đông Nam Á.","[""Đốn Tốn"", ""Xích Thổ"", ""Đông Nam Á"", ""Chân Lạp""]",[],"[""Phù Nam trở thành vương quốc hùng mạnh"", ""Phù Nam trở thành vương quốc hùng mạnh Từ thế kỉ III đến thế kỉ V"", ""Phù Nam trở thành vương quốc hùng mạnh Đốn Tốn"", ""Phù Nam trở thành vương quốc hùng mạnh Diễn ra từ thế kỉ III đến thế kỉ V Có ảnh hưởng rộng ra nhiều vùng đất ở Đông Nam Á"", ""Phù Nam trở thành vương quốc hùng mạnh hiện vật"", ""Phù Nam trở thành vương quốc hùng mạnh di tích""]","[""baotanglichsu.vn"", ""disanvanhoa.gov.vn"", ""bvhttdl.gov.vn"", ""qdnd.vn"", ""nhandan.vn"", ""unesco.org"", ""whc.unesco.org""]","[""Phù Nam trở thành vương quốc hùng mạnh"", ""Phù Nam trở thành vương quốc hùng mạnh Từ thế kỉ III đến thế kỉ V"", ""Phù Nam trở thành vương quốc hùng mạnh Đốn Tốn"", ""Phù Nam trở thành vương quốc hùng mạnh Diễn ra từ thế kỉ III đến thế kỉ V Có ảnh hưởng rộng ra nhiều vùng đất ở Đông Nam Á"", ""Phù Nam trở thành vương quốc hùng mạnh hiện vật"", ""Phù Nam trở thành vương quốc hùng mạnh di tích""]",not_attempted,[],,,Needs manual trusted-source/image search.,False
13,khoi-nghia-ba-trieu,Khởi nghĩa Bà Triệu,248,"Năm 248, Bà Triệu lãnh đạo nhân dân vùng Cửu Chân nổi dậy ở căn cứ núi Nưa (Triệu Sơn, Thanh Hoá). Khởi nghĩa nhanh chóng lan rộng ra Giao Chỉ, làm rung chuyển chính quyền đô hộ. Quân Ngô do Lục Dận chỉ huy kéo sang đàn áp, khởi nghĩa thất bại.",[],[],"[""Khởi nghĩa Bà Triệu"", ""Khởi nghĩa Bà Triệu 248"", ""Khởi nghĩa Bà Triệu Bắc thuộc và đấu tranh giành độc lập"", ""Khởi nghĩa Bà Triệu Bà Triệu lãnh đạo nhân dân vùng Cửu Chân nổi dậy ở căn cứ núi Nưa (Triệu Sơn, Thanh Hoá) Khởi nghĩa thất bại"", ""Khởi nghĩa Bà Triệu hiện vật"", ""Khởi nghĩa Bà Triệu di tích""]","[""baotanglichsu.vn"", ""disanvanhoa.gov.vn"", ""bvhttdl.gov.vn"", ""qdnd.vn"", ""nhandan.vn"", ""unesco.org"", ""whc.unesco.org""]","[""Khởi nghĩa Bà Triệu"", ""Khởi nghĩa Bà Triệu 248"", ""Khởi nghĩa Bà Triệu Bắc thuộc và đấu tranh giành độc lập"", ""Khởi nghĩa Bà Triệu Bà Triệu lãnh đạo nhân dân vùng Cửu Chân nổi dậy ở căn cứ núi Nưa (Triệu Sơn, Thanh Hoá) Khởi nghĩa thất bại"", ""Khởi nghĩa Bà Triệu hiện vật"", ""Khởi nghĩa Bà Triệu di tích""]",not_attempted,[],,,Needs manual trusted-source/image search.,False
14,khoi-nghia-ly-bi-trieu-quang-phuc,Khởi nghĩa Lý Bí và Triệu Quang Phục,542-602,"Năm 542, khởi nghĩa Lý Bí bùng nổ, lật đổ chính quyền đô hộ. Sau đó, Lý Bí lập ra Nhà nước Vạn Xuân. Năm 545, quân Lương tiếp tục sang xâm lược, Triệu Quang Phục lãnh đạo cuộc khởi nghĩa và giành thắng lợi. Đến năm 602, nhà Lương đem quân sang đàn áp, cuộc khởi nghĩa thất bại.",[],[],"[""Khởi nghĩa Lý Bí và Triệu Quang Phục"", ""Khởi nghĩa Lý Bí và Triệu Quang Phục 542-602"", ""Khởi nghĩa Lý Bí và Triệu Quang Phục Bắc thuộc và đấu tranh giành độc lập"", ""Khởi nghĩa Lý Bí và Triệu Quang Phục Đến năm 602, nhà Lương đem quân sang đàn áp, cuộc khởi nghĩa thất bại Năm 542, khởi nghĩa Lý Bí bùng nổ, lật đổ chính quyền đô hộ"", ""Khởi nghĩa Lý Bí và Triệu Quang Phục hiện vật"", ""Khởi nghĩa Lý Bí và Triệu Quang Phục di tích""]","[""baotanglichsu.vn"", ""disanvanhoa.gov.vn"", ""bvhttdl.gov.vn"", ""qdnd.vn"", ""nhandan.vn"", ""unesco.org"", ""whc.unesco.org""]","[""Khởi nghĩa Lý Bí và Triệu Quang Phục"", ""Khởi nghĩa Lý Bí và Triệu Quang Phục 542-602"", ""Khởi nghĩa Lý Bí và Triệu Quang Phục Bắc thuộc và đấu tranh giành độc lập"", ""Khởi nghĩa Lý Bí và Triệu Quang Phục Đến năm 602, nhà Lương đem quân sang đàn áp, cuộc khởi nghĩa thất bại Năm 542, khởi nghĩa Lý Bí bùng nổ, lật đổ chính quyền đô hộ"", ""Khởi nghĩa Lý Bí và Triệu Quang Phục hiện vật"", ""Khởi nghĩa Lý Bí và Triệu Quang Phục di tích""]",not_attempted,[],,,Needs manual trusted-source/image search.,False
15,xa-lan-dau-tien-xuat-hien,Xã lần đầu tiên xuất hiện,Đầu thế kỉ VII,Xã lần đầu tiên xuất hiện vào đầu thế kỉ VII.,[],[],"[""Xã lần đầu tiên xuất hiện"", ""Xã lần đầu tiên xuất hiện Đầu thế kỉ VII"", ""Xã lần đầu tiên xuất hiện Bắc thuộc và đấu tranh giành độc lập"", ""Xã lần đầu tiên xuất hiện Đầu thế kỉ VII Xã xuất hiện lần đầu"", ""Xã lần đầu tiên xuất hiện hiện vật"", ""Xã lần đầu tiên xuất hiện di tích""]","[""baotanglichsu.vn"", ""disanvanhoa.gov.vn"", ""bvhttdl.gov.vn"", ""qdnd.vn"", ""nhandan.vn"", ""unesco.org"", ""whc.unesco.org""]","[""Xã lần đầu tiên xuất hiện"", ""Xã lần đầu tiên xuất hiện Đầu thế kỉ VII"", ""Xã lần đầu tiên xuất hiện Bắc thuộc và đấu tranh giành độc lập"", ""Xã lần đầu tiên xuất hiện Đầu thế kỉ VII Xã xuất hiện lần đầu"", ""Xã lần đầu tiên xuất hiện hiện vật"", ""Xã lần đầu tiên xuất hiện di tích""]",not_attempted,[],,,Needs manual trusted-source/image search.,False
16,mai-thuc-loan-khoi-nghia,Mai Thúc Loan dựng cờ khởi nghĩa,đầu thế kỉ VIII,Vùng đất Nam Đàn (Nghệ An) là nơi lưu nhiều dấu tích lịch sử liên quan đến Mai Thúc Loan dựng cờ khởi nghĩa (đầu thế kỉ VIII).,[],[],"[""Mai Thúc Loan dựng cờ khởi nghĩa"", ""Mai Thúc Loan dựng cờ khởi nghĩa đầu thế kỉ VIII"", ""Mai Thúc Loan dựng cờ khởi nghĩa Bắc thuộc và đấu tranh giành độc lập"", ""Mai Thúc Loan dựng cờ khởi nghĩa Diễn ra ở Nam Đàn (Nghệ An)"", ""Mai Thúc Loan dựng cờ khởi nghĩa hiện vật"", ""Mai Thúc Loan dựng cờ khởi nghĩa di tích""]","[""baotanglichsu.vn"", ""disanvanhoa.gov.vn"", ""bvhttdl.gov.vn"", ""qdnd.vn"", ""nhandan.vn"", ""unesco.org"", ""whc.unesco.org""]","[""Mai Thúc Loan dựng cờ khởi nghĩa"", ""Mai Thúc Loan dựng cờ khởi nghĩa đầu thế kỉ VIII"", ""Mai Thúc Loan dựng cờ khởi nghĩa Bắc thuộc và đấu tranh giành độc lập"", ""Mai Thúc Loan dựng cờ khởi nghĩa Diễn ra ở Nam Đàn (Nghệ An)"", ""Mai Thúc Loan dựng cờ khởi nghĩa hiện vật"", ""Mai Thúc Loan dựng cờ khởi nghĩa di tích""]",not_attempted,[],,,Needs manual trusted-source/image search.,False
17,khoi-nghia-mai-thuc-loan,Khởi nghĩa Mai Thúc Loan,713-722,"Mai Thúc Loan kêu gọi nhân dân vùng Nam Đàn (Nghệ An) nổi dậy khởi nghĩa và nhanh chóng làm chủ vùng đất Hoan Châu. Sau đó, nghĩa quân tiến ra Bắc, đánh đuổi chính quyền đô hộ, làm chủ thành Tổng Bình. Cuối cùng, cuộc khởi nghĩa bị nhà Đường đàn áp.","[""Tổng Bình""]",[],"[""Khởi nghĩa Mai Thúc Loan"", ""Khởi nghĩa Mai Thúc Loan 713-722"", ""Khởi nghĩa Mai Thúc Loan Tổng Bình"", ""Khởi nghĩa Mai Thúc Loan Nghĩa quân nhanh chóng làm chủ vùng đất Hoan Châu Tiến ra Bắc, đánh đuổi chính quyền đô hộ, làm chủ thành Tổng Bình"", ""Khởi nghĩa Mai Thúc Loan hiện vật"", ""Khởi nghĩa Mai Thúc Loan di tích""]","[""baotanglichsu.vn"", ""disanvanhoa.gov.vn"", ""bvhttdl.gov.vn"", ""qdnd.vn"", ""nhandan.vn"", ""unesco.org"", ""whc.unesco.org""]","[""Khởi nghĩa Mai Thúc Loan"", ""Khởi nghĩa Mai Thúc Loan 713-722"", ""Khởi nghĩa Mai Thúc Loan Tổng Bình"", ""Khởi nghĩa Mai Thúc Loan Nghĩa quân nhanh chóng làm chủ vùng đất Hoan Châu Tiến ra Bắc, đánh đuổi chính quyền đô hộ, làm chủ thành Tổng Bình"", ""Khởi nghĩa Mai Thúc Loan hiện vật"", ""Khởi nghĩa Mai Thúc Loan di tích""]",not_attempted,[],,,Needs manual trusted-source/image search.,False
18,khoi-nghia-phung-hung,Khởi nghĩa Phùng Hưng,Cuối thế kỉ VIII,"Cuối thế kỉ VIII, Phùng Hưng phát động khởi nghĩa ở Đường Lâm (Sơn Tây, Hà Nội). Nghĩa quân đánh chiếm phủ thành Tổng Bình, giành quyền tự chủ trong một thời gian ngắn. Năm 791, nhà Đường đem quân sang đàn áp và chiếm lại.","[""Đường Lâm (Sơn Tây, Hà Nội)"", ""Tổng Bình""]",[],"[""Khởi nghĩa Phùng Hưng"", ""Khởi nghĩa Phùng Hưng Cuối thế kỉ VIII"", ""Khởi nghĩa Phùng Hưng Đường Lâm (Sơn Tây, Hà Nội)"", ""Khởi nghĩa Phùng Hưng Phùng Hưng phát động khởi nghĩa ở Đường Lâm (Sơn Tây, Hà Nội) Năm 791, nhà Đường đem quân sang đàn áp và chiếm lại"", ""Khởi nghĩa Phùng Hưng hiện vật"", ""Khởi nghĩa Phùng Hưng di tích""]","[""baotanglichsu.vn"", ""disanvanhoa.gov.vn"", ""bvhttdl.gov.vn"", ""qdnd.vn"", ""nhandan.vn"", ""unesco.org"", ""whc.unesco.org""]","[""Khởi nghĩa Phùng Hưng"", ""Khởi nghĩa Phùng Hưng Cuối thế kỉ VIII"", ""Khởi nghĩa Phùng Hưng Đường Lâm (Sơn Tây, Hà Nội)"", ""Khởi nghĩa Phùng Hưng Phùng Hưng phát động khởi nghĩa ở Đường Lâm (Sơn Tây, Hà Nội) Năm 791, nhà Đường đem quân sang đàn áp và chiếm lại"", ""Khởi nghĩa Phùng Hưng hiện vật"", ""Khởi nghĩa Phùng Hưng di tích""]",not_attempted,[],,,Needs manual trusted-source/image search.,False
19,khoi-nghia-khuc-thua-du,Khởi nghĩa Khúc Thừa Dụ,905,"Năm 905, Khúc Thừa Dụ lãnh đạo nhân dân tấn công thành Đại La, lật đổ chính quyền đô hộ, tự xưng là Tiết độ sứ, xây dựng chính quyền tự chủ.",[],[],"[""Khởi nghĩa Khúc Thừa Dụ"", ""Khởi nghĩa Khúc Thừa Dụ 905"", ""Khởi nghĩa Khúc Thừa Dụ Bắc thuộc và đấu tranh giành độc lập"", ""Khởi nghĩa Khúc Thừa Dụ Lật đổ chính quyền đô hộ Xây dựng chính quyền tự chủ"", ""Khởi nghĩa Khúc Thừa Dụ hiện vật"", ""Khởi nghĩa Khúc Thừa Dụ di tích""]","[""baotanglichsu.vn"", ""disanvanhoa.gov.vn"", ""bvhttdl.gov.vn"", ""qdnd.vn"", ""nhandan.vn"", ""unesco.org"", ""whc.unesco.org""]","[""Khởi nghĩa Khúc Thừa Dụ"", ""Khởi nghĩa Khúc Thừa Dụ 905"", ""Khởi nghĩa Khúc Thừa Dụ Bắc thuộc và đấu tranh giành độc lập"", ""Khởi nghĩa Khúc Thừa Dụ Lật đổ chính quyền đô hộ Xây dựng chính quyền tự chủ"", ""Khởi nghĩa Khúc Thừa Dụ hiện vật"", ""Khởi nghĩa Khúc Thừa Dụ di tích""]",not_attempted,[],,,Needs manual trusted-source/image search.,False
20,chien-thang-bach-dang-938,Chiến thắng Bạch Đằng (938),Năm 938,"Chiến thắng Bạch Đằng do Ngô Quyền lãnh đạo vào năm 938 đã kết thúc ách đô hộ của phong kiến phương Bắc, mở ra thời kì độc lập tự chủ lâu dài của dân tộc.",[],[],"[""Chiến thắng Bạch Đằng (938)"", ""Chiến thắng Bạch Đằng (938) Năm 938"", ""Chiến thắng Bạch Đằng (938) Việt Nam từ thế kỉ X đến thế kỉ XV"", ""Chiến thắng Bạch Đằng (938) Diễn ra vào năm 938 Mở ra thời kì độc lập tự chủ lâu dài của dân tộc"", ""Chiến thắng Bạch Đằng (938) hiện vật"", ""Chiến thắng Bạch Đằng (938) di tích""]","[""baotanglichsu.vn"", ""disanvanhoa.gov.vn"", ""bvhttdl.gov.vn"", ""qdnd.vn"", ""nhandan.vn"", ""unesco.org"", ""whc.unesco.org""]","[""Chiến thắng Bạch Đằng (938)"", ""Chiến thắng Bạch Đằng (938) Năm 938"", ""Chiến thắng Bạch Đằng (938) Việt Nam từ thế kỉ X đến thế kỉ XV"", ""Chiến thắng Bạch Đằng (938) Diễn ra vào năm 938 Mở ra thời kì độc lập tự chủ lâu dài của dân tộc"", ""Chiến thắng Bạch Đằng (938) hiện vật"", ""Chiến thắng Bạch Đằng (938) di tích""]",not_attempted,[],,,Needs manual trusted-source/image search.,False
21,ngo-quyen-xung-vuong-co-loa,Ngô Quyền xưng vương và đóng đô ở Cổ Loa,Sau năm 938,"Sau chiến thắng Bạch Đằng (năm 938), Ngô Quyền xưng vương, đóng đô ở Cổ Loa (Hà Nội), nền độc lập dân tộc được khôi phục hoàn toàn.",[],[],"[""Ngô Quyền xưng vương và đóng đô ở Cổ Loa"", ""Ngô Quyền xưng vương và đóng đô ở Cổ Loa Sau năm 938"", ""Ngô Quyền xưng vương và đóng đô ở Cổ Loa Việt Nam từ thế kỉ X đến thế kỉ XV"", ""Ngô Quyền xưng vương và đóng đô ở Cổ Loa Đóng đô ở Cổ Loa (Hà Nội) Ngô Quyền xưng vương"", ""Ngô Quyền xưng vương và đóng đô ở Cổ Loa hiện vật"", ""Ngô Quyền xưng vương và đóng đô ở Cổ Loa di tích""]","[""baotanglichsu.vn"", ""disanvanhoa.gov.vn"", ""bvhttdl.gov.vn"", ""qdnd.vn"", ""nhandan.vn"", ""unesco.org"", ""whc.unesco.org""]","[""Ngô Quyền xưng vương và đóng đô ở Cổ Loa"", ""Ngô Quyền xưng vương và đóng đô ở Cổ Loa Sau năm 938"", ""Ngô Quyền xưng vương và đóng đô ở Cổ Loa Việt Nam từ thế kỉ X đến thế kỉ XV"", ""Ngô Quyền xưng vương và đóng đô ở Cổ Loa Đóng đô ở Cổ Loa (Hà Nội) Ngô Quyền xưng vương"", ""Ngô Quyền xưng vương và đóng đô ở Cổ Loa hiện vật"", ""Ngô Quyền xưng vương và đóng đô ở Cổ Loa di tích""]",not_attempted,[],,,Needs manual trusted-source/image search.,False
22,khang-chien-chong-quan-tong-981,Kháng chiến chống quân Tống (lần 1),Năm 981,"Cuộc kháng chiến chống quân Tống lần thứ nhất diễn ra vào năm 981, dưới sự chỉ huy của Lê Hoàn, với trận quyết chiến tại Bạch Đằng (Quảng Ninh).",[],[],"[""Kháng chiến chống quân Tống (lần 1)"", ""Kháng chiến chống quân Tống (lần 1) Năm 981"", ""Kháng chiến chống quân Tống (lần 1) Việt Nam từ thế kỉ X đến thế kỉ XV"", ""Kháng chiến chống quân Tống (lần 1) Trận quyết chiến: Bạch Đằng (Quảng Ninh) Người chỉ huy: Lê Hoàn"", ""Kháng chiến chống quân Tống (lần 1) hiện vật"", ""Kháng chiến chống quân Tống (lần 1) di tích""]","[""baotanglichsu.vn"", ""disanvanhoa.gov.vn"", ""bvhttdl.gov.vn"", ""qdnd.vn"", ""nhandan.vn"", ""unesco.org"", ""whc.unesco.org""]","[""Kháng chiến chống quân Tống (lần 1)"", ""Kháng chiến chống quân Tống (lần 1) Năm 981"", ""Kháng chiến chống quân Tống (lần 1) Việt Nam từ thế kỉ X đến thế kỉ XV"", ""Kháng chiến chống quân Tống (lần 1) Trận quyết chiến: Bạch Đằng (Quảng Ninh) Người chỉ huy: Lê Hoàn"", ""Kháng chiến chống quân Tống (lần 1) hiện vật"", ""Kháng chiến chống quân Tống (lần 1) di tích""]",not_attempted,[],,,Needs manual trusted-source/image search.,False
23,khang-chien-chong-quan-tong-1075-1077,Kháng chiến chống quân Tống (lần 2),1075-1077,"Cuộc kháng chiến chống quân Tống lần thứ hai diễn ra từ 1075 đến 1077, dưới sự chỉ huy của Lý Thường Kiệt, với trận quyết chiến tại Phòng tuyến Như Nguyệt (Bắc Ninh).","[""Phòng tuyến Như Nguyệt""]",[],"[""Kháng chiến chống quân Tống (lần 2)"", ""Kháng chiến chống quân Tống (lần 2) 1075-1077"", ""Kháng chiến chống quân Tống (lần 2) Phòng tuyến Như Nguyệt"", ""Kháng chiến chống quân Tống (lần 2) Diễn ra 1075-1077 Thực hiện kế sách \""tiên phát chế nhân\"""", ""Kháng chiến chống quân Tống (lần 2) hiện vật"", ""Kháng chiến chống quân Tống (lần 2) di tích""]","[""baotanglichsu.vn"", ""disanvanhoa.gov.vn"", ""bvhttdl.gov.vn"", ""qdnd.vn"", ""nhandan.vn"", ""unesco.org"", ""whc.unesco.org""]","[""Kháng chiến chống quân Tống (lần 2)"", ""Kháng chiến chống quân Tống (lần 2) 1075-1077"", ""Kháng chiến chống quân Tống (lần 2) Phòng tuyến Như Nguyệt"", ""Kháng chiến chống quân Tống (lần 2) Diễn ra 1075-1077 Thực hiện kế sách \""tiên phát chế nhân\"""", ""Kháng chiến chống quân Tống (lần 2) hiện vật"", ""Kháng chiến chống quân Tống (lần 2) di tích""]",not_attempted,[],,,Needs manual trusted-source/image search.,False
24,ly-thuong-kiet-tap-kich-kham-chau-liem-chau-ung-chau,"Lý Thường Kiệt chủ động tập kích Khâm Châu, Liêm Châu, Ung Châu",Năm 1075,"Trong cuộc kháng chiến chống Tống giai đoạn thứ nhất (1075), triều Lý đã thực hiện kế sách ""tiên phát chế nhân"" bằng cách chủ động tập kích Khâm Châu, Liêm Châu, Ung Châu (Trung Quốc) nhằm ngăn chặn âm mưu xâm lược của quân Tống.","[""Liêm Châu"", ""Ung Châu"", ""Khâm Châu"", ""Trung Quốc""]",[],"[""Lý Thường Kiệt chủ động tập kích Khâm Châu, Liêm Châu, Ung Châu"", ""Lý Thường Kiệt chủ động tập kích Khâm Châu, Liêm Châu, Ung Châu Năm 1075"", ""Lý Thường Kiệt chủ động tập kích Khâm Châu, Liêm Châu, Ung Châu Liêm Châu"", ""Lý Thường Kiệt chủ động tập kích Khâm Châu, Liêm Châu, Ung Châu Người chỉ huy: Lý Thường Kiệt Kế sách: \""tiên phát chế nhân\"""", ""Lý Thường Kiệt chủ động tập kích Khâm Châu, Liêm Châu, Ung Châu hiện vật"", ""Lý Thường Kiệt chủ động tập kích Khâm Châu, Liêm Châu, Ung Châu di tích""]","[""baotanglichsu.vn"", ""disanvanhoa.gov.vn"", ""bvhttdl.gov.vn"", ""qdnd.vn"", ""nhandan.vn"", ""unesco.org"", ""whc.unesco.org""]","[""Lý Thường Kiệt chủ động tập kích Khâm Châu, Liêm Châu, Ung Châu"", ""Lý Thường Kiệt chủ động tập kích Khâm Châu, Liêm Châu, Ung Châu Năm 1075"", ""Lý Thường Kiệt chủ động tập kích Khâm Châu, Liêm Châu, Ung Châu Liêm Châu"", ""Lý Thường Kiệt chủ động tập kích Khâm Châu, Liêm Châu, Ung Châu Người chỉ huy: Lý Thường Kiệt Kế sách: \""tiên phát chế nhân\"""", ""Lý Thường Kiệt chủ động tập kích Khâm Châu, Liêm Châu, Ung Châu hiện vật"", ""Lý Thường Kiệt chủ động tập kích Khâm Châu, Liêm Châu, Ung Châu di tích""]",not_attempted,[],,,Needs manual trusted-source/image search.,False
25,ly-nhan-tong-lap-quoc-tu-giam,Vua Lý Nhân Tông cho lập Quốc Tử Giám,Năm 1076,"Năm 1076, vua Lý Nhân Tông cho lập Quốc Tử Giám (Hà Nội) làm trường học Nho giáo cao cấp của triều đình.",[],[],"[""Vua Lý Nhân Tông cho lập Quốc Tử Giám"", ""Vua Lý Nhân Tông cho lập Quốc Tử Giám Năm 1076"", ""Vua Lý Nhân Tông cho lập Quốc Tử Giám Việt Nam từ thế kỉ X đến thế kỉ XV"", ""Vua Lý Nhân Tông cho lập Quốc Tử Giám Vua Lý Nhân Tông cho lập Quốc Tử Giám Diễn ra năm 1076"", ""Vua Lý Nhân Tông cho lập Quốc Tử Giám hiện vật"", ""Vua Lý Nhân Tông cho lập Quốc Tử Giám di tích""]","[""baotanglichsu.vn"", ""disanvanhoa.gov.vn"", ""bvhttdl.gov.vn"", ""qdnd.vn"", ""nhandan.vn"", ""unesco.org"", ""whc.unesco.org""]","[""Vua Lý Nhân Tông cho lập Quốc Tử Giám"", ""Vua Lý Nhân Tông cho lập Quốc Tử Giám Năm 1076"", ""Vua Lý Nhân Tông cho lập Quốc Tử Giám Việt Nam từ thế kỉ X đến thế kỉ XV"", ""Vua Lý Nhân Tông cho lập Quốc Tử Giám Vua Lý Nhân Tông cho lập Quốc Tử Giám Diễn ra năm 1076"", ""Vua Lý Nhân Tông cho lập Quốc Tử Giám hiện vật"", ""Vua Lý Nhân Tông cho lập Quốc Tử Giám di tích""]",not_attempted,[],,,Needs manual trusted-source/image search.,False
26,ga-cong-chua-thieu-dung-duong-tu-minh-1144,Gả Công chúa Thiều Dung cho Dương Tự Minh,Năm 1144,"Giáp Tý [1144], gả Công chúa Thiều Dung cho Dương Tự Minh (một thủ lĩnh người dân tộc Tày ở Thái Nguyên], phong Tự Minh làm Phò mã lang.... Tháng 5, cho Mậu Du Đô làm Thái sư, xa lĩnh việc các khê động dọc biên giới về đường bộ.","[""biên giới""]",[],"[""Gả Công chúa Thiều Dung cho Dương Tự Minh"", ""Gả Công chúa Thiều Dung cho Dương Tự Minh Năm 1144"", ""Gả Công chúa Thiều Dung cho Dương Tự Minh biên giới"", ""Gả Công chúa Thiều Dung cho Dương Tự Minh Diễn ra vào năm 1144 (Giáp Tý) Công chúa Thiều Dung được gả cho Dương Tự Minh"", ""Gả Công chúa Thiều Dung cho Dương Tự Minh hiện vật"", ""Gả Công chúa Thiều Dung cho Dương Tự Minh di tích""]","[""baotanglichsu.vn"", ""disanvanhoa.gov.vn"", ""bvhttdl.gov.vn"", ""qdnd.vn"", ""nhandan.vn"", ""unesco.org"", ""whc.unesco.org""]","[""Gả Công chúa Thiều Dung cho Dương Tự Minh"", ""Gả Công chúa Thiều Dung cho Dương Tự Minh Năm 1144"", ""Gả Công chúa Thiều Dung cho Dương Tự Minh biên giới"", ""Gả Công chúa Thiều Dung cho Dương Tự Minh Diễn ra vào năm 1144 (Giáp Tý) Công chúa Thiều Dung được gả cho Dương Tự Minh"", ""Gả Công chúa Thiều Dung cho Dương Tự Minh hiện vật"", ""Gả Công chúa Thiều Dung cho Dương Tự Minh di tích""]",not_attempted,[],,,Needs manual trusted-source/image search.,False
27,cai-cach-tran-thu-do,Cải cách của Trần Thủ Độ,Thế kỉ XIII,Cải cách của Trần Thủ Độ diễn ra vào thế kỉ XIII.,[],[],"[""Cải cách của Trần Thủ Độ"", ""Cải cách của Trần Thủ Độ Thế kỉ XIII"", ""Cải cách của Trần Thủ Độ Việt Nam từ thế kỉ X đến thế kỉ XV"", ""Cải cách của Trần Thủ Độ Do Trần Thủ Độ tiến hành Diễn ra vào thế kỉ XIII"", ""Cải cách của Trần Thủ Độ hiện vật"", ""Cải cách của Trần Thủ Độ di tích""]","[""baotanglichsu.vn"", ""disanvanhoa.gov.vn"", ""bvhttdl.gov.vn"", ""qdnd.vn"", ""nhandan.vn"", ""unesco.org"", ""whc.unesco.org""]","[""Cải cách của Trần Thủ Độ"", ""Cải cách của Trần Thủ Độ Thế kỉ XIII"", ""Cải cách của Trần Thủ Độ Việt Nam từ thế kỉ X đến thế kỉ XV"", ""Cải cách của Trần Thủ Độ Do Trần Thủ Độ tiến hành Diễn ra vào thế kỉ XIII"", ""Cải cách của Trần Thủ Độ hiện vật"", ""Cải cách của Trần Thủ Độ di tích""]",not_attempted,[],,,Needs manual trusted-source/image search.,False
28,khang-chien-chong-quan-mong-co-1258,Kháng chiến chống quân Mông Cổ (lần 1),Năm 1258,"Cuộc kháng chiến chống quân Mông Cổ lần thứ nhất diễn ra vào năm 1258, dưới sự chỉ huy của Trần Thái Tông và Trần Thủ Độ, với các trận quyết chiến tại Bình Lệ Nguyên (Vĩnh Phúc) và Đông Bộ Đầu (Hà Nội).",[],[],"[""Kháng chiến chống quân Mông Cổ (lần 1)"", ""Kháng chiến chống quân Mông Cổ (lần 1) Năm 1258"", ""Kháng chiến chống quân Mông Cổ (lần 1) Việt Nam từ thế kỉ X đến thế kỉ XV"", ""Kháng chiến chống quân Mông Cổ (lần 1) Người chỉ huy: Trần Thái Tông, Trần Thủ Độ Diễn ra năm 1258"", ""Kháng chiến chống quân Mông Cổ (lần 1) hiện vật"", ""Kháng chiến chống quân Mông Cổ (lần 1) di tích""]","[""baotanglichsu.vn"", ""disanvanhoa.gov.vn"", ""bvhttdl.gov.vn"", ""qdnd.vn"", ""nhandan.vn"", ""unesco.org"", ""whc.unesco.org""]","[""Kháng chiến chống quân Mông Cổ (lần 1)"", ""Kháng chiến chống quân Mông Cổ (lần 1) Năm 1258"", ""Kháng chiến chống quân Mông Cổ (lần 1) Việt Nam từ thế kỉ X đến thế kỉ XV"", ""Kháng chiến chống quân Mông Cổ (lần 1) Người chỉ huy: Trần Thái Tông, Trần Thủ Độ Diễn ra năm 1258"", ""Kháng chiến chống quân Mông Cổ (lần 1) hiện vật"", ""Kháng chiến chống quân Mông Cổ (lần 1) di tích""]",not_attempted,[],,,Needs manual trusted-source/image search.,False
29,hoi-nghi-binh-than,Hội nghị Bình Than,Năm 1282,"Để chuẩn bị cho cuộc kháng chiến chống Nguyên năm 1285, nhà Trần đã tổ chức Hội nghị Bình Than vào năm 1282, triệu tập vương hầu, quý tộc, tướng lĩnh để bàn kế sách đánh giặc.",[],[],"[""Hội nghị Bình Than"", ""Hội nghị Bình Than Năm 1282"", ""Hội nghị Bình Than Việt Nam từ thế kỉ X đến thế kỉ XV"", ""Hội nghị Bình Than Diễn ra năm 1282 Mục đích: bàn kế sách đánh giặc Nguyên"", ""Hội nghị Bình Than hiện vật"", ""Hội nghị Bình Than di tích""]","[""baotanglichsu.vn"", ""disanvanhoa.gov.vn"", ""bvhttdl.gov.vn"", ""qdnd.vn"", ""nhandan.vn"", ""unesco.org"", ""whc.unesco.org""]","[""Hội nghị Bình Than"", ""Hội nghị Bình Than Năm 1282"", ""Hội nghị Bình Than Việt Nam từ thế kỉ X đến thế kỉ XV"", ""Hội nghị Bình Than Diễn ra năm 1282 Mục đích: bàn kế sách đánh giặc Nguyên"", ""Hội nghị Bình Than hiện vật"", ""Hội nghị Bình Than di tích""]",not_attempted,[],,,Needs manual trusted-source/image search.,False
30,hoi-nghi-dien-hong,Hội nghị Diên Hồng,Năm 1285,"Năm 1285, tại điện Diên Hồng ở kinh thành Thăng Long, khi Thượng hoàng Trần Thánh Tông hỏi về kế sách đánh giặc, các vị bô lão đều đồng thanh hô lớn: ""Đánh!"".",[],[],"[""Hội nghị Diên Hồng"", ""Hội nghị Diên Hồng Năm 1285"", ""Hội nghị Diên Hồng Việt Nam từ thế kỉ X đến thế kỉ XV"", ""Hội nghị Diên Hồng Diễn ra năm 1285 Địa điểm: điện Diên Hồng, Thăng Long"", ""Hội nghị Diên Hồng hiện vật"", ""Hội nghị Diên Hồng di tích""]","[""baotanglichsu.vn"", ""disanvanhoa.gov.vn"", ""bvhttdl.gov.vn"", ""qdnd.vn"", ""nhandan.vn"", ""unesco.org"", ""whc.unesco.org""]","[""Hội nghị Diên Hồng"", ""Hội nghị Diên Hồng Năm 1285"", ""Hội nghị Diên Hồng Việt Nam từ thế kỉ X đến thế kỉ XV"", ""Hội nghị Diên Hồng Diễn ra năm 1285 Địa điểm: điện Diên Hồng, Thăng Long"", ""Hội nghị Diên Hồng hiện vật"", ""Hội nghị Diên Hồng di tích""]",not_attempted,[],,,Needs manual trusted-source/image search.,False
31,khang-chien-chong-quan-nguyen-1285,Kháng chiến chống quân Nguyên (lần 2),Năm 1285,"Cuộc kháng chiến chống quân Nguyên lần thứ hai diễn ra vào năm 1285, dưới sự chỉ huy của Trần Thánh Tông và Trần Quốc Tuấn, với các trận quyết chiến tại Tây Kết, Hàm Tử (Hưng Yên), Chương Dương, Thăng Long (Hà Nội).",[],[],"[""Kháng chiến chống quân Nguyên (lần 2)"", ""Kháng chiến chống quân Nguyên (lần 2) Năm 1285"", ""Kháng chiến chống quân Nguyên (lần 2) Việt Nam từ thế kỉ X đến thế kỉ XV"", ""Kháng chiến chống quân Nguyên (lần 2) Trận quyết chiến: Tây Kết, Hàm Tử (Hưng Yên), Chương Dương, Thăng Long (Hà Nội) Tổ chức Hội nghị Bình Than và Hội nghị Diên Hồng"", ""Kháng chiến chống quân Nguyên (lần 2) hiện vật"", ""Kháng chiến chống quân Nguyên (lần 2) di tích""]","[""baotanglichsu.vn"", ""disanvanhoa.gov.vn"", ""bvhttdl.gov.vn"", ""qdnd.vn"", ""nhandan.vn"", ""unesco.org"", ""whc.unesco.org""]","[""Kháng chiến chống quân Nguyên (lần 2)"", ""Kháng chiến chống quân Nguyên (lần 2) Năm 1285"", ""Kháng chiến chống quân Nguyên (lần 2) Việt Nam từ thế kỉ X đến thế kỉ XV"", ""Kháng chiến chống quân Nguyên (lần 2) Trận quyết chiến: Tây Kết, Hàm Tử (Hưng Yên), Chương Dương, Thăng Long (Hà Nội) Tổ chức Hội nghị Bình Than và Hội nghị Diên Hồng"", ""Kháng chiến chống quân Nguyên (lần 2) hiện vật"", ""Kháng chiến chống quân Nguyên (lần 2) di tích""]",not_attempted,[],,,Needs manual trusted-source/image search.,False
32,khung-hoang-cuoi-trieu-tran,Khủng hoảng cuối triều Trần,Cuối thế kỉ XIV,"Cuối thế kỉ XIV, nhà Trần lâm vào cuộc khủng hoảng, ngày càng suy yếu. Tầng lớp quý tộc có xu hướng ăn chơi hưởng lạc, đất nước lâm vào khủng hoảng, nhiều cuộc khởi nghĩa của nông dân và nô tì nổ ra.",[],[],"[""Khủng hoảng cuối triều Trần"", ""Khủng hoảng cuối triều Trần Cuối thế kỉ XIV"", ""Khủng hoảng cuối triều Trần Việt Nam từ thế kỉ X đến thế kỉ XV"", ""Khủng hoảng cuối triều Trần Quý tộc ăn chơi hưởng lạc Nhiều cuộc khởi nghĩa nông dân, nô tì"", ""Khủng hoảng cuối triều Trần hiện vật"", ""Khủng hoảng cuối triều Trần di tích""]","[""baotanglichsu.vn"", ""disanvanhoa.gov.vn"", ""bvhttdl.gov.vn"", ""qdnd.vn"", ""nhandan.vn"", ""unesco.org"", ""whc.unesco.org""]","[""Khủng hoảng cuối triều Trần"", ""Khủng hoảng cuối triều Trần Cuối thế kỉ XIV"", ""Khủng hoảng cuối triều Trần Việt Nam từ thế kỉ X đến thế kỉ XV"", ""Khủng hoảng cuối triều Trần Quý tộc ăn chơi hưởng lạc Nhiều cuộc khởi nghĩa nông dân, nô tì"", ""Khủng hoảng cuối triều Trần hiện vật"", ""Khủng hoảng cuối triều Trần di tích""]",not_attempted,[],,,Needs manual trusted-source/image search.,False
33,le-loi-xay-thanh-luc-nien,Lê Lợi xây thành Lục Niên,thế kỉ XV,Vùng đất Nam Đàn (Nghệ An) là nơi lưu nhiều dấu tích lịch sử liên quan đến Lê Lợi xây thành Lục Niên (thế kỉ XV).,[],[],"[""Lê Lợi xây thành Lục Niên"", ""Lê Lợi xây thành Lục Niên thế kỉ XV"", ""Lê Lợi xây thành Lục Niên Việt Nam từ thế kỉ X đến thế kỉ XV"", ""Lê Lợi xây thành Lục Niên Diễn ra ở Nam Đàn (Nghệ An)"", ""Lê Lợi xây thành Lục Niên hiện vật"", ""Lê Lợi xây thành Lục Niên di tích""]","[""baotanglichsu.vn"", ""disanvanhoa.gov.vn"", ""bvhttdl.gov.vn"", ""qdnd.vn"", ""nhandan.vn"", ""unesco.org"", ""whc.unesco.org""]","[""Lê Lợi xây thành Lục Niên"", ""Lê Lợi xây thành Lục Niên thế kỉ XV"", ""Lê Lợi xây thành Lục Niên Việt Nam từ thế kỉ X đến thế kỉ XV"", ""Lê Lợi xây thành Lục Niên Diễn ra ở Nam Đàn (Nghệ An)"", ""Lê Lợi xây thành Lục Niên hiện vật"", ""Lê Lợi xây thành Lục Niên di tích""]",not_attempted,[],,,Needs manual trusted-source/image search.,False
34,nha-minh-xam-luoc-dai-ngu,Nhà Minh xâm lược Đại Ngu,Giữa lúc công cuộc cải cách của nhà Hồ đang thực hiện (đầu thế kỉ XV),"Giữa lúc công cuộc cải cách đang thực hiện, các mâu thuẫn xã hội diễn biến phức tạp, nhà Minh đã tận dụng cơ hội tiến hành xâm lược Đại Ngu.",[],[],"[""Nhà Minh xâm lược Đại Ngu"", ""Nhà Minh xâm lược Đại Ngu Giữa lúc công cuộc cải cách của nhà Hồ đang thực hiện (đầu thế kỉ XV)"", ""Nhà Minh xâm lược Đại Ngu Kháng chiến chống quân Minh của nhà Hồ"", ""Nhà Minh xâm lược Đại Ngu Là nhân tố khách quan khiến cải cách và kháng chiến nhà Hồ thất bại Diễn ra khi cải cách nhà Hồ đang thực hiện"", ""Nhà Minh xâm lược Đại Ngu hiện vật"", ""Nhà Minh xâm lược Đại Ngu di tích""]","[""baotanglichsu.vn"", ""disanvanhoa.gov.vn"", ""bvhttdl.gov.vn"", ""qdnd.vn"", ""nhandan.vn"", ""unesco.org"", ""whc.unesco.org""]","[""Nhà Minh xâm lược Đại Ngu"", ""Nhà Minh xâm lược Đại Ngu Giữa lúc công cuộc cải cách của nhà Hồ đang thực hiện (đầu thế kỉ XV)"", ""Nhà Minh xâm lược Đại Ngu Kháng chiến chống quân Minh của nhà Hồ"", ""Nhà Minh xâm lược Đại Ngu Là nhân tố khách quan khiến cải cách và kháng chiến nhà Hồ thất bại Diễn ra khi cải cách nhà Hồ đang thực hiện"", ""Nhà Minh xâm lược Đại Ngu hiện vật"", ""Nhà Minh xâm lược Đại Ngu di tích""]",not_attempted,[],,,Needs manual trusted-source/image search.,False
35,khang-chien-chong-quan-minh-nha-ho,Kháng chiến chống quân Minh của nhà Hồ,1406 - 1407,"Cuộc kháng chiến chống quân Minh của nhà Hồ diễn ra từ cuối năm 1406 đến tháng 6 năm 1407. Nhà Minh huy động một lực lượng quân đội lớn do Trương Phụ và Mộc Thạnh chỉ huy sang xâm lược Đại Ngu. Cuối tháng 1 năm 1407, quân Minh chiếm được thành Đa Bang và Đông Đô (Hà Nội). Nhà Hồ phải rút quân về cố thủ ở thành Tây Đô (Thanh Hoá). Đến tháng 6 năm 1407, cuộc kháng chiến của nhà Hồ bị thất bại.",[],[],"[""Kháng chiến chống quân Minh của nhà Hồ"", ""Kháng chiến chống quân Minh của nhà Hồ 1406 - 1407"", ""Kháng chiến chống quân Minh của nhà Hồ Việt Nam từ thế kỉ X đến thế kỉ XV"", ""Kháng chiến chống quân Minh của nhà Hồ Diễn ra 1406-1407 Nhà Minh đặt Đại Ngu thành quận Giao Chỉ"", ""Kháng chiến chống quân Minh của nhà Hồ hiện vật"", ""Kháng chiến chống quân Minh của nhà Hồ di tích""]","[""baotanglichsu.vn"", ""disanvanhoa.gov.vn"", ""bvhttdl.gov.vn"", ""qdnd.vn"", ""nhandan.vn"", ""unesco.org"", ""whc.unesco.org""]","[""Kháng chiến chống quân Minh của nhà Hồ"", ""Kháng chiến chống quân Minh của nhà Hồ 1406 - 1407"", ""Kháng chiến chống quân Minh của nhà Hồ Việt Nam từ thế kỉ X đến thế kỉ XV"", ""Kháng chiến chống quân Minh của nhà Hồ Diễn ra 1406-1407 Nhà Minh đặt Đại Ngu thành quận Giao Chỉ"", ""Kháng chiến chống quân Minh của nhà Hồ hiện vật"", ""Kháng chiến chống quân Minh của nhà Hồ di tích""]",not_attempted,[],,,Needs manual trusted-source/image search.,False
36,nha-minh-thong-tri-huy-diet-van-minh-dai-viet,Nhà Minh thống trị Đại Việt và chính sách huỷ diệt văn minh,Từ năm 1407 đến năm 1427,"Từ năm 1407 đến năm 1427, nhà Minh thống trị và thực hiện chính sách huỷ diệt văn minh Đại Việt.",[],[],"[""Nhà Minh thống trị Đại Việt và chính sách huỷ diệt văn minh"", ""Nhà Minh thống trị Đại Việt và chính sách huỷ diệt văn minh Từ năm 1407 đến năm 1427"", ""Nhà Minh thống trị Đại Việt và chính sách huỷ diệt văn minh Việt Nam từ thế kỉ X đến thế kỉ XV"", ""Nhà Minh thống trị Đại Việt và chính sách huỷ diệt văn minh Thực hiện chính sách huỷ diệt văn minh Đại Việt Diễn ra từ 1407 đến 1427"", ""Nhà Minh thống trị Đại Việt và chính sách huỷ diệt văn minh hiện vật"", ""Nhà Minh thống trị Đại Việt và chính sách huỷ diệt văn minh di tích""]","[""baotanglichsu.vn"", ""disanvanhoa.gov.vn"", ""bvhttdl.gov.vn"", ""qdnd.vn"", ""nhandan.vn"", ""unesco.org"", ""whc.unesco.org""]","[""Nhà Minh thống trị Đại Việt và chính sách huỷ diệt văn minh"", ""Nhà Minh thống trị Đại Việt và chính sách huỷ diệt văn minh Từ năm 1407 đến năm 1427"", ""Nhà Minh thống trị Đại Việt và chính sách huỷ diệt văn minh Việt Nam từ thế kỉ X đến thế kỉ XV"", ""Nhà Minh thống trị Đại Việt và chính sách huỷ diệt văn minh Thực hiện chính sách huỷ diệt văn minh Đại Việt Diễn ra từ 1407 đến 1427"", ""Nhà Minh thống trị Đại Việt và chính sách huỷ diệt văn minh hiện vật"", ""Nhà Minh thống trị Đại Việt và chính sách huỷ diệt văn minh di tích""]",not_attempted,[],,,Needs manual trusted-source/image search.,False
37,hoi-the-lung-nhai,Hội thề Lũng Nhai,Năm 1416,"Hội thề Lũng Nhai diễn ra vào năm 1416, Lê Lợi cùng 18 hào kiệt làm lễ kết nghĩa anh em, nguyện một lòng đánh giặc cứu nước.",[],[],"[""Hội thề Lũng Nhai"", ""Hội thề Lũng Nhai Năm 1416"", ""Hội thề Lũng Nhai Việt Nam từ thế kỉ X đến thế kỉ XV"", ""Hội thề Lũng Nhai Lê Lợi cùng 18 hào kiệt làm lễ kết nghĩa anh em Nguyện một lòng đánh giặc cứu nước"", ""Hội thề Lũng Nhai hiện vật"", ""Hội thề Lũng Nhai di tích""]","[""baotanglichsu.vn"", ""disanvanhoa.gov.vn"", ""bvhttdl.gov.vn"", ""qdnd.vn"", ""nhandan.vn"", ""unesco.org"", ""whc.unesco.org""]","[""Hội thề Lũng Nhai"", ""Hội thề Lũng Nhai Năm 1416"", ""Hội thề Lũng Nhai Việt Nam từ thế kỉ X đến thế kỉ XV"", ""Hội thề Lũng Nhai Lê Lợi cùng 18 hào kiệt làm lễ kết nghĩa anh em Nguyện một lòng đánh giặc cứu nước"", ""Hội thề Lũng Nhai hiện vật"", ""Hội thề Lũng Nhai di tích""]",not_attempted,[],,,Needs manual trusted-source/image search.,False
38,hoi-the-dong-quan,Hội thề Đông Quan,Tháng 12 - 1427,"Hội thề Đông Quan diễn ra vào tháng 12 năm 1427, do Lê Lợi và Vương Thông dẫn đầu hai phái đoàn để chấm dứt chiến tranh, quân Minh rút về nước.",[],[],"[""Hội thề Đông Quan"", ""Hội thề Đông Quan Tháng 12 - 1427"", ""Hội thề Đông Quan Việt Nam từ thế kỉ X đến thế kỉ XV"", ""Hội thề Đông Quan Quân Minh rút về nước Lê Lợi và Vương Thông dẫn đầu hai phái đoàn"", ""Hội thề Đông Quan hiện vật"", ""Hội thề Đông Quan di tích""]","[""baotanglichsu.vn"", ""disanvanhoa.gov.vn"", ""bvhttdl.gov.vn"", ""qdnd.vn"", ""nhandan.vn"", ""unesco.org"", ""whc.unesco.org""]","[""Hội thề Đông Quan"", ""Hội thề Đông Quan Tháng 12 - 1427"", ""Hội thề Đông Quan Việt Nam từ thế kỉ X đến thế kỉ XV"", ""Hội thề Đông Quan Quân Minh rút về nước Lê Lợi và Vương Thông dẫn đầu hai phái đoàn"", ""Hội thề Đông Quan hiện vật"", ""Hội thề Đông Quan di tích""]",not_attempted,[],,,Needs manual trusted-source/image search.,False
39,le-nghi-dan-dat-luc-bo,Lê Nghi Dân đặt Lục bộ,Năm 1460,"Năm 1460, Lê Nghi Dân đặt lục bộ, nhưng đến năm 1465, vua Lê Thánh Tông mới đưa lục bộ trở thành cơ quan có quyền lực thực sự.",[],[],"[""Lê Nghi Dân đặt Lục bộ"", ""Lê Nghi Dân đặt Lục bộ Năm 1460"", ""Lê Nghi Dân đặt Lục bộ Cuộc cải cách của Lê Thánh Tông"", ""Lê Nghi Dân đặt Lục bộ Lục bộ ban đầu chỉ là cơ quan phụ trợ Người đặt: Lê Nghi Dân"", ""Lê Nghi Dân đặt Lục bộ hiện vật"", ""Lê Nghi Dân đặt Lục bộ di tích""]","[""baotanglichsu.vn"", ""disanvanhoa.gov.vn"", ""bvhttdl.gov.vn"", ""qdnd.vn"", ""nhandan.vn"", ""unesco.org"", ""whc.unesco.org""]","[""Lê Nghi Dân đặt Lục bộ"", ""Lê Nghi Dân đặt Lục bộ Năm 1460"", ""Lê Nghi Dân đặt Lục bộ Cuộc cải cách của Lê Thánh Tông"", ""Lê Nghi Dân đặt Lục bộ Lục bộ ban đầu chỉ là cơ quan phụ trợ Người đặt: Lê Nghi Dân"", ""Lê Nghi Dân đặt Lục bộ hiện vật"", ""Lê Nghi Dân đặt Lục bộ di tích""]",not_attempted,[],,,Needs manual trusted-source/image search.,False
40,cai-to-he-thong-quan-doi-le-thanh-tong,Cải tổ hệ thống quân đội dưới thời Lê Thánh Tông,Năm 1466,"Năm 1466, vua Lê Thánh Tông tiến hành cải tổ hệ thống quân đội. Quân đội được chia làm hai loại: quân thường trực bảo vệ kinh thành gọi là cấm binh hay thân binh và quân các đạo, gọi là ngoại binh. Ở mỗi đạo chia binh làm 5 phủ do đô đốc phủ đứng đầu; mỗi phủ gồm 6 vệ; mỗi vệ có 5 hoặc 6 sở. Nhà nước cũng rất chú ý đến rèn luyện quân đội như duyệt tập binh sĩ hằng năm, quy định cứ 3 năm tổ chức một kì thì khảo võ nghệ của quân sĩ và định lệ thưởng phạt,...","[""kinh thành""]",[],"[""Cải tổ hệ thống quân đội dưới thời Lê Thánh Tông"", ""Cải tổ hệ thống quân đội dưới thời Lê Thánh Tông Năm 1466"", ""Cải tổ hệ thống quân đội dưới thời Lê Thánh Tông kinh thành"", ""Cải tổ hệ thống quân đội dưới thời Lê Thánh Tông Diễn ra năm 1466 Chia thành cấm binh và ngoại binh"", ""Cải tổ hệ thống quân đội dưới thời Lê Thánh Tông hiện vật"", ""Cải tổ hệ thống quân đội dưới thời Lê Thánh Tông di tích""]","[""baotanglichsu.vn"", ""disanvanhoa.gov.vn"", ""bvhttdl.gov.vn"", ""qdnd.vn"", ""nhandan.vn"", ""unesco.org"", ""whc.unesco.org""]","[""Cải tổ hệ thống quân đội dưới thời Lê Thánh Tông"", ""Cải tổ hệ thống quân đội dưới thời Lê Thánh Tông Năm 1466"", ""Cải tổ hệ thống quân đội dưới thời Lê Thánh Tông kinh thành"", ""Cải tổ hệ thống quân đội dưới thời Lê Thánh Tông Diễn ra năm 1466 Chia thành cấm binh và ngoại binh"", ""Cải tổ hệ thống quân đội dưới thời Lê Thánh Tông hiện vật"", ""Cải tổ hệ thống quân đội dưới thời Lê Thánh Tông di tích""]",not_attempted,[],,,Needs manual trusted-source/image search.,False
41,dat-them-thua-tuyen-quang-nam,Đặt thêm thừa tuyên Quảng Nam,Năm 1471,"Năm 1471, đặt thêm thừa tuyên thứ 13 là Quảng Nam.",[],[],"[""Đặt thêm thừa tuyên Quảng Nam"", ""Đặt thêm thừa tuyên Quảng Nam Năm 1471"", ""Đặt thêm thừa tuyên Quảng Nam Cuộc cải cách của Lê Thánh Tông"", ""Đặt thêm thừa tuyên Quảng Nam Địa danh: Quảng Nam Diễn ra năm 1471"", ""Đặt thêm thừa tuyên Quảng Nam hiện vật"", ""Đặt thêm thừa tuyên Quảng Nam di tích""]","[""baotanglichsu.vn"", ""disanvanhoa.gov.vn"", ""bvhttdl.gov.vn"", ""qdnd.vn"", ""nhandan.vn"", ""unesco.org"", ""whc.unesco.org""]","[""Đặt thêm thừa tuyên Quảng Nam"", ""Đặt thêm thừa tuyên Quảng Nam Năm 1471"", ""Đặt thêm thừa tuyên Quảng Nam Cuộc cải cách của Lê Thánh Tông"", ""Đặt thêm thừa tuyên Quảng Nam Địa danh: Quảng Nam Diễn ra năm 1471"", ""Đặt thêm thừa tuyên Quảng Nam hiện vật"", ""Đặt thêm thừa tuyên Quảng Nam di tích""]",not_attempted,[],,,Needs manual trusted-source/image search.,False
42,ban-hanh-chinh-sach-loc-dien-quan-dien,Ban hành chính sách lộc điền và quân điền,Năm 1477,"Năm 1477, ban hành chính sách lộc điền và quân điển. Chính sách lộc điền quy định: tổng diện tích cấp cho thân vương là 2 090 mẫu, trong đó 640 mẫu cấp vĩnh viễn. Chính sách quân điền quy định: mọi người từ quan tam phẩm đến cô nhị, quả phụ đều được chia ruộng công; quan tam phẩm được 11 phần, ngũ phẩm được 9,5 phần,... cô nhị, quả phụ được 3 phần; ruộng xã nào chia cho dân xã ấy; xã nào ruộng quá nhiều, người ít thì cho phép lấy bớt ruộng của xã đó chia cho xã bên cạnh ruộng ít, người nhiều; ruộng công làng xã cứ 6 năm chia lại một lần.",[],[],"[""Ban hành chính sách lộc điền và quân điền"", ""Ban hành chính sách lộc điền và quân điền Năm 1477"", ""Ban hành chính sách lộc điền và quân điền Cuộc cải cách của Lê Thánh Tông"", ""Ban hành chính sách lộc điền và quân điền Gồm lộc điền (cấp thân vương) và quân điền (chia ruộng công) Ban hành năm 1477"", ""Ban hành chính sách lộc điền và quân điền hiện vật"", ""Ban hành chính sách lộc điền và quân điền di tích""]","[""baotanglichsu.vn"", ""disanvanhoa.gov.vn"", ""bvhttdl.gov.vn"", ""qdnd.vn"", ""nhandan.vn"", ""unesco.org"", ""whc.unesco.org""]","[""Ban hành chính sách lộc điền và quân điền"", ""Ban hành chính sách lộc điền và quân điền Năm 1477"", ""Ban hành chính sách lộc điền và quân điền Cuộc cải cách của Lê Thánh Tông"", ""Ban hành chính sách lộc điền và quân điền Gồm lộc điền (cấp thân vương) và quân điền (chia ruộng công) Ban hành năm 1477"", ""Ban hành chính sách lộc điền và quân điền hiện vật"", ""Ban hành chính sách lộc điền và quân điền di tích""]",not_attempted,[],,,Needs manual trusted-source/image search.,False
43,doi-moi-dao-duy-tu-dang-trong,Sự nghiệp đổi mới của Đào Duy Từ ở Đàng Trong,Thế kỉ XVI,Sự nghiệp đổi mới của Đào Duy Từ ở Đàng Trong diễn ra vào thế kỉ XVI.,[],[],"[""Sự nghiệp đổi mới của Đào Duy Từ ở Đàng Trong"", ""Sự nghiệp đổi mới của Đào Duy Từ ở Đàng Trong Thế kỉ XVI"", ""Sự nghiệp đổi mới của Đào Duy Từ ở Đàng Trong Việt Nam từ thế kỉ XVI đến thế kỉ XIX"", ""Sự nghiệp đổi mới của Đào Duy Từ ở Đàng Trong Tại Đàng Trong Do Đào Duy Từ tiến hành"", ""Sự nghiệp đổi mới của Đào Duy Từ ở Đàng Trong chân dung"", ""Sự nghiệp đổi mới của Đào Duy Từ ở Đàng Trong di tích""]","[""baotanglichsu.vn"", ""luutru.gov.vn"", ""disanvanhoa.gov.vn"", ""nhandan.vn"", ""qdnd.vn""]","[""Sự nghiệp đổi mới của Đào Duy Từ ở Đàng Trong"", ""Sự nghiệp đổi mới của Đào Duy Từ ở Đàng Trong Thế kỉ XVI"", ""Sự nghiệp đổi mới của Đào Duy Từ ở Đàng Trong Việt Nam từ thế kỉ XVI đến thế kỉ XIX"", ""Sự nghiệp đổi mới của Đào Duy Từ ở Đàng Trong Tại Đàng Trong Do Đào Duy Từ tiến hành"", ""Sự nghiệp đổi mới của Đào Duy Từ ở Đàng Trong chân dung"", ""Sự nghiệp đổi mới của Đào Duy Từ ở Đàng Trong di tích""]",not_attempted,[],,,Needs manual trusted-source/image search.,False
44,nha-mac-thanh-lap,Nhà Mạc thành lập,Năm 1527,"Năm 1527, nhà Mạc thành lập, khuyến khích phát triển kinh tế công thương nghiệp và văn hoá.",[],[],"[""Nhà Mạc thành lập"", ""Nhà Mạc thành lập Năm 1527"", ""Nhà Mạc thành lập Việt Nam từ thế kỉ XVI đến thế kỉ XIX"", ""Nhà Mạc thành lập Diễn ra năm 1527 Khuyến khích phát triển kinh tế công thương nghiệp và văn hoá"", ""Nhà Mạc thành lập chân dung"", ""Nhà Mạc thành lập di tích""]","[""baotanglichsu.vn"", ""luutru.gov.vn"", ""disanvanhoa.gov.vn"", ""nhandan.vn"", ""qdnd.vn""]","[""Nhà Mạc thành lập"", ""Nhà Mạc thành lập Năm 1527"", ""Nhà Mạc thành lập Việt Nam từ thế kỉ XVI đến thế kỉ XIX"", ""Nhà Mạc thành lập Diễn ra năm 1527 Khuyến khích phát triển kinh tế công thương nghiệp và văn hoá"", ""Nhà Mạc thành lập chân dung"", ""Nhà Mạc thành lập di tích""]",not_attempted,[],,,Needs manual trusted-source/image search.,False
45,giao-si-phuong-tay-truyen-dao-cong-giao,Giáo sĩ phương Tây truyền đạo Công giáo ở Nam Định,Năm 1533,"Từ năm 1533, một giáo sĩ người phương Tây đã đến vùng ven biển Nam Định truyền đạo.",[],[],"[""Giáo sĩ phương Tây truyền đạo Công giáo ở Nam Định"", ""Giáo sĩ phương Tây truyền đạo Công giáo ở Nam Định Năm 1533"", ""Giáo sĩ phương Tây truyền đạo Công giáo ở Nam Định Việt Nam từ thế kỉ XVI đến thế kỉ XIX"", ""Giáo sĩ phương Tây truyền đạo Công giáo ở Nam Định Tại vùng ven biển Nam Định Truyền đạo Công giáo"", ""Giáo sĩ phương Tây truyền đạo Công giáo ở Nam Định chân dung"", ""Giáo sĩ phương Tây truyền đạo Công giáo ở Nam Định di tích""]","[""baotanglichsu.vn"", ""luutru.gov.vn"", ""disanvanhoa.gov.vn"", ""nhandan.vn"", ""qdnd.vn""]","[""Giáo sĩ phương Tây truyền đạo Công giáo ở Nam Định"", ""Giáo sĩ phương Tây truyền đạo Công giáo ở Nam Định Năm 1533"", ""Giáo sĩ phương Tây truyền đạo Công giáo ở Nam Định Việt Nam từ thế kỉ XVI đến thế kỉ XIX"", ""Giáo sĩ phương Tây truyền đạo Công giáo ở Nam Định Tại vùng ven biển Nam Định Truyền đạo Công giáo"", ""Giáo sĩ phương Tây truyền đạo Công giáo ở Nam Định chân dung"", ""Giáo sĩ phương Tây truyền đạo Công giáo ở Nam Định di tích""]",not_attempted,[],,,Needs manual trusted-source/image search.,False
46,giang-van-minh-di-su-nha-minh,Giang Văn Minh đi sứ nhà Minh,Năm 1637,"Năm 1637, Giang Văn Minh được vua Lê cử đi sứ sang triều Minh. Trong buổi triều kiến, vua Minh ra vế đối: ""Đồng trụ chỉ kim đài đĩ lục"" (Đồng trụ đến giờ đã mọc rêu xanh) nhắc đến sự tích cột đồng Mã Viện và thất bại của cuộc khởi nghĩa Hai Bà Trưng. Giang Văn Minh đã đối lại: ""Đằng Giang tự cổ huyết do hồng"" (Sông Bạch Đằng từ trước máu còn loang đỏ) gợi lại việc ba lần đánh bại quân xâm lược phương Bắc trên sông Bạch Đằng của dân tộc ta.","[""triều Minh""]",[],"[""Giang Văn Minh đi sứ nhà Minh"", ""Giang Văn Minh đi sứ nhà Minh Năm 1637"", ""Giang Văn Minh đi sứ nhà Minh triều Minh"", ""Giang Văn Minh đi sứ nhà Minh Đối đáp với vua Minh về lịch sử chống ngoại xâm Diễn ra năm 1637"", ""Giang Văn Minh đi sứ nhà Minh chân dung"", ""Giang Văn Minh đi sứ nhà Minh di tích""]","[""baotanglichsu.vn"", ""luutru.gov.vn"", ""disanvanhoa.gov.vn"", ""nhandan.vn"", ""qdnd.vn""]","[""Giang Văn Minh đi sứ nhà Minh"", ""Giang Văn Minh đi sứ nhà Minh Năm 1637"", ""Giang Văn Minh đi sứ nhà Minh triều Minh"", ""Giang Văn Minh đi sứ nhà Minh Đối đáp với vua Minh về lịch sử chống ngoại xâm Diễn ra năm 1637"", ""Giang Văn Minh đi sứ nhà Minh chân dung"", ""Giang Văn Minh đi sứ nhà Minh di tích""]",not_attempted,[],,,Needs manual trusted-source/image search.,False
47,cai-cach-trinh-cuong-dang-ngoai,Cải cách của Trịnh Cương ở Đàng Ngoài,Thế kỉ XVIII,Cải cách của Trịnh Cương ở Đàng Ngoài diễn ra vào thế kỉ XVIII.,[],[],"[""Cải cách của Trịnh Cương ở Đàng Ngoài"", ""Cải cách của Trịnh Cương ở Đàng Ngoài Thế kỉ XVIII"", ""Cải cách của Trịnh Cương ở Đàng Ngoài Việt Nam từ thế kỉ XVI đến thế kỉ XIX"", ""Cải cách của Trịnh Cương ở Đàng Ngoài Tại Đàng Ngoài Do Trịnh Cương tiến hành"", ""Cải cách của Trịnh Cương ở Đàng Ngoài chân dung"", ""Cải cách của Trịnh Cương ở Đàng Ngoài di tích""]","[""baotanglichsu.vn"", ""luutru.gov.vn"", ""disanvanhoa.gov.vn"", ""nhandan.vn"", ""qdnd.vn""]","[""Cải cách của Trịnh Cương ở Đàng Ngoài"", ""Cải cách của Trịnh Cương ở Đàng Ngoài Thế kỉ XVIII"", ""Cải cách của Trịnh Cương ở Đàng Ngoài Việt Nam từ thế kỉ XVI đến thế kỉ XIX"", ""Cải cách của Trịnh Cương ở Đàng Ngoài Tại Đàng Ngoài Do Trịnh Cương tiến hành"", ""Cải cách của Trịnh Cương ở Đàng Ngoài chân dung"", ""Cải cách của Trịnh Cương ở Đàng Ngoài di tích""]",not_attempted,[],,,Needs manual trusted-source/image search.,False
48,nguyen-hue-dung-chan-chieu-mo-binh-si,Nguyễn Huệ dừng chân chiêu mộ binh sĩ,cuối thế kỉ XVIII,Vùng đất Nam Đàn (Nghệ An) là nơi lưu nhiều dấu tích lịch sử liên quan đến Nguyễn Huệ dừng chân chiêu mộ binh sĩ (cuối thế kỉ XVIII).,[],[],"[""Nguyễn Huệ dừng chân chiêu mộ binh sĩ"", ""Nguyễn Huệ dừng chân chiêu mộ binh sĩ cuối thế kỉ XVIII"", ""Nguyễn Huệ dừng chân chiêu mộ binh sĩ Việt Nam từ thế kỉ XVI đến thế kỉ XIX"", ""Nguyễn Huệ dừng chân chiêu mộ binh sĩ Diễn ra ở Nam Đàn (Nghệ An)"", ""Nguyễn Huệ dừng chân chiêu mộ binh sĩ chân dung"", ""Nguyễn Huệ dừng chân chiêu mộ binh sĩ di tích""]","[""baotanglichsu.vn"", ""luutru.gov.vn"", ""disanvanhoa.gov.vn"", ""nhandan.vn"", ""qdnd.vn""]","[""Nguyễn Huệ dừng chân chiêu mộ binh sĩ"", ""Nguyễn Huệ dừng chân chiêu mộ binh sĩ cuối thế kỉ XVIII"", ""Nguyễn Huệ dừng chân chiêu mộ binh sĩ Việt Nam từ thế kỉ XVI đến thế kỉ XIX"", ""Nguyễn Huệ dừng chân chiêu mộ binh sĩ Diễn ra ở Nam Đàn (Nghệ An)"", ""Nguyễn Huệ dừng chân chiêu mộ binh sĩ chân dung"", ""Nguyễn Huệ dừng chân chiêu mộ binh sĩ di tích""]",not_attempted,[],,,Needs manual trusted-source/image search.,False
49,phong-trao-tay-son-bung-no,Phong trào Tây Sơn bùng nổ,Cuối thế kỉ XVIII,"Cuối thế kỉ XVIII, phong trào Tây Sơn bùng nổ và lan rộng, lật đổ các chính quyển phong kiến trong nước, đánh tan quân xâm lược Xiêm và Mãn Thanh, xoá bỏ tình trạng chia cắt đất nước, thành lập vương triều, tạo nền tảng cho sự thống nhất quốc gia.",[],[],"[""Phong trào Tây Sơn bùng nổ"", ""Phong trào Tây Sơn bùng nổ Cuối thế kỉ XVIII"", ""Phong trào Tây Sơn bùng nổ Phong trào Tây Sơn"", ""Phong trào Tây Sơn bùng nổ Thành lập vương triều Tây Sơn Xoá bỏ chia cắt đất nước"", ""Phong trào Tây Sơn bùng nổ chân dung"", ""Phong trào Tây Sơn bùng nổ di tích""]","[""baotanglichsu.vn"", ""luutru.gov.vn"", ""disanvanhoa.gov.vn"", ""nhandan.vn"", ""qdnd.vn""]","[""Phong trào Tây Sơn bùng nổ"", ""Phong trào Tây Sơn bùng nổ Cuối thế kỉ XVIII"", ""Phong trào Tây Sơn bùng nổ Phong trào Tây Sơn"", ""Phong trào Tây Sơn bùng nổ Thành lập vương triều Tây Sơn Xoá bỏ chia cắt đất nước"", ""Phong trào Tây Sơn bùng nổ chân dung"", ""Phong trào Tây Sơn bùng nổ di tích""]",not_attempted,[],,,Needs manual trusted-source/image search.,False
50,thanh-lap-lang-xa-huyen-tien-hai-thai-binh,Thành lập làng xã thuộc huyện Tiền Hải (Thái Bình),Đầu thế kỉ XIX,Làng xã thuộc huyện Tiền Hải (Thái Bình) được thành lập vào đầu thế kỉ XIX không có tên nôm.,[],[],"[""Thành lập làng xã thuộc huyện Tiền Hải (Thái Bình)"", ""Thành lập làng xã thuộc huyện Tiền Hải (Thái Bình) Đầu thế kỉ XIX"", ""Thành lập làng xã thuộc huyện Tiền Hải (Thái Bình) Việt Nam từ thế kỉ XVI đến thế kỉ XIX"", ""Thành lập làng xã thuộc huyện Tiền Hải (Thái Bình) Thành lập đầu thế kỉ XIX Thuộc huyện Tiền Hải (Thái Bình)"", ""Thành lập làng xã thuộc huyện Tiền Hải (Thái Bình) chân dung"", ""Thành lập làng xã thuộc huyện Tiền Hải (Thái Bình) di tích""]","[""baotanglichsu.vn"", ""luutru.gov.vn"", ""disanvanhoa.gov.vn"", ""nhandan.vn"", ""qdnd.vn""]","[""Thành lập làng xã thuộc huyện Tiền Hải (Thái Bình)"", ""Thành lập làng xã thuộc huyện Tiền Hải (Thái Bình) Đầu thế kỉ XIX"", ""Thành lập làng xã thuộc huyện Tiền Hải (Thái Bình) Việt Nam từ thế kỉ XVI đến thế kỉ XIX"", ""Thành lập làng xã thuộc huyện Tiền Hải (Thái Bình) Thành lập đầu thế kỉ XIX Thuộc huyện Tiền Hải (Thái Bình)"", ""Thành lập làng xã thuộc huyện Tiền Hải (Thái Bình) chân dung"", ""Thành lập làng xã thuộc huyện Tiền Hải (Thái Bình) di tích""]",not_attempted,[],,,Needs manual trusted-source/image search.,False
51,bac-thanh-duoc-lap,Bắc Thành được lập,1802 - 1831,"Bắc Thành là đơn vị hành chính cao hơn trấn. Bắc Thành được lập từ năm 1802 đến 1831, cai quản 11 trấn là Sơn Nam Thượng, Sơn Nam Hạ, Sơn Tây, Kinh Bắc, Hải Dương, Tuyên Quang, Hưng Hoá, Cao Bằng, Lạng Sơn, Thái Nguyên, Quảng Yên.",[],[],"[""Bắc Thành được lập"", ""Bắc Thành được lập 1802 - 1831"", ""Bắc Thành được lập Việt Nam từ thế kỉ XVI đến thế kỉ XIX"", ""Bắc Thành được lập Cai quản 11 trấn Tồn tại từ 1802 đến 1831"", ""Bắc Thành được lập chân dung"", ""Bắc Thành được lập di tích""]","[""baotanglichsu.vn"", ""luutru.gov.vn"", ""disanvanhoa.gov.vn"", ""nhandan.vn"", ""qdnd.vn""]","[""Bắc Thành được lập"", ""Bắc Thành được lập 1802 - 1831"", ""Bắc Thành được lập Việt Nam từ thế kỉ XVI đến thế kỉ XIX"", ""Bắc Thành được lập Cai quản 11 trấn Tồn tại từ 1802 đến 1831"", ""Bắc Thành được lập chân dung"", ""Bắc Thành được lập di tích""]",not_attempted,[],,,Needs manual trusted-source/image search.,False
52,thoi-gia-long-tri-vi,Thời Gia Long trị vì,1802 - 1820,"Thời Gia Long (1802 - 1820), bộ máy hành chính nhà nước yếu kém về nhiều mặt. Tính chất phân quyền còn đậm nét với sự tồn tại của hai khu vực hành chính là Bắc Thành và Gia Định Thành. Tổ chức hành chính giữa Bắc Thành và Gia Định Thành, giữa đồng bằng và miền núi còn thiếu thống nhất. Quan lại trong bộ máy chủ yếu do các quan võ nắm giữ.","[""miền núi"", ""đồng bằng""]",[],"[""Thời Gia Long trị vì"", ""Thời Gia Long trị vì 1802 - 1820"", ""Thời Gia Long trị vì miền núi"", ""Thời Gia Long trị vì Tồn tại Bắc Thành và Gia Định Thành Tính chất phân quyền đậm nét"", ""Thời Gia Long trị vì chân dung"", ""Thời Gia Long trị vì di tích""]","[""baotanglichsu.vn"", ""luutru.gov.vn"", ""disanvanhoa.gov.vn"", ""nhandan.vn"", ""qdnd.vn""]","[""Thời Gia Long trị vì"", ""Thời Gia Long trị vì 1802 - 1820"", ""Thời Gia Long trị vì miền núi"", ""Thời Gia Long trị vì Tồn tại Bắc Thành và Gia Định Thành Tính chất phân quyền đậm nét"", ""Thời Gia Long trị vì chân dung"", ""Thời Gia Long trị vì di tích""]",not_attempted,[],,,Needs manual trusted-source/image search.,False
53,trieu-nguyen-thanh-lap,Triều Nguyễn được thành lập,Năm 1802,"Năm 1802, triều Nguyễn được thành lập, trị vì đất nước với lãnh thổ rộng lớn nhất, kéo dài từ Bắc vào Nam, lại trải qua một thời gian dài chiến tranh, khủng hoảng về nhiều mặt.","[""Nam"", ""Bắc""]",[],"[""Triều Nguyễn được thành lập"", ""Triều Nguyễn được thành lập Năm 1802"", ""Triều Nguyễn được thành lập Nam"", ""Triều Nguyễn được thành lập Diễn ra năm 1802 Xây dựng quốc gia thống nhất"", ""Triều Nguyễn được thành lập chân dung"", ""Triều Nguyễn được thành lập di tích""]","[""baotanglichsu.vn"", ""luutru.gov.vn"", ""disanvanhoa.gov.vn"", ""nhandan.vn"", ""qdnd.vn""]","[""Triều Nguyễn được thành lập"", ""Triều Nguyễn được thành lập Năm 1802"", ""Triều Nguyễn được thành lập Nam"", ""Triều Nguyễn được thành lập Diễn ra năm 1802 Xây dựng quốc gia thống nhất"", ""Triều Nguyễn được thành lập chân dung"", ""Triều Nguyễn được thành lập di tích""]",not_attempted,[],,,Needs manual trusted-source/image search.,False
54,gia-dinh-thanh-duoc-lap,Gia Định Thành được lập,1808 - 1832,"Gia Định Thành được lập từ năm 1808 đến năm 1832, cai quản 5 trấn là Phiên An, Biên Hoà, Vĩnh Thanh, Định Tường và An Giang.","[""Phiên An""]",[],"[""Gia Định Thành được lập"", ""Gia Định Thành được lập 1808 - 1832"", ""Gia Định Thành được lập Phiên An"", ""Gia Định Thành được lập Đơn vị hành chính cao hơn trấn Tồn tại từ 1808 đến 1832"", ""Gia Định Thành được lập chân dung"", ""Gia Định Thành được lập di tích""]","[""baotanglichsu.vn"", ""luutru.gov.vn"", ""disanvanhoa.gov.vn"", ""nhandan.vn"", ""qdnd.vn""]","[""Gia Định Thành được lập"", ""Gia Định Thành được lập 1808 - 1832"", ""Gia Định Thành được lập Phiên An"", ""Gia Định Thành được lập Đơn vị hành chính cao hơn trấn Tồn tại từ 1808 đến 1832"", ""Gia Định Thành được lập chân dung"", ""Gia Định Thành được lập di tích""]",not_attempted,[],,,Needs manual trusted-source/image search.,False
55,doi-dinh-quang-duc-thanh-phu-thua-thien,Đổi dinh Quảng Đức thành phủ Thừa Thiên,Năm 1822,"Năm 1822, dinh Quảng Đức được đổi thành phủ Thừa Thiên do Đề đốc kinh thành đứng đầu.",[],[],"[""Đổi dinh Quảng Đức thành phủ Thừa Thiên"", ""Đổi dinh Quảng Đức thành phủ Thừa Thiên Năm 1822"", ""Đổi dinh Quảng Đức thành phủ Thừa Thiên Cuộc cải cách của Minh Mạng"", ""Đổi dinh Quảng Đức thành phủ Thừa Thiên Đề đốc kinh thành đứng đầu Diễn ra năm 1822"", ""Đổi dinh Quảng Đức thành phủ Thừa Thiên chân dung"", ""Đổi dinh Quảng Đức thành phủ Thừa Thiên di tích""]","[""baotanglichsu.vn"", ""luutru.gov.vn"", ""disanvanhoa.gov.vn"", ""nhandan.vn"", ""qdnd.vn""]","[""Đổi dinh Quảng Đức thành phủ Thừa Thiên"", ""Đổi dinh Quảng Đức thành phủ Thừa Thiên Năm 1822"", ""Đổi dinh Quảng Đức thành phủ Thừa Thiên Cuộc cải cách của Minh Mạng"", ""Đổi dinh Quảng Đức thành phủ Thừa Thiên Đề đốc kinh thành đứng đầu Diễn ra năm 1822"", ""Đổi dinh Quảng Đức thành phủ Thừa Thiên chân dung"", ""Đổi dinh Quảng Đức thành phủ Thừa Thiên di tích""]",not_attempted,[],,,Needs manual trusted-source/image search.,False
56,doi-cac-doanh-quang-binh-quang-tri-quang-nam-thanh-tran,"Đổi các doanh Quảng Bình, Quảng Trị, Quảng Nam thành trấn",Năm 1827,"Năm 1827, vua Minh Mạng đổi các doanh Quảng Bình, Quảng Trị, Quảng Nam thành trấn, thống nhất trên toàn quốc tên gọi các đơn vị hành chính địa phương.",[],[],"[""Đổi các doanh Quảng Bình, Quảng Trị, Quảng Nam thành trấn"", ""Đổi các doanh Quảng Bình, Quảng Trị, Quảng Nam thành trấn Năm 1827"", ""Đổi các doanh Quảng Bình, Quảng Trị, Quảng Nam thành trấn Cuộc cải cách của Minh Mạng"", ""Đổi các doanh Quảng Bình, Quảng Trị, Quảng Nam thành trấn Đổi doanh thành trấn Diễn ra năm 1827"", ""Đổi các doanh Quảng Bình, Quảng Trị, Quảng Nam thành trấn chân dung"", ""Đổi các doanh Quảng Bình, Quảng Trị, Quảng Nam thành trấn di tích""]","[""baotanglichsu.vn"", ""luutru.gov.vn"", ""disanvanhoa.gov.vn"", ""nhandan.vn"", ""qdnd.vn""]","[""Đổi các doanh Quảng Bình, Quảng Trị, Quảng Nam thành trấn"", ""Đổi các doanh Quảng Bình, Quảng Trị, Quảng Nam thành trấn Năm 1827"", ""Đổi các doanh Quảng Bình, Quảng Trị, Quảng Nam thành trấn Cuộc cải cách của Minh Mạng"", ""Đổi các doanh Quảng Bình, Quảng Trị, Quảng Nam thành trấn Đổi doanh thành trấn Diễn ra năm 1827"", ""Đổi các doanh Quảng Bình, Quảng Trị, Quảng Nam thành trấn chân dung"", ""Đổi các doanh Quảng Bình, Quảng Trị, Quảng Nam thành trấn di tích""]",not_attempted,[],,,Needs manual trusted-source/image search.,False
57,phap-xam-luoc-viet-nam,Thực dân Pháp xâm lược và từng bước áp đặt ách cai trị ở Việt Nam,Giữa thế kỉ XIX,"Từ giữa thế kỉ XIX, thực dân Pháp xâm lược và từng bước áp đặt ách cai trị ở Việt Nam. Dưới chế độ thực dân, nền độc lập dân tộc và quyền tự do của đại bộ phận nhân dân bị tước đoạt.","[""Việt Nam""]",[],"[""Thực dân Pháp xâm lược và từng bước áp đặt ách cai trị ở Việt Nam"", ""Thực dân Pháp xâm lược và từng bước áp đặt ách cai trị ở Việt Nam Giữa thế kỉ XIX"", ""Thực dân Pháp xâm lược và từng bước áp đặt ách cai trị ở Việt Nam Việt Nam"", ""Thực dân Pháp xâm lược và từng bước áp đặt ách cai trị ở Việt Nam Bắt đầu từ giữa thế kỉ XIX Áp đặt ách cai trị"", ""Thực dân Pháp xâm lược và từng bước áp đặt ách cai trị ở Việt Nam chân dung"", ""Thực dân Pháp xâm lược và từng bước áp đặt ách cai trị ở Việt Nam di tích""]","[""baotanglichsu.vn"", ""luutru.gov.vn"", ""disanvanhoa.gov.vn"", ""nhandan.vn"", ""qdnd.vn""]","[""Thực dân Pháp xâm lược và từng bước áp đặt ách cai trị ở Việt Nam"", ""Thực dân Pháp xâm lược và từng bước áp đặt ách cai trị ở Việt Nam Giữa thế kỉ XIX"", ""Thực dân Pháp xâm lược và từng bước áp đặt ách cai trị ở Việt Nam Việt Nam"", ""Thực dân Pháp xâm lược và từng bước áp đặt ách cai trị ở Việt Nam Bắt đầu từ giữa thế kỉ XIX Áp đặt ách cai trị"", ""Thực dân Pháp xâm lược và từng bước áp đặt ách cai trị ở Việt Nam chân dung"", ""Thực dân Pháp xâm lược và từng bước áp đặt ách cai trị ở Việt Nam di tích""]",not_attempted,[],,,Needs manual trusted-source/image search.,False
58,do-dac-cam-moc-chu-quyen-hoang-sa-pham-huu-nhat,"Đo đạc, cắm mốc chủ quyền Hoàng Sa của Phạm Hữu Nhật",Ngày 1 tháng Giêng năm 1836,"Năm Bính Thân, niên hiệu Minh Mạng thứ 17 (1836), mùa Xuân tháng Giêng ngày mồng 1, Bộ Công tâu về việc cương giới mặt biển nước ta có xứ Hoàng Sa rất là hiểm yếu. Vua y lời tâu, phái Suất đội thuỷ quân Phạm Hữu Nhật đem binh thuyến đi, chuẩn cho mang theo 10 cái bài gỗ, đến nơi đó dựng dấu ghi... mặt bài khắc những chữ: “Minh Mạng thứ 17, năm Bính Thân, thuỷ quân Chánh đội trưởng suất đội Phạm Hữu Nhật, vâng mệnh đi Hoàng Sa trông nom đo đạc đến đây lưu dấu để ghi nhớ.",[],[],"[""Đo đạc, cắm mốc chủ quyền Hoàng Sa của Phạm Hữu Nhật"", ""Đo đạc, cắm mốc chủ quyền Hoàng Sa của Phạm Hữu Nhật Ngày 1 tháng Giêng năm 1836"", ""Đo đạc, cắm mốc chủ quyền Hoàng Sa của Phạm Hữu Nhật Chủ quyền biển đảo Việt Nam thế kỉ XVI-XIX"", ""Đo đạc, cắm mốc chủ quyền Hoàng Sa của Phạm Hữu Nhật Nhiệm vụ đo đạc và cắm 10 cột mốc chủ quyền tại Hoàng Sa Phạm Hữu Nhật được phái đi"", ""Đo đạc, cắm mốc chủ quyền Hoàng Sa của Phạm Hữu Nhật bản đồ"", ""Đo đạc, cắm mốc chủ quyền Hoàng Sa của Phạm Hữu Nhật hải đồ""]","[""mofa.gov.vn"", ""biengioilanhtho.gov.vn"", ""mod.gov.vn"", ""qdnd.vn"", ""chinhphu.vn"", ""vietnamplus.vn"", ""luutru.gov.vn""]","[""Đo đạc, cắm mốc chủ quyền Hoàng Sa của Phạm Hữu Nhật"", ""Đo đạc, cắm mốc chủ quyền Hoàng Sa của Phạm Hữu Nhật Ngày 1 tháng Giêng năm 1836"", ""Đo đạc, cắm mốc chủ quyền Hoàng Sa của Phạm Hữu Nhật Chủ quyền biển đảo Việt Nam thế kỉ XVI-XIX"", ""Đo đạc, cắm mốc chủ quyền Hoàng Sa của Phạm Hữu Nhật Nhiệm vụ đo đạc và cắm 10 cột mốc chủ quyền tại Hoàng Sa Phạm Hữu Nhật được phái đi"", ""Đo đạc, cắm mốc chủ quyền Hoàng Sa của Phạm Hữu Nhật bản đồ"", ""Đo đạc, cắm mốc chủ quyền Hoàng Sa của Phạm Hữu Nhật hải đồ""]",not_attempted,[],,,Needs manual trusted-source/image search.,False
59,thi-diem-chia-lai-ruong-dat-minh-mang,Thí điểm chia lại ruộng đất dưới thời Minh Mạng,1837 - 1840,"Trước thực trạng ruộng đất công làng xã bị thu hẹp nghiêm trọng, vua Minh Mạng tiến hành cải cách ruộng đất ở Bình Định và Nam Kì. Năm 1837, chia ruộng tư thành bản, chiều cấp cho các xã dân. Năm 1839, yêu cầu chủ sở hữu bỏ ra 50% ruộng đất tư sung công quỹ. Năm 1840, quyết định trích một nửa hoặc 3-4 phần mười ruộng tư sung công. Tuy nhiên, kết quả đạt được rất hạn chế, chỉ có 6-7% số người tự nguyện đem ruộng tư nhượng làm ruộng công.",[],[],"[""Thí điểm chia lại ruộng đất dưới thời Minh Mạng"", ""Thí điểm chia lại ruộng đất dưới thời Minh Mạng 1837 - 1840"", ""Thí điểm chia lại ruộng đất dưới thời Minh Mạng Cuộc cải cách của Minh Mạng"", ""Thí điểm chia lại ruộng đất dưới thời Minh Mạng Năm 1839: yêu cầu bỏ 50% ruộng tư sung công Năm 1840: trích ruộng tư làm ruộng công"", ""Thí điểm chia lại ruộng đất dưới thời Minh Mạng chân dung"", ""Thí điểm chia lại ruộng đất dưới thời Minh Mạng di tích""]","[""baotanglichsu.vn"", ""luutru.gov.vn"", ""disanvanhoa.gov.vn"", ""nhandan.vn"", ""qdnd.vn""]","[""Thí điểm chia lại ruộng đất dưới thời Minh Mạng"", ""Thí điểm chia lại ruộng đất dưới thời Minh Mạng 1837 - 1840"", ""Thí điểm chia lại ruộng đất dưới thời Minh Mạng Cuộc cải cách của Minh Mạng"", ""Thí điểm chia lại ruộng đất dưới thời Minh Mạng Năm 1839: yêu cầu bỏ 50% ruộng tư sung công Năm 1840: trích ruộng tư làm ruộng công"", ""Thí điểm chia lại ruộng đất dưới thời Minh Mạng chân dung"", ""Thí điểm chia lại ruộng đất dưới thời Minh Mạng di tích""]",not_attempted,[],,,Needs manual trusted-source/image search.,False
60,chu-quyen-bien-dao-viet-nam-1858-1918,Chủ quyền biển đảo Việt Nam 1858-1918,Chủ quyền biển đảo Việt Nam 1858-1918,Nút collection dẫn xuất từ force_parent.json cho nhóm Chủ quyền biển đảo Việt Nam 1858-1918.,"[""Việt Nam""]",[],"[""Chủ quyền biển đảo Việt Nam 1858-1918"", ""Chủ quyền biển đảo Việt Nam 1858-1918 Chủ quyền biển đảo Việt Nam 1858-1918"", ""Chủ quyền biển đảo Việt Nam 1858-1918 Việt Nam"", ""Chủ quyền biển đảo Việt Nam 1858-1918 ảnh tư liệu"", ""Chủ quyền biển đảo Việt Nam 1858-1918 chân dung""]","[""baotanglichsu.vn"", ""luutru.gov.vn"", ""hochiminh.vn"", ""nhandan.vn"", ""qdnd.vn"", ""vietnamplus.vn"", ""gallica.bnf.fr"", ""loc.gov""]","[""Chủ quyền biển đảo Việt Nam 1858-1918"", ""Chủ quyền biển đảo Việt Nam 1858-1918 Chủ quyền biển đảo Việt Nam 1858-1918"", ""Chủ quyền biển đảo Việt Nam 1858-1918 Việt Nam"", ""Chủ quyền biển đảo Việt Nam 1858-1918 ảnh tư liệu"", ""Chủ quyền biển đảo Việt Nam 1858-1918 chân dung""]",not_attempted,[],,,Needs manual trusted-source/image search.,False
61,khang-chien-chong-thuc-dan-phap-trieu-nguyen,Kháng chiến chống thực dân Pháp của triều Nguyễn,1858 – 1884,"Cuộc kháng chiến chống thực dân Pháp của triều Nguyễn diễn ra từ 1858 đến 1884. Năm 1858, thực dân Pháp tấn công Đà Nẵng, mở đầu cuộc xâm lược nước ta. Sau đó, Pháp chuyển quân vào đánh chiếm Gia Định, rồi chiếm gọn sáu tỉnh Nam Kì vào năm 1867. Năm 1873, chúng đem quân đánh chiếm Bắc Kì lần thứ nhất, triều đình nhà Nguyễn tiếp tục lún sâu vào con đường thoả hiệp. Năm 1882, Pháp lại đưa quân đánh chiếm Bắc Kì lần thứ hai, sau đó quyết định đánh thẳng vào Huế. Triều đình nhà Nguyễn lần lượt kí với Pháp bản Hiệp ước Hác-măng (1883) và Hiệp ước Pa-tơ-nốt (1884), đánh dấu sự đầu hàng hoàn toàn của triều đình phong kiến Việt Nam và sự xác lập nền bảo hộ của Pháp trên toàn bộ đất nước ta.",[],[],"[""Kháng chiến chống thực dân Pháp của triều Nguyễn"", ""Kháng chiến chống thực dân Pháp của triều Nguyễn 1858 – 1884"", ""Kháng chiến chống thực dân Pháp của triều Nguyễn Việt Nam từ năm 1858 đến năm 1918"", ""Kháng chiến chống thực dân Pháp của triều Nguyễn Kết thúc bằng Hiệp ước Hác-măng (1883) và Hiệp ước Pa-tơ-nốt (1884) Nguyên nhân thất bại: đường lối sai lầm, tư tưởng chủ hòa, không đoàn kế"", ""Kháng chiến chống thực dân Pháp của triều Nguyễn ảnh tư liệu"", ""Kháng chiến chống thực dân Pháp của triều Nguyễn chân dung""]","[""baotanglichsu.vn"", ""luutru.gov.vn"", ""hochiminh.vn"", ""nhandan.vn"", ""qdnd.vn"", ""vietnamplus.vn"", ""gallica.bnf.fr"", ""loc.gov""]","[""Kháng chiến chống thực dân Pháp của triều Nguyễn"", ""Kháng chiến chống thực dân Pháp của triều Nguyễn 1858 – 1884"", ""Kháng chiến chống thực dân Pháp của triều Nguyễn Việt Nam từ năm 1858 đến năm 1918"", ""Kháng chiến chống thực dân Pháp của triều Nguyễn Kết thúc bằng Hiệp ước Hác-măng (1883) và Hiệp ước Pa-tơ-nốt (1884) Nguyên nhân thất bại: đường lối sai lầm, tư tưởng chủ hòa, không đoàn kế"", ""Kháng chiến chống thực dân Pháp của triều Nguyễn ảnh tư liệu"", ""Kháng chiến chống thực dân Pháp của triều Nguyễn chân dung""]",not_attempted,[],,,Needs manual trusted-source/image search.,False
62,phap-xam-chiem-dong-duong,Pháp xâm chiếm ba nước Đông Dương,1858-1893,Thực dân Pháp phải trải qua cuộc chiến tranh xâm lược kéo dài gần nửa thế kỉ (1858-1893) mới hoàn thành việc xâm chiếm ba nước Đông Dương.,"[""Việt Nam"", ""Đông Dương""]",[],"[""Pháp xâm chiếm ba nước Đông Dương"", ""Pháp xâm chiếm ba nước Đông Dương 1858-1893"", ""Pháp xâm chiếm ba nước Đông Dương Việt Nam"", ""Pháp xâm chiếm ba nước Đông Dương Thời gian: 1858-1893 Chủ thể: Pháp"", ""Pháp xâm chiếm ba nước Đông Dương ảnh tư liệu"", ""Pháp xâm chiếm ba nước Đông Dương chân dung""]","[""baotanglichsu.vn"", ""luutru.gov.vn"", ""hochiminh.vn"", ""nhandan.vn"", ""qdnd.vn"", ""vietnamplus.vn"", ""gallica.bnf.fr"", ""loc.gov""]","[""Pháp xâm chiếm ba nước Đông Dương"", ""Pháp xâm chiếm ba nước Đông Dương 1858-1893"", ""Pháp xâm chiếm ba nước Đông Dương Việt Nam"", ""Pháp xâm chiếm ba nước Đông Dương Thời gian: 1858-1893 Chủ thể: Pháp"", ""Pháp xâm chiếm ba nước Đông Dương ảnh tư liệu"", ""Pháp xâm chiếm ba nước Đông Dương chân dung""]",not_attempted,[],,,Needs manual trusted-source/image search.,False
63,phong-trao-chong-thuc-dan-phap-xam-luoc-o-viet-nam,Phong trào chống thực dân Pháp xâm lược ở Việt Nam,1858 - khoảng 1884,"Từ năm 1858, khi thực dân Pháp nổ súng tấn công Đà Nẵng, cuộc chiến đấu chống xâm lược của nhân dân Việt Nam đã làm thất bại kế hoạch “đánh nhanh, thắng nhanh” của chúng. Cuộc chiến đấu lan rộng ra các tỉnh Nam Kì và Bắc Kì, thu hút sự tham gia của đông đảo các tầng lớp nhân dân. Thực dân Pháp phải mất 26 năm mới áp đặt được ách đô hộ trên toàn bộ đất nước Việt Nam.","[""Việt Nam""]",[],"[""Phong trào chống thực dân Pháp xâm lược ở Việt Nam"", ""Phong trào chống thực dân Pháp xâm lược ở Việt Nam 1858 - khoảng 1884"", ""Phong trào chống thực dân Pháp xâm lược ở Việt Nam Việt Nam"", ""Phong trào chống thực dân Pháp xâm lược ở Việt Nam Lan rộng ra các tỉnh Nam Kì và Bắc Kì Bắt đầu từ năm 1858 khi Pháp tấn công Đà Nẵng"", ""Phong trào chống thực dân Pháp xâm lược ở Việt Nam ảnh tư liệu"", ""Phong trào chống thực dân Pháp xâm lược ở Việt Nam chân dung""]","[""baotanglichsu.vn"", ""luutru.gov.vn"", ""hochiminh.vn"", ""nhandan.vn"", ""qdnd.vn"", ""vietnamplus.vn"", ""gallica.bnf.fr"", ""loc.gov""]","[""Phong trào chống thực dân Pháp xâm lược ở Việt Nam"", ""Phong trào chống thực dân Pháp xâm lược ở Việt Nam 1858 - khoảng 1884"", ""Phong trào chống thực dân Pháp xâm lược ở Việt Nam Việt Nam"", ""Phong trào chống thực dân Pháp xâm lược ở Việt Nam Lan rộng ra các tỉnh Nam Kì và Bắc Kì Bắt đầu từ năm 1858 khi Pháp tấn công Đà Nẵng"", ""Phong trào chống thực dân Pháp xâm lược ở Việt Nam ảnh tư liệu"", ""Phong trào chống thực dân Pháp xâm lược ở Việt Nam chân dung""]",not_attempted,[],,,Needs manual trusted-source/image search.,False
64,khoi-nghia-cua-pu-com-bo,Khởi nghĩa của Pu-côm-bô,1866-1867,"Cuộc khởi nghĩa của Pu-côm-bô (1866-1867) có quy mô lớn, gây nhiều tổn thất cho thực dân Pháp. Ông lập căn cứ ở Tây Ninh (Việt Nam) và liên kết với Trương Quyền, trở thành biểu tượng của sự liên minh chiến đấu giữa nhân dân Cam-pu-chia với nhân dân Việt Nam.","[""Cam-pu-chia"", ""Tây Ninh (Việt Nam)""]",[],"[""Khởi nghĩa của Pu-côm-bô"", ""Khởi nghĩa của Pu-côm-bô 1866-1867"", ""Khởi nghĩa của Pu-côm-bô Cam-pu-chia"", ""Khởi nghĩa của Pu-côm-bô Biểu tượng liên minh chiến đấu Việt Nam - Cam-pu-chia Lập căn cứ ở Tây Ninh (Việt Nam)"", ""Khởi nghĩa của Pu-côm-bô ảnh tư liệu"", ""Khởi nghĩa của Pu-côm-bô chân dung""]","[""baotanglichsu.vn"", ""luutru.gov.vn"", ""hochiminh.vn"", ""nhandan.vn"", ""qdnd.vn"", ""vietnamplus.vn"", ""gallica.bnf.fr"", ""loc.gov""]","[""Khởi nghĩa của Pu-côm-bô"", ""Khởi nghĩa của Pu-côm-bô 1866-1867"", ""Khởi nghĩa của Pu-côm-bô Cam-pu-chia"", ""Khởi nghĩa của Pu-côm-bô Biểu tượng liên minh chiến đấu Việt Nam - Cam-pu-chia Lập căn cứ ở Tây Ninh (Việt Nam)"", ""Khởi nghĩa của Pu-côm-bô ảnh tư liệu"", ""Khởi nghĩa của Pu-côm-bô chân dung""]",not_attempted,[],,,Needs manual trusted-source/image search.,False
65,phap-chiem-sau-tinh-nam-ki,Pháp chiếm sáu tỉnh Nam Kì,Năm 1867,"Sau khi tấn công Đà Nẵng, Pháp chuyển quân vào đánh chiếm Gia Định, rồi chiếm gọn sáu tỉnh Nam Kì vào năm 1867.",[],[],"[""Pháp chiếm sáu tỉnh Nam Kì"", ""Pháp chiếm sáu tỉnh Nam Kì Năm 1867"", ""Pháp chiếm sáu tỉnh Nam Kì Việt Nam từ năm 1858 đến năm 1918"", ""Pháp chiếm sáu tỉnh Nam Kì Diễn ra năm 1867 Kết quả: Pháp chiếm đóng hoàn toàn Nam Kì"", ""Pháp chiếm sáu tỉnh Nam Kì ảnh tư liệu"", ""Pháp chiếm sáu tỉnh Nam Kì chân dung""]","[""baotanglichsu.vn"", ""luutru.gov.vn"", ""hochiminh.vn"", ""nhandan.vn"", ""qdnd.vn"", ""vietnamplus.vn"", ""gallica.bnf.fr"", ""loc.gov""]","[""Pháp chiếm sáu tỉnh Nam Kì"", ""Pháp chiếm sáu tỉnh Nam Kì Năm 1867"", ""Pháp chiếm sáu tỉnh Nam Kì Việt Nam từ năm 1858 đến năm 1918"", ""Pháp chiếm sáu tỉnh Nam Kì Diễn ra năm 1867 Kết quả: Pháp chiếm đóng hoàn toàn Nam Kì"", ""Pháp chiếm sáu tỉnh Nam Kì ảnh tư liệu"", ""Pháp chiếm sáu tỉnh Nam Kì chân dung""]",not_attempted,[],,,Needs manual trusted-source/image search.,False
66,vuong-thuc-mau-khoi-nghia-can-vuong,Vương Thúc Mậu khởi nghĩa hưởng ứng Dụ Cần vương,cuối thế kỉ XIX,Vùng đất Nam Đàn (Nghệ An) là nơi lưu nhiều dấu tích lịch sử liên quan đến Vương Thúc Mậu khởi nghĩa hưởng ứng Dụ Cần vương (cuối thế kỉ XIX).,[],[],"[""Vương Thúc Mậu khởi nghĩa hưởng ứng Dụ Cần vương"", ""Vương Thúc Mậu khởi nghĩa hưởng ứng Dụ Cần vương cuối thế kỉ XIX"", ""Vương Thúc Mậu khởi nghĩa hưởng ứng Dụ Cần vương Phong trào Cần Vương"", ""Vương Thúc Mậu khởi nghĩa hưởng ứng Dụ Cần vương Diễn ra ở Nam Đàn (Nghệ An)"", ""Vương Thúc Mậu khởi nghĩa hưởng ứng Dụ Cần vương ảnh tư liệu"", ""Vương Thúc Mậu khởi nghĩa hưởng ứng Dụ Cần vương chân dung""]","[""baotanglichsu.vn"", ""luutru.gov.vn"", ""hochiminh.vn"", ""nhandan.vn"", ""qdnd.vn"", ""vietnamplus.vn"", ""gallica.bnf.fr"", ""loc.gov""]","[""Vương Thúc Mậu khởi nghĩa hưởng ứng Dụ Cần vương"", ""Vương Thúc Mậu khởi nghĩa hưởng ứng Dụ Cần vương cuối thế kỉ XIX"", ""Vương Thúc Mậu khởi nghĩa hưởng ứng Dụ Cần vương Phong trào Cần Vương"", ""Vương Thúc Mậu khởi nghĩa hưởng ứng Dụ Cần vương Diễn ra ở Nam Đàn (Nghệ An)"", ""Vương Thúc Mậu khởi nghĩa hưởng ứng Dụ Cần vương ảnh tư liệu"", ""Vương Thúc Mậu khởi nghĩa hưởng ứng Dụ Cần vương chân dung""]",not_attempted,[],,,Needs manual trusted-source/image search.,False
67,phap-chiem-bac-ki-lan-1,Pháp đánh chiếm Bắc Kì lần thứ nhất,Năm 1873,"Năm 1873, thực dân Pháp đem quân đánh chiếm Bắc Kì lần thứ nhất, triều đình nhà Nguyễn tiếp tục lún sâu vào con đường thoả hiệp.",[],[],"[""Pháp đánh chiếm Bắc Kì lần thứ nhất"", ""Pháp đánh chiếm Bắc Kì lần thứ nhất Năm 1873"", ""Pháp đánh chiếm Bắc Kì lần thứ nhất Việt Nam từ năm 1858 đến năm 1918"", ""Pháp đánh chiếm Bắc Kì lần thứ nhất Kết quả: Triều Nguyễn thoả hiệp Địa điểm: Bắc Kì"", ""Pháp đánh chiếm Bắc Kì lần thứ nhất ảnh tư liệu"", ""Pháp đánh chiếm Bắc Kì lần thứ nhất chân dung""]","[""baotanglichsu.vn"", ""luutru.gov.vn"", ""hochiminh.vn"", ""nhandan.vn"", ""qdnd.vn"", ""vietnamplus.vn"", ""gallica.bnf.fr"", ""loc.gov""]","[""Pháp đánh chiếm Bắc Kì lần thứ nhất"", ""Pháp đánh chiếm Bắc Kì lần thứ nhất Năm 1873"", ""Pháp đánh chiếm Bắc Kì lần thứ nhất Việt Nam từ năm 1858 đến năm 1918"", ""Pháp đánh chiếm Bắc Kì lần thứ nhất Kết quả: Triều Nguyễn thoả hiệp Địa điểm: Bắc Kì"", ""Pháp đánh chiếm Bắc Kì lần thứ nhất ảnh tư liệu"", ""Pháp đánh chiếm Bắc Kì lần thứ nhất chân dung""]",not_attempted,[],,,Needs manual trusted-source/image search.,False
68,phap-chiem-bac-ki-lan-2,Pháp đánh chiếm Bắc Kì lần thứ hai,Năm 1882,"Năm 1882, Pháp lại đưa quân đánh chiếm Bắc Kì lần thứ hai, sau đó quyết định đánh thẳng vào Huế.",[],[],"[""Pháp đánh chiếm Bắc Kì lần thứ hai"", ""Pháp đánh chiếm Bắc Kì lần thứ hai Năm 1882"", ""Pháp đánh chiếm Bắc Kì lần thứ hai Việt Nam từ năm 1858 đến năm 1918"", ""Pháp đánh chiếm Bắc Kì lần thứ hai Địa điểm: Bắc Kì, Huế Mở đường cho việc Pháp đánh chiếm Huế"", ""Pháp đánh chiếm Bắc Kì lần thứ hai ảnh tư liệu"", ""Pháp đánh chiếm Bắc Kì lần thứ hai chân dung""]","[""baotanglichsu.vn"", ""luutru.gov.vn"", ""hochiminh.vn"", ""nhandan.vn"", ""qdnd.vn"", ""vietnamplus.vn"", ""gallica.bnf.fr"", ""loc.gov""]","[""Pháp đánh chiếm Bắc Kì lần thứ hai"", ""Pháp đánh chiếm Bắc Kì lần thứ hai Năm 1882"", ""Pháp đánh chiếm Bắc Kì lần thứ hai Việt Nam từ năm 1858 đến năm 1918"", ""Pháp đánh chiếm Bắc Kì lần thứ hai Địa điểm: Bắc Kì, Huế Mở đường cho việc Pháp đánh chiếm Huế"", ""Pháp đánh chiếm Bắc Kì lần thứ hai ảnh tư liệu"", ""Pháp đánh chiếm Bắc Kì lần thứ hai chân dung""]",not_attempted,[],,,Needs manual trusted-source/image search.,False
69,hiep-uoc-hac-mang,Hiệp ước Hác-măng,Năm 1883,Triều đình nhà Nguyễn kí với Pháp bản Hiệp ước Hác-măng (1883).,[],[],"[""Hiệp ước Hác-măng"", ""Hiệp ước Hác-măng Năm 1883"", ""Hiệp ước Hác-măng Việt Nam từ năm 1858 đến năm 1918"", ""Hiệp ước Hác-măng Các bên kí kết: Triều Nguyễn và Pháp Diễn ra năm 1883"", ""Hiệp ước Hác-măng ảnh tư liệu"", ""Hiệp ước Hác-măng chân dung""]","[""baotanglichsu.vn"", ""luutru.gov.vn"", ""hochiminh.vn"", ""nhandan.vn"", ""qdnd.vn"", ""vietnamplus.vn"", ""gallica.bnf.fr"", ""loc.gov""]","[""Hiệp ước Hác-măng"", ""Hiệp ước Hác-măng Năm 1883"", ""Hiệp ước Hác-măng Việt Nam từ năm 1858 đến năm 1918"", ""Hiệp ước Hác-măng Các bên kí kết: Triều Nguyễn và Pháp Diễn ra năm 1883"", ""Hiệp ước Hác-măng ảnh tư liệu"", ""Hiệp ước Hác-măng chân dung""]",not_attempted,[],,,Needs manual trusted-source/image search.,False
70,hiep-uoc-pa-to-not,Hiệp ước Pa-tơ-nốt,Năm 1884,"Triều đình nhà Nguyễn kí với Pháp bản Hiệp ước Pa-tơ-nốt (1884), đánh dấu sự đầu hàng hoàn toàn của triều đình phong kiến Việt Nam và sự xác lập nền bảo hộ của Pháp trên toàn bộ đất nước ta.",[],[],"[""Hiệp ước Pa-tơ-nốt"", ""Hiệp ước Pa-tơ-nốt Năm 1884"", ""Hiệp ước Pa-tơ-nốt Việt Nam từ năm 1858 đến năm 1918"", ""Hiệp ước Pa-tơ-nốt Nội dung chính: Xác lập nền bảo hộ của Pháp trên toàn Việt Nam Diễn ra năm 1884"", ""Hiệp ước Pa-tơ-nốt ảnh tư liệu"", ""Hiệp ước Pa-tơ-nốt chân dung""]","[""baotanglichsu.vn"", ""luutru.gov.vn"", ""hochiminh.vn"", ""nhandan.vn"", ""qdnd.vn"", ""vietnamplus.vn"", ""gallica.bnf.fr"", ""loc.gov""]","[""Hiệp ước Pa-tơ-nốt"", ""Hiệp ước Pa-tơ-nốt Năm 1884"", ""Hiệp ước Pa-tơ-nốt Việt Nam từ năm 1858 đến năm 1918"", ""Hiệp ước Pa-tơ-nốt Nội dung chính: Xác lập nền bảo hộ của Pháp trên toàn Việt Nam Diễn ra năm 1884"", ""Hiệp ước Pa-tơ-nốt ảnh tư liệu"", ""Hiệp ước Pa-tơ-nốt chân dung""]",not_attempted,[],,,Needs manual trusted-source/image search.,False
71,trung-quoc-tu-choi-boi-thuong-vu-tau-dam-hoang-sa,Trung Quốc từ chối bồi thường vụ tàu đắm ở Hoàng Sa,Năm 1898,"Năm 1898, khi Công ti Bảo hiểm Anh đòi Trung Quốc phải bồi thường việc người dân Hải Nam ""hôi của"" tàu Bê-lô-na của Đức bị đắm vào năm 1894 ở ngoài khơi bãi đá Bắc và tàu U-nô-phi Ma-ru của Nhật Bản đắm năm 1896 cũng ở quần đảo Hoàng Sa. Trung Quốc đã nêu lí do quần đảo Hoàng Sa không thuộc chủ quyền Trung Quốc để dứt khoát từ chối bồi thường.","[""quần đảo Hoàng Sa"", ""bãi đá Bắc"", ""Hải Nam""]",[],"[""Trung Quốc từ chối bồi thường vụ tàu đắm ở Hoàng Sa"", ""Trung Quốc từ chối bồi thường vụ tàu đắm ở Hoàng Sa Năm 1898"", ""Trung Quốc từ chối bồi thường vụ tàu đắm ở Hoàng Sa quần đảo Hoàng Sa"", ""Trung Quốc từ chối bồi thường vụ tàu đắm ở Hoàng Sa Diễn ra năm 1898 Liên quan đến việc bồi thường tàu đắm của Anh, Đức, Nhật"", ""Trung Quốc từ chối bồi thường vụ tàu đắm ở Hoàng Sa bản đồ"", ""Trung Quốc từ chối bồi thường vụ tàu đắm ở Hoàng Sa hải đồ""]","[""mofa.gov.vn"", ""biengioilanhtho.gov.vn"", ""mod.gov.vn"", ""qdnd.vn"", ""chinhphu.vn"", ""vietnamplus.vn"", ""luutru.gov.vn""]","[""Trung Quốc từ chối bồi thường vụ tàu đắm ở Hoàng Sa"", ""Trung Quốc từ chối bồi thường vụ tàu đắm ở Hoàng Sa Năm 1898"", ""Trung Quốc từ chối bồi thường vụ tàu đắm ở Hoàng Sa quần đảo Hoàng Sa"", ""Trung Quốc từ chối bồi thường vụ tàu đắm ở Hoàng Sa Diễn ra năm 1898 Liên quan đến việc bồi thường tàu đắm của Anh, Đức, Nhật"", ""Trung Quốc từ chối bồi thường vụ tàu đắm ở Hoàng Sa bản đồ"", ""Trung Quốc từ chối bồi thường vụ tàu đắm ở Hoàng Sa hải đồ""]",not_attempted,[],,,Needs manual trusted-source/image search.,False
72,phong-trao-dong-du,Phong trào Đông du,Đầu thế kỉ XX,"Phong trào Đông du là một phong trào yêu nước tiêu biểu vào đầu thế kỉ XX với mục đích đưa thanh niên Việt Nam sang Nhật Bản học tập, chuẩn bị lực lượng, chờ thời cơ giành lại độc lập cho nước nhà.","[""Nhật Bản"", ""Việt Nam""]",[],"[""Phong trào Đông du"", ""Phong trào Đông du Đầu thế kỉ XX"", ""Phong trào Đông du Nhật Bản"", ""Phong trào Đông du Đưa thanh niên Việt Nam sang Nhật Bản học tập Do các nhân sĩ yêu nước khởi xướng"", ""Phong trào Đông du ảnh tư liệu"", ""Phong trào Đông du chân dung""]","[""baotanglichsu.vn"", ""luutru.gov.vn"", ""hochiminh.vn"", ""nhandan.vn"", ""qdnd.vn"", ""vietnamplus.vn"", ""gallica.bnf.fr"", ""loc.gov""]","[""Phong trào Đông du"", ""Phong trào Đông du Đầu thế kỉ XX"", ""Phong trào Đông du Nhật Bản"", ""Phong trào Đông du Đưa thanh niên Việt Nam sang Nhật Bản học tập Do các nhân sĩ yêu nước khởi xướng"", ""Phong trào Đông du ảnh tư liệu"", ""Phong trào Đông du chân dung""]",not_attempted,[],,,Needs manual trusted-source/image search.,False
73,hoat-dong-doi-ngoai-phan-boi-chau,Hoạt động đối ngoại của Phan Bội Châu,1905 - 1912,"Hoạt động đối ngoại của Phan Bội Châu diễn ra chủ yếu ở Nhật Bản, Trung Quốc với mục đích tìm kiếm sự giúp đỡ từ bên ngoài để chống thực dân Pháp, giành độc lập dân tộc.","[""Nhật Bản"", ""Nga"", ""Ấn Độ"", ""Đức"", ""Việt Nam"", ""Trung Quốc"", ""Triều Tiên"", ""Quảng Tây"", ""Vân Nam""]",[],"[""Hoạt động đối ngoại của Phan Bội Châu"", ""Hoạt động đối ngoại của Phan Bội Châu 1905 - 1912"", ""Hoạt động đối ngoại của Phan Bội Châu Nhật Bản"", ""Hoạt động đối ngoại của Phan Bội Châu Thành lập Điền – Quế -Việt liên minh và Đông Á đồng minh (1908) Đưa 200 thanh niên sang Nhật học tập (1905)"", ""Hoạt động đối ngoại của Phan Bội Châu ảnh tư liệu"", ""Hoạt động đối ngoại của Phan Bội Châu chân dung""]","[""baotanglichsu.vn"", ""luutru.gov.vn"", ""hochiminh.vn"", ""nhandan.vn"", ""qdnd.vn"", ""vietnamplus.vn"", ""gallica.bnf.fr"", ""loc.gov""]","[""Hoạt động đối ngoại của Phan Bội Châu"", ""Hoạt động đối ngoại của Phan Bội Châu 1905 - 1912"", ""Hoạt động đối ngoại của Phan Bội Châu Nhật Bản"", ""Hoạt động đối ngoại của Phan Bội Châu Thành lập Điền – Quế -Việt liên minh và Đông Á đồng minh (1908) Đưa 200 thanh niên sang Nhật học tập (1905)"", ""Hoạt động đối ngoại của Phan Bội Châu ảnh tư liệu"", ""Hoạt động đối ngoại của Phan Bội Châu chân dung""]",not_attempted,[],,,Needs manual trusted-source/image search.,False
74,phan-boi-chau-sang-nhat-ban-1905,Phan Bội Châu sang Nhật Bản,Đầu năm 1905,"Đầu năm 1905, Phan Bội Châu sang Nhật Bản nhờ giúp đỡ về khí giới, đào tạo nhân lực cho công cuộc cứu nước,... Ông đưa 200 thanh niên Việt Nam sang học tập ở các trường tư thục khác nhau.","[""Nhật Bản"", ""Việt Nam""]",[],"[""Phan Bội Châu sang Nhật Bản"", ""Phan Bội Châu sang Nhật Bản Đầu năm 1905"", ""Phan Bội Châu sang Nhật Bản Nhật Bản"", ""Phan Bội Châu sang Nhật Bản Đưa 200 thanh niên Việt Nam sang học tập Mục đích: tìm kiếm giúp đỡ về khí giới, đào tạo nhân lực"", ""Phan Bội Châu sang Nhật Bản ảnh tư liệu"", ""Phan Bội Châu sang Nhật Bản chân dung""]","[""baotanglichsu.vn"", ""luutru.gov.vn"", ""hochiminh.vn"", ""nhandan.vn"", ""qdnd.vn"", ""vietnamplus.vn"", ""gallica.bnf.fr"", ""loc.gov""]","[""Phan Bội Châu sang Nhật Bản"", ""Phan Bội Châu sang Nhật Bản Đầu năm 1905"", ""Phan Bội Châu sang Nhật Bản Nhật Bản"", ""Phan Bội Châu sang Nhật Bản Đưa 200 thanh niên Việt Nam sang học tập Mục đích: tìm kiếm giúp đỡ về khí giới, đào tạo nhân lực"", ""Phan Bội Châu sang Nhật Bản ảnh tư liệu"", ""Phan Bội Châu sang Nhật Bản chân dung""]",not_attempted,[],,,Needs manual trusted-source/image search.,False
75,nguyen-tat-thanh-tham-gia-chong-thue-hue,Nguyễn Tất Thành tham gia phong trào chống thuế ở Huế,Năm 1908,"Sớm có tinh thần yêu nước, năm 1908, Nguyễn Tất Thành tham gia phong trào chống thuế ở Huế.",[],[],"[""Nguyễn Tất Thành tham gia phong trào chống thuế ở Huế"", ""Nguyễn Tất Thành tham gia phong trào chống thuế ở Huế Năm 1908"", ""Nguyễn Tất Thành tham gia phong trào chống thuế ở Huế Việt Nam từ năm 1858 đến năm 1918"", ""Nguyễn Tất Thành tham gia phong trào chống thuế ở Huế Tham gia phong trào chống thuế"", ""Nguyễn Tất Thành tham gia phong trào chống thuế ở Huế ảnh tư liệu"", ""Nguyễn Tất Thành tham gia phong trào chống thuế ở Huế chân dung""]","[""baotanglichsu.vn"", ""luutru.gov.vn"", ""hochiminh.vn"", ""nhandan.vn"", ""qdnd.vn"", ""vietnamplus.vn"", ""gallica.bnf.fr"", ""loc.gov""]","[""Nguyễn Tất Thành tham gia phong trào chống thuế ở Huế"", ""Nguyễn Tất Thành tham gia phong trào chống thuế ở Huế Năm 1908"", ""Nguyễn Tất Thành tham gia phong trào chống thuế ở Huế Việt Nam từ năm 1858 đến năm 1918"", ""Nguyễn Tất Thành tham gia phong trào chống thuế ở Huế Tham gia phong trào chống thuế"", ""Nguyễn Tất Thành tham gia phong trào chống thuế ở Huế ảnh tư liệu"", ""Nguyễn Tất Thành tham gia phong trào chống thuế ở Huế chân dung""]",not_attempted,[],,,Needs manual trusted-source/image search.,False
76,thanh-lap-lien-minh-dong-a-1908,Thành lập Điền – Quế -Việt liên minh và Đông Á đồng minh,Năm 1908,"Năm 1908, Phan Bội Châu tham gia thành lập các tổ chức có mục tiêu đoàn kết quốc tế như: Điền – Quế -Việt liên minh (liên minh giữa Vân Nam, Quảng Tây với Việt Nam) và Đông Á đồng minh (gồm một số người Nhật Bản, Trung Quốc, Triều Tiên, Ấn Độ,...) để hợp sức chống đế quốc.","[""Nhật Bản"", ""Ấn Độ"", ""Việt Nam"", ""Trung Quốc"", ""Triều Tiên"", ""Quảng Tây"", ""Vân Nam""]",[],"[""Thành lập Điền – Quế -Việt liên minh và Đông Á đồng minh"", ""Thành lập Điền – Quế -Việt liên minh và Đông Á đồng minh Năm 1908"", ""Thành lập Điền – Quế -Việt liên minh và Đông Á đồng minh Nhật Bản"", ""Thành lập Điền – Quế -Việt liên minh và Đông Á đồng minh Thành lập Điền – Quế -Việt liên minh Thành lập Đông Á đồng minh"", ""Thành lập Điền – Quế -Việt liên minh và Đông Á đồng minh ảnh tư liệu"", ""Thành lập Điền – Quế -Việt liên minh và Đông Á đồng minh chân dung""]","[""baotanglichsu.vn"", ""luutru.gov.vn"", ""hochiminh.vn"", ""nhandan.vn"", ""qdnd.vn"", ""vietnamplus.vn"", ""gallica.bnf.fr"", ""loc.gov""]","[""Thành lập Điền – Quế -Việt liên minh và Đông Á đồng minh"", ""Thành lập Điền – Quế -Việt liên minh và Đông Á đồng minh Năm 1908"", ""Thành lập Điền – Quế -Việt liên minh và Đông Á đồng minh Nhật Bản"", ""Thành lập Điền – Quế -Việt liên minh và Đông Á đồng minh Thành lập Điền – Quế -Việt liên minh Thành lập Đông Á đồng minh"", ""Thành lập Điền – Quế -Việt liên minh và Đông Á đồng minh ảnh tư liệu"", ""Thành lập Điền – Quế -Việt liên minh và Đông Á đồng minh chân dung""]",not_attempted,[],,,Needs manual trusted-source/image search.,False
77,nguyen-tat-thanh-roi-phan-thiet-vao-sai-gon,Nguyễn Tất Thành rời Phan Thiết vào Sài Gòn,Tháng 2-1911,"Tháng 2-1911, Nguyễn Tất Thành rời Phan Thiết vào Sài Gòn, mang theo hoài bão ra nước ngoài, xem thế giới làm như thế nào rồi trở về giúp đồng bào.",[],[],"[""Nguyễn Tất Thành rời Phan Thiết vào Sài Gòn"", ""Nguyễn Tất Thành rời Phan Thiết vào Sài Gòn Tháng 2-1911"", ""Nguyễn Tất Thành rời Phan Thiết vào Sài Gòn Việt Nam từ năm 1858 đến năm 1918"", ""Nguyễn Tất Thành rời Phan Thiết vào Sài Gòn Rời Phan Thiết Đến Sài Gòn"", ""Nguyễn Tất Thành rời Phan Thiết vào Sài Gòn ảnh tư liệu"", ""Nguyễn Tất Thành rời Phan Thiết vào Sài Gòn chân dung""]","[""baotanglichsu.vn"", ""luutru.gov.vn"", ""hochiminh.vn"", ""nhandan.vn"", ""qdnd.vn"", ""vietnamplus.vn"", ""gallica.bnf.fr"", ""loc.gov""]","[""Nguyễn Tất Thành rời Phan Thiết vào Sài Gòn"", ""Nguyễn Tất Thành rời Phan Thiết vào Sài Gòn Tháng 2-1911"", ""Nguyễn Tất Thành rời Phan Thiết vào Sài Gòn Việt Nam từ năm 1858 đến năm 1918"", ""Nguyễn Tất Thành rời Phan Thiết vào Sài Gòn Rời Phan Thiết Đến Sài Gòn"", ""Nguyễn Tất Thành rời Phan Thiết vào Sài Gòn ảnh tư liệu"", ""Nguyễn Tất Thành rời Phan Thiết vào Sài Gòn chân dung""]",not_attempted,[],,,Needs manual trusted-source/image search.,False
78,nguyen-tat-thanh-ra-di-tim-duong-cuu-nuoc,Nguyễn Tất Thành ra đi tìm đường cứu nước,5-6-1911,"Sau một thời gian tìm hiểu, ngày 5-6-1911, Nguyễn Tất Thành (với tên gọi mới là Văn Ba) đã rời Bến Nhà Rồng trên con tàu La-tu-sơ Tơ-rê-vin, bắt đầu hành trình tìm đường cứu nước.",[],[],"[""Nguyễn Tất Thành ra đi tìm đường cứu nước"", ""Nguyễn Tất Thành ra đi tìm đường cứu nước 5-6-1911"", ""Nguyễn Tất Thành ra đi tìm đường cứu nước Việt Nam từ năm 1858 đến năm 1918"", ""Nguyễn Tất Thành ra đi tìm đường cứu nước Rời Bến Nhà Rồng Tên gọi: Văn Ba"", ""Nguyễn Tất Thành ra đi tìm đường cứu nước ảnh tư liệu"", ""Nguyễn Tất Thành ra đi tìm đường cứu nước chân dung""]","[""baotanglichsu.vn"", ""luutru.gov.vn"", ""hochiminh.vn"", ""nhandan.vn"", ""qdnd.vn"", ""vietnamplus.vn"", ""gallica.bnf.fr"", ""loc.gov""]","[""Nguyễn Tất Thành ra đi tìm đường cứu nước"", ""Nguyễn Tất Thành ra đi tìm đường cứu nước 5-6-1911"", ""Nguyễn Tất Thành ra đi tìm đường cứu nước Việt Nam từ năm 1858 đến năm 1918"", ""Nguyễn Tất Thành ra đi tìm đường cứu nước Rời Bến Nhà Rồng Tên gọi: Văn Ba"", ""Nguyễn Tất Thành ra đi tìm đường cứu nước ảnh tư liệu"", ""Nguyễn Tất Thành ra đi tìm đường cứu nước chân dung""]",not_attempted,[],,,Needs manual trusted-source/image search.,False
79,hoat-dong-doi-ngoai-phan-chau-trinh,Hoạt động đối ngoại của Phan Châu Trinh,Từ năm 1911,"Hoạt động đối ngoại của Phan Châu Trinh diễn ra chủ yếu ở Pháp với mục đích vận động cải cách cho Việt Nam. Năm 1911, Phan Châu Trinh sang Pháp, tiếp xúc với một số nhóm Việt kiều, tổ chức, đảng phái tiến bộ, nhiều lần gửi kiến nghị đến các thành viên của Chính phủ Pháp..., phê phán chính quyền thực dân, thức tỉnh dư luận Pháp về tình hình Việt Nam. Phan Châu Trinh đóng vai trò quan trọng trong việc thành lập và hoạt động của một số tổ chức yêu nước Việt Nam tại Pháp.","[""Việt Nam"", ""Pháp""]",[],"[""Hoạt động đối ngoại của Phan Châu Trinh"", ""Hoạt động đối ngoại của Phan Châu Trinh Từ năm 1911"", ""Hoạt động đối ngoại của Phan Châu Trinh Việt Nam"", ""Hoạt động đối ngoại của Phan Châu Trinh Mục đích: vận động cải cách cho Việt Nam Tiếp xúc với Việt kiều, tổ chức, đảng phái tiến bộ"", ""Hoạt động đối ngoại của Phan Châu Trinh ảnh tư liệu"", ""Hoạt động đối ngoại của Phan Châu Trinh chân dung""]","[""baotanglichsu.vn"", ""luutru.gov.vn"", ""hochiminh.vn"", ""nhandan.vn"", ""qdnd.vn"", ""vietnamplus.vn"", ""gallica.bnf.fr"", ""loc.gov""]","[""Hoạt động đối ngoại của Phan Châu Trinh"", ""Hoạt động đối ngoại của Phan Châu Trinh Từ năm 1911"", ""Hoạt động đối ngoại của Phan Châu Trinh Việt Nam"", ""Hoạt động đối ngoại của Phan Châu Trinh Mục đích: vận động cải cách cho Việt Nam Tiếp xúc với Việt kiều, tổ chức, đảng phái tiến bộ"", ""Hoạt động đối ngoại của Phan Châu Trinh ảnh tư liệu"", ""Hoạt động đối ngoại của Phan Châu Trinh chân dung""]",not_attempted,[],,,Needs manual trusted-source/image search.,False
80,phan-boi-chau-ve-trung-quoc-1911,Phan Bội Châu về hoạt động ở Trung Quốc,Năm 1911,"Năm 1911, Phan Bội Châu quyết định về hoạt động ở Trung Quốc. Đầu năm 1912, Phan Bội Châu thành lập Việt Nam Quang phục hội và tham gia thành lập Chấn Hoa Hưng Á, nhằm đánh đuổi thực dân Pháp, giành độc lập. Tại đây, Phan Bội Châu cử người liên lạc với một số tổ chức, đại diện nước ngoài như Công sứ Đức, Đại sứ quán Nga,... để tìm kiếm sự giúp đỡ cho phong trào đấu tranh chống Pháp ở Việt Nam.","[""Nga"", ""Việt Nam"", ""Đức"", ""Trung Quốc""]",[],"[""Phan Bội Châu về hoạt động ở Trung Quốc"", ""Phan Bội Châu về hoạt động ở Trung Quốc Năm 1911"", ""Phan Bội Châu về hoạt động ở Trung Quốc Nga"", ""Phan Bội Châu về hoạt động ở Trung Quốc Liên lạc với Công sứ Đức, Đại sứ quán Nga Diễn ra năm 1911"", ""Phan Bội Châu về hoạt động ở Trung Quốc ảnh tư liệu"", ""Phan Bội Châu về hoạt động ở Trung Quốc chân dung""]","[""baotanglichsu.vn"", ""luutru.gov.vn"", ""hochiminh.vn"", ""nhandan.vn"", ""qdnd.vn"", ""vietnamplus.vn"", ""gallica.bnf.fr"", ""loc.gov""]","[""Phan Bội Châu về hoạt động ở Trung Quốc"", ""Phan Bội Châu về hoạt động ở Trung Quốc Năm 1911"", ""Phan Bội Châu về hoạt động ở Trung Quốc Nga"", ""Phan Bội Châu về hoạt động ở Trung Quốc Liên lạc với Công sứ Đức, Đại sứ quán Nga Diễn ra năm 1911"", ""Phan Bội Châu về hoạt động ở Trung Quốc ảnh tư liệu"", ""Phan Bội Châu về hoạt động ở Trung Quốc chân dung""]",not_attempted,[],,,Needs manual trusted-source/image search.,False
81,phan-chau-trinh-sang-phap-1911,Phan Châu Trinh sang Pháp,Năm 1911,"Năm 1911, Phan Châu Trinh sang Pháp, tiếp xúc với một số nhóm Việt kiều, tổ chức, đảng phái tiến bộ, nhiều lần gửi kiến nghị đến các thành viên của Chính phủ Pháp..., phê phán chính quyền thực dân, thức tỉnh dư luận Pháp về tình hình Việt Nam.","[""Việt Nam"", ""Pháp""]",[],"[""Phan Châu Trinh sang Pháp"", ""Phan Châu Trinh sang Pháp Năm 1911"", ""Phan Châu Trinh sang Pháp Việt Nam"", ""Phan Châu Trinh sang Pháp Tiếp xúc với Việt kiều, tổ chức, đảng phái tiến bộ Gửi kiến nghị đến Chính phủ Pháp"", ""Phan Châu Trinh sang Pháp ảnh tư liệu"", ""Phan Châu Trinh sang Pháp chân dung""]","[""baotanglichsu.vn"", ""luutru.gov.vn"", ""hochiminh.vn"", ""nhandan.vn"", ""qdnd.vn"", ""vietnamplus.vn"", ""gallica.bnf.fr"", ""loc.gov""]","[""Phan Châu Trinh sang Pháp"", ""Phan Châu Trinh sang Pháp Năm 1911"", ""Phan Châu Trinh sang Pháp Việt Nam"", ""Phan Châu Trinh sang Pháp Tiếp xúc với Việt kiều, tổ chức, đảng phái tiến bộ Gửi kiến nghị đến Chính phủ Pháp"", ""Phan Châu Trinh sang Pháp ảnh tư liệu"", ""Phan Châu Trinh sang Pháp chân dung""]",not_attempted,[],,,Needs manual trusted-source/image search.,False
82,thanh-lap-viet-nam-quang-phuc-hoi-1912,Thành lập Việt Nam Quang phục hội và Chấn Hoa Hưng Á,Đầu năm 1912,"Đầu năm 1912, Phan Bội Châu thành lập Việt Nam Quang phục hội và tham gia thành lập Chấn Hoa Hưng Á, nhằm đánh đuổi thực dân Pháp, giành độc lập.","[""Trung Quốc""]",[],"[""Thành lập Việt Nam Quang phục hội và Chấn Hoa Hưng Á"", ""Thành lập Việt Nam Quang phục hội và Chấn Hoa Hưng Á Đầu năm 1912"", ""Thành lập Việt Nam Quang phục hội và Chấn Hoa Hưng Á Trung Quốc"", ""Thành lập Việt Nam Quang phục hội và Chấn Hoa Hưng Á Diễn ra đầu năm 1912 Mục tiêu: đánh đuổi thực dân Pháp, giành độc lập"", ""Thành lập Việt Nam Quang phục hội và Chấn Hoa Hưng Á ảnh tư liệu"", ""Thành lập Việt Nam Quang phục hội và Chấn Hoa Hưng Á chân dung""]","[""baotanglichsu.vn"", ""luutru.gov.vn"", ""hochiminh.vn"", ""nhandan.vn"", ""qdnd.vn"", ""vietnamplus.vn"", ""gallica.bnf.fr"", ""loc.gov""]","[""Thành lập Việt Nam Quang phục hội và Chấn Hoa Hưng Á"", ""Thành lập Việt Nam Quang phục hội và Chấn Hoa Hưng Á Đầu năm 1912"", ""Thành lập Việt Nam Quang phục hội và Chấn Hoa Hưng Á Trung Quốc"", ""Thành lập Việt Nam Quang phục hội và Chấn Hoa Hưng Á Diễn ra đầu năm 1912 Mục tiêu: đánh đuổi thực dân Pháp, giành độc lập"", ""Thành lập Việt Nam Quang phục hội và Chấn Hoa Hưng Á ảnh tư liệu"", ""Thành lập Việt Nam Quang phục hội và Chấn Hoa Hưng Á chân dung""]",not_attempted,[],,,Needs manual trusted-source/image search.,False
83,chu-quyen-bien-dao-viet-nam-1919-1945,Chủ quyền biển đảo Việt Nam 1919-1945,Chủ quyền biển đảo Việt Nam 1919-1945,Nút collection dẫn xuất từ force_parent.json cho nhóm Chủ quyền biển đảo Việt Nam 1919-1945.,"[""Việt Nam""]",[],"[""Chủ quyền biển đảo Việt Nam 1919-1945"", ""Chủ quyền biển đảo Việt Nam 1919-1945 Chủ quyền biển đảo Việt Nam 1919-1945"", ""Chủ quyền biển đảo Việt Nam 1919-1945 Việt Nam"", ""Chủ quyền biển đảo Việt Nam 1919-1945 ảnh tư liệu"", ""Chủ quyền biển đảo Việt Nam 1919-1945 chân dung""]","[""hochiminh.vn"", ""tulieuvankien.dangcongsan.vn"", ""dangcongsan.vn"", ""baotanglichsu.vn"", ""nhandan.vn"", ""qdnd.vn"", ""vietnamplus.vn"", ""luutru.gov.vn""]","[""Chủ quyền biển đảo Việt Nam 1919-1945"", ""Chủ quyền biển đảo Việt Nam 1919-1945 Chủ quyền biển đảo Việt Nam 1919-1945"", ""Chủ quyền biển đảo Việt Nam 1919-1945 Việt Nam"", ""Chủ quyền biển đảo Việt Nam 1919-1945 ảnh tư liệu"", ""Chủ quyền biển đảo Việt Nam 1919-1945 chân dung""]",not_attempted,[],,,Needs manual trusted-source/image search.,False
84,nguyen-ai-quoc-gui-yeu-sach-vec-xai,Nguyễn Ái Quốc gửi Yêu sách của nhân dân An Nam đến Hội nghị Véc-xai,Năm 1919,"Năm 1919, Nguyễn Tất Thành thay mặt những người Việt Nam yêu nước tại Pháp gửi tới Hội nghị Véc-xai bản Yêu sách của nhân dân An Nam, trong đó kí tên là Nguyễn Ái Quốc.","[""Hội nghị Véc-xai"", ""Pháp""]",[],"[""Nguyễn Ái Quốc gửi Yêu sách của nhân dân An Nam đến Hội nghị Véc-xai"", ""Nguyễn Ái Quốc gửi Yêu sách của nhân dân An Nam đến Hội nghị Véc-xai Năm 1919"", ""Nguyễn Ái Quốc gửi Yêu sách của nhân dân An Nam đến Hội nghị Véc-xai Hội nghị Véc-xai"", ""Nguyễn Ái Quốc gửi Yêu sách của nhân dân An Nam đến Hội nghị Véc-xai Kí tên Nguyễn Ái Quốc Thay mặt người Việt Nam yêu nước"", ""Nguyễn Ái Quốc gửi Yêu sách của nhân dân An Nam đến Hội nghị Véc-xai ảnh tư liệu"", ""Nguyễn Ái Quốc gửi Yêu sách của nhân dân An Nam đến Hội nghị Véc-xai chân dung""]","[""hochiminh.vn"", ""tulieuvankien.dangcongsan.vn"", ""dangcongsan.vn"", ""baotanglichsu.vn"", ""nhandan.vn"", ""qdnd.vn"", ""vietnamplus.vn"", ""luutru.gov.vn""]","[""Nguyễn Ái Quốc gửi Yêu sách của nhân dân An Nam đến Hội nghị Véc-xai"", ""Nguyễn Ái Quốc gửi Yêu sách của nhân dân An Nam đến Hội nghị Véc-xai Năm 1919"", ""Nguyễn Ái Quốc gửi Yêu sách của nhân dân An Nam đến Hội nghị Véc-xai Hội nghị Véc-xai"", ""Nguyễn Ái Quốc gửi Yêu sách của nhân dân An Nam đến Hội nghị Véc-xai Kí tên Nguyễn Ái Quốc Thay mặt người Việt Nam yêu nước"", ""Nguyễn Ái Quốc gửi Yêu sách của nhân dân An Nam đến Hội nghị Véc-xai ảnh tư liệu"", ""Nguyễn Ái Quốc gửi Yêu sách của nhân dân An Nam đến Hội nghị Véc-xai chân dung""]",not_attempted,[],,,Needs manual trusted-source/image search.,False
85,nguyen-ai-quoc-doc-luan-cuong-le-nin,Nguyễn Ái Quốc đọc Sơ thảo lần thứ nhất những luận cương về vấn đề dân tộc và vấn đề thuộc địa của Lê-nin,Tháng 7 – 1920,"Tháng 7 – 1920, Nguyễn Ái Quốc đọc Sơ thảo lần thứ nhất những luận cương về vấn đề dân tộc và vấn đề thuộc địa của Lê-nin đăng trên báo Nhân đạo. Luận cương đã giúp Nguyễn Ái Quốc khẳng định con đường giành độc lập và tự do cho dân tộc Việt Nam là đi theo con đường cách mạng vô sản, gắn giải phóng dân tộc với giải phóng giai cấp, độc lập dân tộc với chủ nghĩa xã hội.",[],[],"[""Nguyễn Ái Quốc đọc Sơ thảo lần thứ nhất những luận cương về vấn đề dân tộc và vấn đề thuộc địa của Lê-nin"", ""Nguyễn Ái Quốc đọc Sơ thảo lần thứ nhất những luận cương về vấn đề dân tộc và vấn đề thuộc địa của Lê-nin Tháng 7 – 1920"", ""Nguyễn Ái Quốc đọc Sơ thảo lần thứ nhất những luận cương về vấn đề dân tộc và vấn đề thuộc địa của Lê-nin Việt Nam từ năm 1919 đến năm 1945"", ""Nguyễn Ái Quốc đọc Sơ thảo lần thứ nhất những luận cương về vấn đề dân tộc và vấn đề thuộc địa của Lê-nin Gắn giải phóng dân tộc với giải phóng giai cấp, độc lập dân tộc với chủ nghĩa xã hội Đăng trên báo Nhân đạo"", ""Nguyễn Ái Quốc đọc Sơ thảo lần thứ nhất những luận cương về vấn đề dân tộc và vấn đề thuộc địa của Lê-nin ảnh tư liệu"", ""Nguyễn Ái Quốc đọc Sơ thảo lần thứ nhất những luận cương về vấn đề dân tộc và vấn đề thuộc địa của Lê-nin chân dung""]","[""hochiminh.vn"", ""tulieuvankien.dangcongsan.vn"", ""dangcongsan.vn"", ""baotanglichsu.vn"", ""nhandan.vn"", ""qdnd.vn"", ""vietnamplus.vn"", ""luutru.gov.vn""]","[""Nguyễn Ái Quốc đọc Sơ thảo lần thứ nhất những luận cương về vấn đề dân tộc và vấn đề thuộc địa của Lê-nin"", ""Nguyễn Ái Quốc đọc Sơ thảo lần thứ nhất những luận cương về vấn đề dân tộc và vấn đề thuộc địa của Lê-nin Tháng 7 – 1920"", ""Nguyễn Ái Quốc đọc Sơ thảo lần thứ nhất những luận cương về vấn đề dân tộc và vấn đề thuộc địa của Lê-nin Việt Nam từ năm 1919 đến năm 1945"", ""Nguyễn Ái Quốc đọc Sơ thảo lần thứ nhất những luận cương về vấn đề dân tộc và vấn đề thuộc địa của Lê-nin Gắn giải phóng dân tộc với giải phóng giai cấp, độc lập dân tộc với chủ nghĩa xã hội Đăng trên báo Nhân đạo"", ""Nguyễn Ái Quốc đọc Sơ thảo lần thứ nhất những luận cương về vấn đề dân tộc và vấn đề thuộc địa của Lê-nin ảnh tư liệu"", ""Nguyễn Ái Quốc đọc Sơ thảo lần thứ nhất những luận cương về vấn đề dân tộc và vấn đề thuộc địa của Lê-nin chân dung""]",not_attempted,[],,,Needs manual trusted-source/image search.,False
86,nguyen-ai-quoc-gia-nhap-quoc-te-cong-san-va-sang-lap-dang-cong-san-phap,Nguyễn Ái Quốc bỏ phiếu tán thành gia nhập Quốc tế Cộng sản và sáng lập Đảng Cộng sản Pháp,Tháng 12 - 1920,"Tại Đại hội lần thứ XVIII của Đảng Xã hội Pháp (12 – 1920), Nguyễn Ái Quốc đã bỏ phiếu tán thành việc gia nhập Quốc tế Cộng sản, trở thành người cộng sản Việt Nam đầu tiên và một trong những người sáng lập Đảng Cộng sản Pháp.","[""Pháp"", ""Đảng Xã hội Pháp""]",[],"[""Nguyễn Ái Quốc bỏ phiếu tán thành gia nhập Quốc tế Cộng sản và sáng lập Đảng Cộng sản Pháp"", ""Nguyễn Ái Quốc bỏ phiếu tán thành gia nhập Quốc tế Cộng sản và sáng lập Đảng Cộng sản Pháp Tháng 12 - 1920"", ""Nguyễn Ái Quốc bỏ phiếu tán thành gia nhập Quốc tế Cộng sản và sáng lập Đảng Cộng sản Pháp Pháp"", ""Nguyễn Ái Quốc bỏ phiếu tán thành gia nhập Quốc tế Cộng sản và sáng lập Đảng Cộng sản Pháp Bỏ phiếu tán thành gia nhập Quốc tế Cộng sản Trở thành người cộng sản Việt Nam đầu tiên"", ""Nguyễn Ái Quốc bỏ phiếu tán thành gia nhập Quốc tế Cộng sản và sáng lập Đảng Cộng sản Pháp ảnh tư liệu"", ""Nguyễn Ái Quốc bỏ phiếu tán thành gia nhập Quốc tế Cộng sản và sáng lập Đảng Cộng sản Pháp chân dung""]","[""hochiminh.vn"", ""tulieuvankien.dangcongsan.vn"", ""dangcongsan.vn"", ""baotanglichsu.vn"", ""nhandan.vn"", ""qdnd.vn"", ""vietnamplus.vn"", ""luutru.gov.vn""]","[""Nguyễn Ái Quốc bỏ phiếu tán thành gia nhập Quốc tế Cộng sản và sáng lập Đảng Cộng sản Pháp"", ""Nguyễn Ái Quốc bỏ phiếu tán thành gia nhập Quốc tế Cộng sản và sáng lập Đảng Cộng sản Pháp Tháng 12 - 1920"", ""Nguyễn Ái Quốc bỏ phiếu tán thành gia nhập Quốc tế Cộng sản và sáng lập Đảng Cộng sản Pháp Pháp"", ""Nguyễn Ái Quốc bỏ phiếu tán thành gia nhập Quốc tế Cộng sản và sáng lập Đảng Cộng sản Pháp Bỏ phiếu tán thành gia nhập Quốc tế Cộng sản Trở thành người cộng sản Việt Nam đầu tiên"", ""Nguyễn Ái Quốc bỏ phiếu tán thành gia nhập Quốc tế Cộng sản và sáng lập Đảng Cộng sản Pháp ảnh tư liệu"", ""Nguyễn Ái Quốc bỏ phiếu tán thành gia nhập Quốc tế Cộng sản và sáng lập Đảng Cộng sản Pháp chân dung""]",not_attempted,[],,,Needs manual trusted-source/image search.,False
87,nguyen-ai-quoc-hoat-dong-phap-1921-1923,Nguyễn Ái Quốc hoạt động ở Pháp,Từ năm 1921 đến tháng 6 – 1923,"Từ năm 1921 đến tháng 6 – 1923, Nguyễn Ái Quốc hoạt động ở Pháp: tham gia thành lập Hội Liên hiệp các dân tộc thuộc địa, làm Chủ nhiệm kiêm chủ bút Báo Người cùng khổ,...","[""Pháp""]",[],"[""Nguyễn Ái Quốc hoạt động ở Pháp"", ""Nguyễn Ái Quốc hoạt động ở Pháp Từ năm 1921 đến tháng 6 – 1923"", ""Nguyễn Ái Quốc hoạt động ở Pháp Pháp"", ""Nguyễn Ái Quốc hoạt động ở Pháp Tham gia thành lập Hội Liên hiệp các dân tộc thuộc địa Làm Chủ nhiệm kiêm chủ bút Báo Người cùng khổ"", ""Nguyễn Ái Quốc hoạt động ở Pháp ảnh tư liệu"", ""Nguyễn Ái Quốc hoạt động ở Pháp chân dung""]","[""hochiminh.vn"", ""tulieuvankien.dangcongsan.vn"", ""dangcongsan.vn"", ""baotanglichsu.vn"", ""nhandan.vn"", ""qdnd.vn"", ""vietnamplus.vn"", ""luutru.gov.vn""]","[""Nguyễn Ái Quốc hoạt động ở Pháp"", ""Nguyễn Ái Quốc hoạt động ở Pháp Từ năm 1921 đến tháng 6 – 1923"", ""Nguyễn Ái Quốc hoạt động ở Pháp Pháp"", ""Nguyễn Ái Quốc hoạt động ở Pháp Tham gia thành lập Hội Liên hiệp các dân tộc thuộc địa Làm Chủ nhiệm kiêm chủ bút Báo Người cùng khổ"", ""Nguyễn Ái Quốc hoạt động ở Pháp ảnh tư liệu"", ""Nguyễn Ái Quốc hoạt động ở Pháp chân dung""]",not_attempted,[],,,Needs manual trusted-source/image search.,False
88,nguyen-ai-quoc-thanh-lap-hoi-lien-hiep-thuoc-dia-1921,Nguyễn Ái Quốc tham gia thành lập Hội Liên hiệp thuộc địa,Năm 1921,"Năm 1921, Nguyễn Ái Quốc tham gia thành lập Hội Liên hiệp thuộc địa – một hình thức liên minh của các dân tộc bị áp bức.","[""Pháp""]",[],"[""Nguyễn Ái Quốc tham gia thành lập Hội Liên hiệp thuộc địa"", ""Nguyễn Ái Quốc tham gia thành lập Hội Liên hiệp thuộc địa Năm 1921"", ""Nguyễn Ái Quốc tham gia thành lập Hội Liên hiệp thuộc địa Pháp"", ""Nguyễn Ái Quốc tham gia thành lập Hội Liên hiệp thuộc địa Là liên minh của các dân tộc bị áp bức Diễn ra năm 1921"", ""Nguyễn Ái Quốc tham gia thành lập Hội Liên hiệp thuộc địa ảnh tư liệu"", ""Nguyễn Ái Quốc tham gia thành lập Hội Liên hiệp thuộc địa chân dung""]","[""hochiminh.vn"", ""tulieuvankien.dangcongsan.vn"", ""dangcongsan.vn"", ""baotanglichsu.vn"", ""nhandan.vn"", ""qdnd.vn"", ""vietnamplus.vn"", ""luutru.gov.vn""]","[""Nguyễn Ái Quốc tham gia thành lập Hội Liên hiệp thuộc địa"", ""Nguyễn Ái Quốc tham gia thành lập Hội Liên hiệp thuộc địa Năm 1921"", ""Nguyễn Ái Quốc tham gia thành lập Hội Liên hiệp thuộc địa Pháp"", ""Nguyễn Ái Quốc tham gia thành lập Hội Liên hiệp thuộc địa Là liên minh của các dân tộc bị áp bức Diễn ra năm 1921"", ""Nguyễn Ái Quốc tham gia thành lập Hội Liên hiệp thuộc địa ảnh tư liệu"", ""Nguyễn Ái Quốc tham gia thành lập Hội Liên hiệp thuộc địa chân dung""]",not_attempted,[],,,Needs manual trusted-source/image search.,False
89,nguyen-ai-quoc-thanh-lap-hoi-lien-hiep-thuoc-dia-va-bao-le-paria,Nguyễn Ái Quốc tham gia thành lập Hội liên hiệp thuộc địa và sáng lập tờ báo Le Paria,Giữa năm 1921,"Từ giữa năm 1921, tại Pháp, cùng một số nhà cách mạng của các nước thuộc địa khác, Nguyễn Ái Quốc tham gia thành lập Hội liên hiệp thuộc địa, sau đó sáng lập tờ báo Le Paria (Người cùng khổ). Người viết nhiều bài trên các báo: Nhân đạo, Đời sống công nhân, Tạp chí Cộng sản, Tập san Thư tín quốc tế....","[""Pháp""]",[],"[""Nguyễn Ái Quốc tham gia thành lập Hội liên hiệp thuộc địa và sáng lập tờ báo Le Paria"", ""Nguyễn Ái Quốc tham gia thành lập Hội liên hiệp thuộc địa và sáng lập tờ báo Le Paria Giữa năm 1921"", ""Nguyễn Ái Quốc tham gia thành lập Hội liên hiệp thuộc địa và sáng lập tờ báo Le Paria Pháp"", ""Nguyễn Ái Quốc tham gia thành lập Hội liên hiệp thuộc địa và sáng lập tờ báo Le Paria Tham gia thành lập Hội liên hiệp thuộc địa Sáng lập tờ báo Le Paria (Người cùng khổ)"", ""Nguyễn Ái Quốc tham gia thành lập Hội liên hiệp thuộc địa và sáng lập tờ báo Le Paria ảnh tư liệu"", ""Nguyễn Ái Quốc tham gia thành lập Hội liên hiệp thuộc địa và sáng lập tờ báo Le Paria chân dung""]","[""hochiminh.vn"", ""tulieuvankien.dangcongsan.vn"", ""dangcongsan.vn"", ""baotanglichsu.vn"", ""nhandan.vn"", ""qdnd.vn"", ""vietnamplus.vn"", ""luutru.gov.vn""]","[""Nguyễn Ái Quốc tham gia thành lập Hội liên hiệp thuộc địa và sáng lập tờ báo Le Paria"", ""Nguyễn Ái Quốc tham gia thành lập Hội liên hiệp thuộc địa và sáng lập tờ báo Le Paria Giữa năm 1921"", ""Nguyễn Ái Quốc tham gia thành lập Hội liên hiệp thuộc địa và sáng lập tờ báo Le Paria Pháp"", ""Nguyễn Ái Quốc tham gia thành lập Hội liên hiệp thuộc địa và sáng lập tờ báo Le Paria Tham gia thành lập Hội liên hiệp thuộc địa Sáng lập tờ báo Le Paria (Người cùng khổ)"", ""Nguyễn Ái Quốc tham gia thành lập Hội liên hiệp thuộc địa và sáng lập tờ báo Le Paria ảnh tư liệu"", ""Nguyễn Ái Quốc tham gia thành lập Hội liên hiệp thuộc địa và sáng lập tờ báo Le Paria chân dung""]",not_attempted,[],,,Needs manual trusted-source/image search.,False
90,nguyen-ai-quoc-den-lien-xo-1923,Nguyễn Ái Quốc đến Liên Xô và tham gia Quốc tế Cộng sản,Tháng 6-1923,"Tháng 6- 1923, Nguyễn Ái Quốc từ Pháp đến Liên Xô, tích cực tham gia các hội nghị, đại hội của Quốc tế Cộng sản. Tại những diễn đàn này, Nguyễn Ái Quốc trình bày quan điểm về vai trò của cách mạng thuộc địa, về lực lượng cách mạng ở thuộc địa, về quan hệ giữa cách mạng ở chính quốc với thuộc địa,...","[""Liên Xô"", ""Pháp""]",[],"[""Nguyễn Ái Quốc đến Liên Xô và tham gia Quốc tế Cộng sản"", ""Nguyễn Ái Quốc đến Liên Xô và tham gia Quốc tế Cộng sản Tháng 6-1923"", ""Nguyễn Ái Quốc đến Liên Xô và tham gia Quốc tế Cộng sản Liên Xô"", ""Nguyễn Ái Quốc đến Liên Xô và tham gia Quốc tế Cộng sản Trình bày quan điểm về cách mạng thuộc địa Diễn ra tháng 6-1923"", ""Nguyễn Ái Quốc đến Liên Xô và tham gia Quốc tế Cộng sản ảnh tư liệu"", ""Nguyễn Ái Quốc đến Liên Xô và tham gia Quốc tế Cộng sản chân dung""]","[""hochiminh.vn"", ""tulieuvankien.dangcongsan.vn"", ""dangcongsan.vn"", ""baotanglichsu.vn"", ""nhandan.vn"", ""qdnd.vn"", ""vietnamplus.vn"", ""luutru.gov.vn""]","[""Nguyễn Ái Quốc đến Liên Xô và tham gia Quốc tế Cộng sản"", ""Nguyễn Ái Quốc đến Liên Xô và tham gia Quốc tế Cộng sản Tháng 6-1923"", ""Nguyễn Ái Quốc đến Liên Xô và tham gia Quốc tế Cộng sản Liên Xô"", ""Nguyễn Ái Quốc đến Liên Xô và tham gia Quốc tế Cộng sản Trình bày quan điểm về cách mạng thuộc địa Diễn ra tháng 6-1923"", ""Nguyễn Ái Quốc đến Liên Xô và tham gia Quốc tế Cộng sản ảnh tư liệu"", ""Nguyễn Ái Quốc đến Liên Xô và tham gia Quốc tế Cộng sản chân dung""]",not_attempted,[],,,Needs manual trusted-source/image search.,False
91,thanh-lap-hoi-lien-hiep-cac-dan-toc-bi-ap-buc-a-dong-1925,Nguyễn Ái Quốc tham gia thành lập Hội Liên hiệp các dân tộc bị áp bức ở Á Đông,Tháng 7 – 1925,"Tháng 7 – 1925, Nguyễn Ái Quốc tham gia thành lập Hội Liên hiệp các dân tộc bị áp bức ở Á Đông, một đoàn thể có tính chất quốc tế bao gồm người Việt Nam, Trung Quốc, Ấn Độ, Triều Tiên, In-đô-nê-xi-a, Miến Điện. Tuyên ngôn của Hội khẳng định con đường duy nhất để xoá bỏ sự áp bức chỉ có thể là liên hiệp các dân tộc nhỏ yếu bị áp bức và giai cấp vô sản toàn thế giới, áp dụng những phương pháp cách mạng để lật đổ đế quốc thực dân.","[""Miến Điện"", ""Ấn Độ"", ""In-đô-nê-xi-a"", ""Á Đông"", ""Việt Nam"", ""Trung Quốc"", ""Triều Tiên""]",[],"[""Nguyễn Ái Quốc tham gia thành lập Hội Liên hiệp các dân tộc bị áp bức ở Á Đông"", ""Nguyễn Ái Quốc tham gia thành lập Hội Liên hiệp các dân tộc bị áp bức ở Á Đông Tháng 7 – 1925"", ""Nguyễn Ái Quốc tham gia thành lập Hội Liên hiệp các dân tộc bị áp bức ở Á Đông Miến Điện"", ""Nguyễn Ái Quốc tham gia thành lập Hội Liên hiệp các dân tộc bị áp bức ở Á Đông Bao gồm nhiều dân tộc Á Đông Mục tiêu: liên hiệp chống đế quốc thực dân"", ""Nguyễn Ái Quốc tham gia thành lập Hội Liên hiệp các dân tộc bị áp bức ở Á Đông ảnh tư liệu"", ""Nguyễn Ái Quốc tham gia thành lập Hội Liên hiệp các dân tộc bị áp bức ở Á Đông chân dung""]","[""hochiminh.vn"", ""tulieuvankien.dangcongsan.vn"", ""dangcongsan.vn"", ""baotanglichsu.vn"", ""nhandan.vn"", ""qdnd.vn"", ""vietnamplus.vn"", ""luutru.gov.vn""]","[""Nguyễn Ái Quốc tham gia thành lập Hội Liên hiệp các dân tộc bị áp bức ở Á Đông"", ""Nguyễn Ái Quốc tham gia thành lập Hội Liên hiệp các dân tộc bị áp bức ở Á Đông Tháng 7 – 1925"", ""Nguyễn Ái Quốc tham gia thành lập Hội Liên hiệp các dân tộc bị áp bức ở Á Đông Miến Điện"", ""Nguyễn Ái Quốc tham gia thành lập Hội Liên hiệp các dân tộc bị áp bức ở Á Đông Bao gồm nhiều dân tộc Á Đông Mục tiêu: liên hiệp chống đế quốc thực dân"", ""Nguyễn Ái Quốc tham gia thành lập Hội Liên hiệp các dân tộc bị áp bức ở Á Đông ảnh tư liệu"", ""Nguyễn Ái Quốc tham gia thành lập Hội Liên hiệp các dân tộc bị áp bức ở Á Đông chân dung""]",not_attempted,[],,,Needs manual trusted-source/image search.,False
92,nguyen-ai-quoc-hoat-dong-chau-au-siam-1927-1929,"Nguyễn Ái Quốc hoạt động cách mạng ở Pháp, Bỉ, Đức, Xiêm",Từ giữa năm 1927 đến cuối năm 1929,"Từ giữa năm 1927 đến cuối năm 1929, Nguyễn Ái Quốc hoạt động cách mạng ở Pháp, Bỉ, Đức, Xiêm,...","[""Xiêm"", ""Bỉ"", ""Pháp"", ""Đức""]",[],"[""Nguyễn Ái Quốc hoạt động cách mạng ở Pháp, Bỉ, Đức, Xiêm"", ""Nguyễn Ái Quốc hoạt động cách mạng ở Pháp, Bỉ, Đức, Xiêm Từ giữa năm 1927 đến cuối năm 1929"", ""Nguyễn Ái Quốc hoạt động cách mạng ở Pháp, Bỉ, Đức, Xiêm Xiêm"", ""Nguyễn Ái Quốc hoạt động cách mạng ở Pháp, Bỉ, Đức, Xiêm Hoạt động cách mạng"", ""Nguyễn Ái Quốc hoạt động cách mạng ở Pháp, Bỉ, Đức, Xiêm ảnh tư liệu"", ""Nguyễn Ái Quốc hoạt động cách mạng ở Pháp, Bỉ, Đức, Xiêm chân dung""]","[""hochiminh.vn"", ""tulieuvankien.dangcongsan.vn"", ""dangcongsan.vn"", ""baotanglichsu.vn"", ""nhandan.vn"", ""qdnd.vn"", ""vietnamplus.vn"", ""luutru.gov.vn""]","[""Nguyễn Ái Quốc hoạt động cách mạng ở Pháp, Bỉ, Đức, Xiêm"", ""Nguyễn Ái Quốc hoạt động cách mạng ở Pháp, Bỉ, Đức, Xiêm Từ giữa năm 1927 đến cuối năm 1929"", ""Nguyễn Ái Quốc hoạt động cách mạng ở Pháp, Bỉ, Đức, Xiêm Xiêm"", ""Nguyễn Ái Quốc hoạt động cách mạng ở Pháp, Bỉ, Đức, Xiêm Hoạt động cách mạng"", ""Nguyễn Ái Quốc hoạt động cách mạng ở Pháp, Bỉ, Đức, Xiêm ảnh tư liệu"", ""Nguyễn Ái Quốc hoạt động cách mạng ở Pháp, Bỉ, Đức, Xiêm chân dung""]",not_attempted,[],,,Needs manual trusted-source/image search.,False
93,su-ra-doi-cua-ba-to-chuc-cong-san-viet-nam,Sự ra đời của ba tổ chức cộng sản ở Việt Nam,Năm 1929,"Hoạt động của Hội Việt Nam Cách mạng Thanh niên có ảnh hưởng và thúc đẩy mạnh mẽ sự chuyển biến của phong trào công nhân, phong trào yêu nước Việt Nam, dẫn đến sự ra đời của ba tổ chức cộng sản trong năm 1929. Đó là sự chuẩn bị trực tiếp cho sự ra đời của Đảng Cộng sản Việt Nam.",[],[],"[""Sự ra đời của ba tổ chức cộng sản ở Việt Nam"", ""Sự ra đời của ba tổ chức cộng sản ở Việt Nam Năm 1929"", ""Sự ra đời của ba tổ chức cộng sản ở Việt Nam Việt Nam từ năm 1919 đến năm 1945"", ""Sự ra đời của ba tổ chức cộng sản ở Việt Nam Là sự chuẩn bị trực tiếp cho sự ra đời của Đảng Cộng sản Việt Nam Kết quả của hoạt động Hội Việt Nam Cách mạng Thanh niên"", ""Sự ra đời của ba tổ chức cộng sản ở Việt Nam ảnh tư liệu"", ""Sự ra đời của ba tổ chức cộng sản ở Việt Nam chân dung""]","[""hochiminh.vn"", ""tulieuvankien.dangcongsan.vn"", ""dangcongsan.vn"", ""baotanglichsu.vn"", ""nhandan.vn"", ""qdnd.vn"", ""vietnamplus.vn"", ""luutru.gov.vn""]","[""Sự ra đời của ba tổ chức cộng sản ở Việt Nam"", ""Sự ra đời của ba tổ chức cộng sản ở Việt Nam Năm 1929"", ""Sự ra đời của ba tổ chức cộng sản ở Việt Nam Việt Nam từ năm 1919 đến năm 1945"", ""Sự ra đời của ba tổ chức cộng sản ở Việt Nam Là sự chuẩn bị trực tiếp cho sự ra đời của Đảng Cộng sản Việt Nam Kết quả của hoạt động Hội Việt Nam Cách mạng Thanh niên"", ""Sự ra đời của ba tổ chức cộng sản ở Việt Nam ảnh tư liệu"", ""Sự ra đời của ba tổ chức cộng sản ở Việt Nam chân dung""]",not_attempted,[],,,Needs manual trusted-source/image search.,False
94,hoi-nghi-thanh-lap-dang-cong-san-viet-nam,Nguyễn Ái Quốc triệu tập và chủ trì Hội nghị thành lập Đảng Cộng sản Việt Nam,Ngày 6 – 1 – 1930,"Trước nhu cầu cấp bách của phong trào cách mạng, với tư cách là phái viên của Quốc tế Cộng sản, Nguyễn Ái Quốc đã chủ động triệu tập đại biểu các tổ chức cộng sản đến Cửu Long (Hồng Công – Trung Quốc) để tiến hành hợp nhất. Hội nghị bắt đầu diễn ra từ ngày 6 – 1 – 1930. Trong hội nghị này, Nguyễn Ái Quốc nêu ra những điểm lớn cần thảo luận và thống nhất gồm: bỏ mọi xung đột cũ, thống nhất các nhóm cộng sản ở Đông Dương; định tên Đảng là Đảng Cộng sản Việt Nam; thảo luận Chính cương và Điều lệ sơ lược của Đảng; định kế hoạch việc thống nhất trong nước và cử một Ban Chấp hành Trung ương lâm thời. Hội nghị tán thành ý kiến của Nguyễn Ái Quốc, thông qua các văn kiện do Nguyễn Ái Quốc soạn thảo. Trong đó, Chính cương vắn tắt và Sách lược vắn tắt của Đảng đã phản ánh những vấn đề chiến lược và sách lược của Đảng. Hai văn kiện trên được xem là Cương lĩnh chính trị đầu tiên của Đảng Cộng sản Việt Nam.","[""Đông Dương"", ""Việt Nam"", ""Trung Quốc"", ""Hương Cảng (Trung Quốc)"", ""Hồng Công""]",[],"[""Nguyễn Ái Quốc triệu tập và chủ trì Hội nghị thành lập Đảng Cộng sản Việt Nam"", ""Nguyễn Ái Quốc triệu tập và chủ trì Hội nghị thành lập Đảng Cộng sản Việt Nam Ngày 6 – 1 – 1930"", ""Nguyễn Ái Quốc triệu tập và chủ trì Hội nghị thành lập Đảng Cộng sản Việt Nam Đông Dương"", ""Nguyễn Ái Quốc triệu tập và chủ trì Hội nghị thành lập Đảng Cộng sản Việt Nam Triệu tập đại biểu các tổ chức cộng sản Thống nhất các nhóm cộng sản ở Đông Dương"", ""Nguyễn Ái Quốc triệu tập và chủ trì Hội nghị thành lập Đảng Cộng sản Việt Nam ảnh tư liệu"", ""Nguyễn Ái Quốc triệu tập và chủ trì Hội nghị thành lập Đảng Cộng sản Việt Nam chân dung""]","[""hochiminh.vn"", ""tulieuvankien.dangcongsan.vn"", ""dangcongsan.vn"", ""baotanglichsu.vn"", ""nhandan.vn"", ""qdnd.vn"", ""vietnamplus.vn"", ""luutru.gov.vn""]","[""Nguyễn Ái Quốc triệu tập và chủ trì Hội nghị thành lập Đảng Cộng sản Việt Nam"", ""Nguyễn Ái Quốc triệu tập và chủ trì Hội nghị thành lập Đảng Cộng sản Việt Nam Ngày 6 – 1 – 1930"", ""Nguyễn Ái Quốc triệu tập và chủ trì Hội nghị thành lập Đảng Cộng sản Việt Nam Đông Dương"", ""Nguyễn Ái Quốc triệu tập và chủ trì Hội nghị thành lập Đảng Cộng sản Việt Nam Triệu tập đại biểu các tổ chức cộng sản Thống nhất các nhóm cộng sản ở Đông Dương"", ""Nguyễn Ái Quốc triệu tập và chủ trì Hội nghị thành lập Đảng Cộng sản Việt Nam ảnh tư liệu"", ""Nguyễn Ái Quốc triệu tập và chủ trì Hội nghị thành lập Đảng Cộng sản Việt Nam chân dung""]",not_attempted,[],,,Needs manual trusted-source/image search.,False
95,thanh-lap-mat-tran-dan-toc-thong-nhat-viet-nam-1930,Thành lập Mặt trận Dân tộc Thống nhất Việt Nam (Hội Phản đế Đồng minh),Ngày 18 – 11 – 1930,"Khối đại đoàn kết các dân tộc Việt Nam được thể hiện tập trung trong Mặt trận dân tộc thống nhất Việt Nam, được thành lập ngày 18 – 11 – 1930 với tên gọi Hội Phản đế Đồng minh, nay là Mặt trận Tổ quốc Việt Nam.","[""Việt Nam""]",[],"[""Thành lập Mặt trận Dân tộc Thống nhất Việt Nam (Hội Phản đế Đồng minh)"", ""Thành lập Mặt trận Dân tộc Thống nhất Việt Nam (Hội Phản đế Đồng minh) Ngày 18 – 11 – 1930"", ""Thành lập Mặt trận Dân tộc Thống nhất Việt Nam (Hội Phản đế Đồng minh) Việt Nam"", ""Thành lập Mặt trận Dân tộc Thống nhất Việt Nam (Hội Phản đế Đồng minh) Hiện nay là Mặt trận Tổ quốc Việt Nam Thành lập ngày 18 – 11 – 1930"", ""Thành lập Mặt trận Dân tộc Thống nhất Việt Nam (Hội Phản đế Đồng minh) ảnh tư liệu"", ""Thành lập Mặt trận Dân tộc Thống nhất Việt Nam (Hội Phản đế Đồng minh) chân dung""]","[""hochiminh.vn"", ""tulieuvankien.dangcongsan.vn"", ""dangcongsan.vn"", ""baotanglichsu.vn"", ""nhandan.vn"", ""qdnd.vn"", ""vietnamplus.vn"", ""luutru.gov.vn""]","[""Thành lập Mặt trận Dân tộc Thống nhất Việt Nam (Hội Phản đế Đồng minh)"", ""Thành lập Mặt trận Dân tộc Thống nhất Việt Nam (Hội Phản đế Đồng minh) Ngày 18 – 11 – 1930"", ""Thành lập Mặt trận Dân tộc Thống nhất Việt Nam (Hội Phản đế Đồng minh) Việt Nam"", ""Thành lập Mặt trận Dân tộc Thống nhất Việt Nam (Hội Phản đế Đồng minh) Hiện nay là Mặt trận Tổ quốc Việt Nam Thành lập ngày 18 – 11 – 1930"", ""Thành lập Mặt trận Dân tộc Thống nhất Việt Nam (Hội Phản đế Đồng minh) ảnh tư liệu"", ""Thành lập Mặt trận Dân tộc Thống nhất Việt Nam (Hội Phản đế Đồng minh) chân dung""]",not_attempted,[],,,Needs manual trusted-source/image search.,False
96,hoat-dong-doi-ngoai-dang-cong-san-dong-duong-1930-1945,Hoạt động đối ngoại của Đảng Cộng sản Đông Dương,1930 – 1945,"Trong những năm 1930 – 1945, hoạt động đối ngoại của Đảng Cộng sản Đông Dương chủ yếu phục vụ cho cuộc đấu tranh chống thực dân, phát xít, tiến tới giành độc lập, tự do, góp phần bảo vệ hoà bình. Đảng ủng hộ Liên Xô, phối hợp với các tổ chức người Pháp, người Hoa giúp đỡ nạn nhân chiến tranh ở Trung Quốc, củng cố quan hệ với Đảng Cộng sản Trung Quốc, liên lạc với phong trào dân tộc chống quân phiệt Nhật Bản ở Đông Nam Á. Thông qua Mặt trận Việt Minh, Đảng đứng về phía lực lượng Đồng minh, tiếp xúc với Trung Hoa Dân quốc và hợp tác với Cơ quan Tình báo chiến lược Mỹ (OSS).","[""Miến Điện"", ""Mỹ"", ""Tân Trào"", ""Thái Lan"", ""Đông Dương"", ""Mã Lai"", ""In-đô-nê-xi-a"", ""Liên Xô"", ""Phi-líp-pin"", ""Việt Nam"", ""Trung Quốc"", ""Trung Hoa Dân quốc"", ""Đông Nam Á"", ""Tuyên Quang""]",[],"[""Hoạt động đối ngoại của Đảng Cộng sản Đông Dương"", ""Hoạt động đối ngoại của Đảng Cộng sản Đông Dương 1930 – 1945"", ""Hoạt động đối ngoại của Đảng Cộng sản Đông Dương Miến Điện"", ""Hoạt động đối ngoại của Đảng Cộng sản Đông Dương Giúp đỡ nạn nhân chiến tranh ở Trung Quốc Ủng hộ Liên Xô"", ""Hoạt động đối ngoại của Đảng Cộng sản Đông Dương ảnh tư liệu"", ""Hoạt động đối ngoại của Đảng Cộng sản Đông Dương chân dung""]","[""hochiminh.vn"", ""tulieuvankien.dangcongsan.vn"", ""dangcongsan.vn"", ""baotanglichsu.vn"", ""nhandan.vn"", ""qdnd.vn"", ""vietnamplus.vn"", ""luutru.gov.vn""]","[""Hoạt động đối ngoại của Đảng Cộng sản Đông Dương"", ""Hoạt động đối ngoại của Đảng Cộng sản Đông Dương 1930 – 1945"", ""Hoạt động đối ngoại của Đảng Cộng sản Đông Dương Miến Điện"", ""Hoạt động đối ngoại của Đảng Cộng sản Đông Dương Giúp đỡ nạn nhân chiến tranh ở Trung Quốc Ủng hộ Liên Xô"", ""Hoạt động đối ngoại của Đảng Cộng sản Đông Dương ảnh tư liệu"", ""Hoạt động đối ngoại của Đảng Cộng sản Đông Dương chân dung""]",not_attempted,[],,,Needs manual trusted-source/image search.,False
97,thanh-lap-cac-dang-cong-san-o-viet-nam-ma-lai-xiem-phi-lip-pin,"Thành lập các đảng cộng sản ở Việt Nam, Mã Lai, Xiêm, Phi-líp-pin",Trong những năm 30 của thế kỉ XX,"Trong những năm 30 của thế kỉ XX, các đảng cộng sản được thành lập ở Việt Nam, Mã Lai, Xiêm và Phi-líp-pin, góp phần mở ra khuynh hướng vô sản trong cuộc đấu tranh giành độc lập dân tộc ở Đông Nam Á.","[""Mã Lai"", ""Phi-líp-pin"", ""Việt Nam"", ""Xiêm""]",[],"[""Thành lập các đảng cộng sản ở Việt Nam, Mã Lai, Xiêm, Phi-líp-pin"", ""Thành lập các đảng cộng sản ở Việt Nam, Mã Lai, Xiêm, Phi-líp-pin Trong những năm 30 của thế kỉ XX"", ""Thành lập các đảng cộng sản ở Việt Nam, Mã Lai, Xiêm, Phi-líp-pin Mã Lai"", ""Thành lập các đảng cộng sản ở Việt Nam, Mã Lai, Xiêm, Phi-líp-pin Mở ra khuynh hướng vô sản Thành lập trong những năm 30 của thế kỉ XX"", ""Thành lập các đảng cộng sản ở Việt Nam, Mã Lai, Xiêm, Phi-líp-pin ảnh tư liệu"", ""Thành lập các đảng cộng sản ở Việt Nam, Mã Lai, Xiêm, Phi-líp-pin chân dung""]","[""hochiminh.vn"", ""tulieuvankien.dangcongsan.vn"", ""dangcongsan.vn"", ""baotanglichsu.vn"", ""nhandan.vn"", ""qdnd.vn"", ""vietnamplus.vn"", ""luutru.gov.vn""]","[""Thành lập các đảng cộng sản ở Việt Nam, Mã Lai, Xiêm, Phi-líp-pin"", ""Thành lập các đảng cộng sản ở Việt Nam, Mã Lai, Xiêm, Phi-líp-pin Trong những năm 30 của thế kỉ XX"", ""Thành lập các đảng cộng sản ở Việt Nam, Mã Lai, Xiêm, Phi-líp-pin Mã Lai"", ""Thành lập các đảng cộng sản ở Việt Nam, Mã Lai, Xiêm, Phi-líp-pin Mở ra khuynh hướng vô sản Thành lập trong những năm 30 của thế kỉ XX"", ""Thành lập các đảng cộng sản ở Việt Nam, Mã Lai, Xiêm, Phi-líp-pin ảnh tư liệu"", ""Thành lập các đảng cộng sản ở Việt Nam, Mã Lai, Xiêm, Phi-líp-pin chân dung""]",not_attempted,[],,,Needs manual trusted-source/image search.,False
98,nguyen-ai-quoc-hoat-dong-lien-xo-1933,Nguyễn Ái Quốc hoạt động tại Liên Xô,Năm 1933,"Năm 1933, Nguyễn Ái Quốc hoạt động tại Liên Xô.","[""Liên Xô""]",[],"[""Nguyễn Ái Quốc hoạt động tại Liên Xô"", ""Nguyễn Ái Quốc hoạt động tại Liên Xô Năm 1933"", ""Nguyễn Ái Quốc hoạt động tại Liên Xô Liên Xô"", ""Nguyễn Ái Quốc hoạt động tại Liên Xô Hoạt động tại Liên Xô"", ""Nguyễn Ái Quốc hoạt động tại Liên Xô ảnh tư liệu"", ""Nguyễn Ái Quốc hoạt động tại Liên Xô chân dung""]","[""hochiminh.vn"", ""tulieuvankien.dangcongsan.vn"", ""dangcongsan.vn"", ""baotanglichsu.vn"", ""nhandan.vn"", ""qdnd.vn"", ""vietnamplus.vn"", ""luutru.gov.vn""]","[""Nguyễn Ái Quốc hoạt động tại Liên Xô"", ""Nguyễn Ái Quốc hoạt động tại Liên Xô Năm 1933"", ""Nguyễn Ái Quốc hoạt động tại Liên Xô Liên Xô"", ""Nguyễn Ái Quốc hoạt động tại Liên Xô Hoạt động tại Liên Xô"", ""Nguyễn Ái Quốc hoạt động tại Liên Xô ảnh tư liệu"", ""Nguyễn Ái Quốc hoạt động tại Liên Xô chân dung""]",not_attempted,[],,,Needs manual trusted-source/image search.,False
99,nguyen-ai-quoc-roi-lien-xo-tro-lai-trung-quoc,Nguyễn Ái Quốc rời Liên Xô trở lại Trung Quốc,Năm 1938,"Năm 1938, Nguyễn Ái Quốc rời Liên Xô trở lại Trung Quốc và hoạt động cách mạng ở đây.","[""Liên Xô"", ""Trung Quốc""]",[],"[""Nguyễn Ái Quốc rời Liên Xô trở lại Trung Quốc"", ""Nguyễn Ái Quốc rời Liên Xô trở lại Trung Quốc Năm 1938"", ""Nguyễn Ái Quốc rời Liên Xô trở lại Trung Quốc Liên Xô"", ""Nguyễn Ái Quốc rời Liên Xô trở lại Trung Quốc Hoạt động cách mạng ở Trung Quốc"", ""Nguyễn Ái Quốc rời Liên Xô trở lại Trung Quốc ảnh tư liệu"", ""Nguyễn Ái Quốc rời Liên Xô trở lại Trung Quốc chân dung""]","[""hochiminh.vn"", ""tulieuvankien.dangcongsan.vn"", ""dangcongsan.vn"", ""baotanglichsu.vn"", ""nhandan.vn"", ""qdnd.vn"", ""vietnamplus.vn"", ""luutru.gov.vn""]","[""Nguyễn Ái Quốc rời Liên Xô trở lại Trung Quốc"", ""Nguyễn Ái Quốc rời Liên Xô trở lại Trung Quốc Năm 1938"", ""Nguyễn Ái Quốc rời Liên Xô trở lại Trung Quốc Liên Xô"", ""Nguyễn Ái Quốc rời Liên Xô trở lại Trung Quốc Hoạt động cách mạng ở Trung Quốc"", ""Nguyễn Ái Quốc rời Liên Xô trở lại Trung Quốc ảnh tư liệu"", ""Nguyễn Ái Quốc rời Liên Xô trở lại Trung Quốc chân dung""]",not_attempted,[],,,Needs manual trusted-source/image search.,False
100,phap-gui-cong-ham-phan-doi-nhat-ban-kiem-soat-truong-sa,Pháp gửi công hàm phản đối Nhật Bản kiểm soát một số đảo thuộc quần đảo Trường Sa,Năm 1939,"Năm 1939, chính quyền thực dân Pháp gửi công hàm phản đối việc Nhật Bản kiểm soát một số đảo thuộc quần đảo Trường Sa.",[],[],"[""Pháp gửi công hàm phản đối Nhật Bản kiểm soát một số đảo thuộc quần đảo Trường Sa"", ""Pháp gửi công hàm phản đối Nhật Bản kiểm soát một số đảo thuộc quần đảo Trường Sa Năm 1939"", ""Pháp gửi công hàm phản đối Nhật Bản kiểm soát một số đảo thuộc quần đảo Trường Sa Chủ quyền biển đảo Việt Nam 1919-1945"", ""Pháp gửi công hàm phản đối Nhật Bản kiểm soát một số đảo thuộc quần đảo Trường Sa Phản đối Nhật Bản kiểm soát các đảo thuộc Trường Sa Chính quyền thực dân Pháp gửi công hàm"", ""Pháp gửi công hàm phản đối Nhật Bản kiểm soát một số đảo thuộc quần đảo Trường Sa bản đồ"", ""Pháp gửi công hàm phản đối Nhật Bản kiểm soát một số đảo thuộc quần đảo Trường Sa hải đồ""]","[""mofa.gov.vn"", ""biengioilanhtho.gov.vn"", ""mod.gov.vn"", ""qdnd.vn"", ""chinhphu.vn"", ""vietnamplus.vn"", ""luutru.gov.vn""]","[""Pháp gửi công hàm phản đối Nhật Bản kiểm soát một số đảo thuộc quần đảo Trường Sa"", ""Pháp gửi công hàm phản đối Nhật Bản kiểm soát một số đảo thuộc quần đảo Trường Sa Năm 1939"", ""Pháp gửi công hàm phản đối Nhật Bản kiểm soát một số đảo thuộc quần đảo Trường Sa Chủ quyền biển đảo Việt Nam 1919-1945"", ""Pháp gửi công hàm phản đối Nhật Bản kiểm soát một số đảo thuộc quần đảo Trường Sa Phản đối Nhật Bản kiểm soát các đảo thuộc Trường Sa Chính quyền thực dân Pháp gửi công hàm"", ""Pháp gửi công hàm phản đối Nhật Bản kiểm soát một số đảo thuộc quần đảo Trường Sa bản đồ"", ""Pháp gửi công hàm phản đối Nhật Bản kiểm soát một số đảo thuộc quần đảo Trường Sa hải đồ""]",not_attempted,[],,,Needs manual trusted-source/image search.,False
101,nguyen-ai-quoc-tro-ve-nuoc,Nguyễn Ái Quốc trở về nước,Ngày 28-1-1941,"Ngày 28-1-1941, sau hơn 30 năm xa Tổ quốc, Nguyễn Ái Quốc trở về nước, trực tiếp lãnh đạo cách mạng Việt Nam.",[],[],"[""Nguyễn Ái Quốc trở về nước"", ""Nguyễn Ái Quốc trở về nước Ngày 28-1-1941"", ""Nguyễn Ái Quốc trở về nước Việt Nam từ năm 1919 đến năm 1945"", ""Nguyễn Ái Quốc trở về nước Trực tiếp lãnh đạo cách mạng Việt Nam Về nước tại Pác Bó (Hà Quảng, Cao Bằng)"", ""Nguyễn Ái Quốc trở về nước ảnh tư liệu"", ""Nguyễn Ái Quốc trở về nước chân dung""]","[""hochiminh.vn"", ""tulieuvankien.dangcongsan.vn"", ""dangcongsan.vn"", ""baotanglichsu.vn"", ""nhandan.vn"", ""qdnd.vn"", ""vietnamplus.vn"", ""luutru.gov.vn""]","[""Nguyễn Ái Quốc trở về nước"", ""Nguyễn Ái Quốc trở về nước Ngày 28-1-1941"", ""Nguyễn Ái Quốc trở về nước Việt Nam từ năm 1919 đến năm 1945"", ""Nguyễn Ái Quốc trở về nước Trực tiếp lãnh đạo cách mạng Việt Nam Về nước tại Pác Bó (Hà Quảng, Cao Bằng)"", ""Nguyễn Ái Quốc trở về nước ảnh tư liệu"", ""Nguyễn Ái Quốc trở về nước chân dung""]",not_attempted,[],,,Needs manual trusted-source/image search.,False
102,hoi-nghi-lan-thu-8-ban-chap-hanh-trung-uong-dang-cong-san-dong-duong,Hội nghị lần thứ 8 Ban Chấp hành Trung ương Đảng Cộng sản Đông Dương,Từ ngày 10 đến ngày 19-5-1941,"Sau một thời gian chuẩn bị, Nguyễn Ái Quốc triệu tập Hội nghị lần thứ 8 Ban Chấp hành Trung ương Đảng Cộng sản Đông Dương tại Pác Bó (Hà Quảng, Cao Bằng) từ ngày 10 đến ngày 19-5-1941. Dưới sự chủ trì của Nguyễn Ái Quốc, Hội nghị xác định cách mạng Việt Nam hiện tại là cuộc cách mạng giải phóng dân tộc. Hội nghị chủ trương thành lập Mặt trận Việt Nam Độc lập Đồng minh (gọi tắt là Mặt trận Việt Minh) và giúp đỡ nhân dân Lào, Cam-pu-chia thành lập mặt trận riêng. Về vấn đề chính quyền, Hội nghị chủ trương thành lập Chính phủ Dân chủ Cộng hoà. Hội nghị nhấn mạnh chuẩn bị khởi nghĩa là nhiệm vụ trung tâm của toàn Đảng, toàn dân và xác định tiến trình cách mạng Việt Nam là đi từ khởi nghĩa từng phần tiến lên tổng khởi nghĩa.","[""Cam-pu-chia"", ""Lào""]",[],"[""Hội nghị lần thứ 8 Ban Chấp hành Trung ương Đảng Cộng sản Đông Dương"", ""Hội nghị lần thứ 8 Ban Chấp hành Trung ương Đảng Cộng sản Đông Dương Từ ngày 10 đến ngày 19-5-1941"", ""Hội nghị lần thứ 8 Ban Chấp hành Trung ương Đảng Cộng sản Đông Dương Cam-pu-chia"", ""Hội nghị lần thứ 8 Ban Chấp hành Trung ương Đảng Cộng sản Đông Dương Triệu tập và chủ trì Hội nghị Chủ trương thành lập Mặt trận Việt Minh"", ""Hội nghị lần thứ 8 Ban Chấp hành Trung ương Đảng Cộng sản Đông Dương ảnh tư liệu"", ""Hội nghị lần thứ 8 Ban Chấp hành Trung ương Đảng Cộng sản Đông Dương chân dung""]","[""hochiminh.vn"", ""tulieuvankien.dangcongsan.vn"", ""dangcongsan.vn"", ""baotanglichsu.vn"", ""nhandan.vn"", ""qdnd.vn"", ""vietnamplus.vn"", ""luutru.gov.vn""]","[""Hội nghị lần thứ 8 Ban Chấp hành Trung ương Đảng Cộng sản Đông Dương"", ""Hội nghị lần thứ 8 Ban Chấp hành Trung ương Đảng Cộng sản Đông Dương Từ ngày 10 đến ngày 19-5-1941"", ""Hội nghị lần thứ 8 Ban Chấp hành Trung ương Đảng Cộng sản Đông Dương Cam-pu-chia"", ""Hội nghị lần thứ 8 Ban Chấp hành Trung ương Đảng Cộng sản Đông Dương Triệu tập và chủ trì Hội nghị Chủ trương thành lập Mặt trận Việt Minh"", ""Hội nghị lần thứ 8 Ban Chấp hành Trung ương Đảng Cộng sản Đông Dương ảnh tư liệu"", ""Hội nghị lần thứ 8 Ban Chấp hành Trung ương Đảng Cộng sản Đông Dương chân dung""]",not_attempted,[],,,Needs manual trusted-source/image search.,False
103,thanh-lap-mat-tran-viet-nam-doc-lap-dong-minh-viet-minh,Thành lập Mặt trận Việt Nam Độc lập Đồng minh (Mặt trận Việt Minh),19-5-1941,"Hội nghị chủ trương thành lập Mặt trận Việt Nam Độc lập Đồng minh (gọi tắt là Mặt trận Việt Minh). Tôn chỉ mục đích thành lập của Mặt trận Việt Minh là: “liên hiệp hết thảy các giới đồng bào yêu nước, không phân biệt giàu nghèo, già trẻ, trai gái, không phân biệt tôn giáo, xu hướng chính trị, đặng cùng nhau mưu cuộc dân tộc giải phóng và sinh tồn”. Từ khi Mặt trận Việt Minh ra đời, “toàn bộ phong trào chống phát xít Pháp – Nhật của nhân dân ta mang tên là phong trào Việt Minh, cái tên tiêu biểu cho lòng yêu nước, ý chí quật cường của dân tộc ta.",[],[],"[""Thành lập Mặt trận Việt Nam Độc lập Đồng minh (Mặt trận Việt Minh)"", ""Thành lập Mặt trận Việt Nam Độc lập Đồng minh (Mặt trận Việt Minh) 19-5-1941"", ""Thành lập Mặt trận Việt Nam Độc lập Đồng minh (Mặt trận Việt Minh) Việt Nam từ năm 1919 đến năm 1945"", ""Thành lập Mặt trận Việt Nam Độc lập Đồng minh (Mặt trận Việt Minh) Tôn chỉ: liên hiệp các giới đồng bào yêu nước Tiêu biểu cho lòng yêu nước, ý chí quật cường của dân tộc"", ""Thành lập Mặt trận Việt Nam Độc lập Đồng minh (Mặt trận Việt Minh) ảnh tư liệu"", ""Thành lập Mặt trận Việt Nam Độc lập Đồng minh (Mặt trận Việt Minh) chân dung""]","[""hochiminh.vn"", ""tulieuvankien.dangcongsan.vn"", ""dangcongsan.vn"", ""baotanglichsu.vn"", ""nhandan.vn"", ""qdnd.vn"", ""vietnamplus.vn"", ""luutru.gov.vn""]","[""Thành lập Mặt trận Việt Nam Độc lập Đồng minh (Mặt trận Việt Minh)"", ""Thành lập Mặt trận Việt Nam Độc lập Đồng minh (Mặt trận Việt Minh) 19-5-1941"", ""Thành lập Mặt trận Việt Nam Độc lập Đồng minh (Mặt trận Việt Minh) Việt Nam từ năm 1919 đến năm 1945"", ""Thành lập Mặt trận Việt Nam Độc lập Đồng minh (Mặt trận Việt Minh) Tôn chỉ: liên hiệp các giới đồng bào yêu nước Tiêu biểu cho lòng yêu nước, ý chí quật cường của dân tộc"", ""Thành lập Mặt trận Việt Nam Độc lập Đồng minh (Mặt trận Việt Minh) ảnh tư liệu"", ""Thành lập Mặt trận Việt Nam Độc lập Đồng minh (Mặt trận Việt Minh) chân dung""]",not_attempted,[],,,Needs manual trusted-source/image search.,False
104,thanh-lap-tieu-doi-du-kich-thoat-li-dau-tien-o-cao-bang,Thành lập Tiểu đội du kích thoát li đầu tiên ở Cao Bằng,Tháng 11 – 1941,"Thành lập Tiểu đội du kích thoát li đầu tiên ở Cao Bằng (11 – 1941), biên soạn các tài liệu huấn luyện quân sự.",[],[],"[""Thành lập Tiểu đội du kích thoát li đầu tiên ở Cao Bằng"", ""Thành lập Tiểu đội du kích thoát li đầu tiên ở Cao Bằng Tháng 11 – 1941"", ""Thành lập Tiểu đội du kích thoát li đầu tiên ở Cao Bằng Việt Nam từ năm 1919 đến năm 1945"", ""Thành lập Tiểu đội du kích thoát li đầu tiên ở Cao Bằng Biên soạn tài liệu huấn luyện quân sự Thành lập ở Cao Bằng"", ""Thành lập Tiểu đội du kích thoát li đầu tiên ở Cao Bằng ảnh tư liệu"", ""Thành lập Tiểu đội du kích thoát li đầu tiên ở Cao Bằng chân dung""]","[""hochiminh.vn"", ""tulieuvankien.dangcongsan.vn"", ""dangcongsan.vn"", ""baotanglichsu.vn"", ""nhandan.vn"", ""qdnd.vn"", ""vietnamplus.vn"", ""luutru.gov.vn""]","[""Thành lập Tiểu đội du kích thoát li đầu tiên ở Cao Bằng"", ""Thành lập Tiểu đội du kích thoát li đầu tiên ở Cao Bằng Tháng 11 – 1941"", ""Thành lập Tiểu đội du kích thoát li đầu tiên ở Cao Bằng Việt Nam từ năm 1919 đến năm 1945"", ""Thành lập Tiểu đội du kích thoát li đầu tiên ở Cao Bằng Biên soạn tài liệu huấn luyện quân sự Thành lập ở Cao Bằng"", ""Thành lập Tiểu đội du kích thoát li đầu tiên ở Cao Bằng ảnh tư liệu"", ""Thành lập Tiểu đội du kích thoát li đầu tiên ở Cao Bằng chân dung""]",not_attempted,[],,,Needs manual trusted-source/image search.,False
105,ho-chi-minh-di-trung-quoc-phoi-hop-chong-nhat,Hồ Chí Minh đi Trung Quốc để tìm cách phối hợp hành động với phong trào chống Nhật và các lực lượng Đồng minh,Tháng 8 – 1942,"Tháng 8 – 1942, lấy tên Hồ Chí Minh, lên đường đi Trung Quốc để tìm cách phối hợp hành động với phong trào chống Nhật của nhân dân Trung Quốc và các lực lượng Đồng minh chống phát xít trên chiến trường châu Á – Thái Bình Dương.","[""châu Á – Thái Bình Dương"", ""Trung Quốc""]",[],"[""Hồ Chí Minh đi Trung Quốc để tìm cách phối hợp hành động với phong trào chống Nhật và các lực lượng Đồng minh"", ""Hồ Chí Minh đi Trung Quốc để tìm cách phối hợp hành động với phong trào chống Nhật và các lực lượng Đồng minh Tháng 8 – 1942"", ""Hồ Chí Minh đi Trung Quốc để tìm cách phối hợp hành động với phong trào chống Nhật và các lực lượng Đồng minh châu Á – Thái Bình Dương"", ""Hồ Chí Minh đi Trung Quốc để tìm cách phối hợp hành động với phong trào chống Nhật và các lực lượng Đồng minh Lấy tên Hồ Chí Minh Phối hợp với các lực lượng Đồng minh chống phát xít"", ""Hồ Chí Minh đi Trung Quốc để tìm cách phối hợp hành động với phong trào chống Nhật và các lực lượng Đồng minh ảnh tư liệu"", ""Hồ Chí Minh đi Trung Quốc để tìm cách phối hợp hành động với phong trào chống Nhật và các lực lượng Đồng minh chân dung""]","[""hochiminh.vn"", ""tulieuvankien.dangcongsan.vn"", ""dangcongsan.vn"", ""baotanglichsu.vn"", ""nhandan.vn"", ""qdnd.vn"", ""vietnamplus.vn"", ""luutru.gov.vn""]","[""Hồ Chí Minh đi Trung Quốc để tìm cách phối hợp hành động với phong trào chống Nhật và các lực lượng Đồng minh"", ""Hồ Chí Minh đi Trung Quốc để tìm cách phối hợp hành động với phong trào chống Nhật và các lực lượng Đồng minh Tháng 8 – 1942"", ""Hồ Chí Minh đi Trung Quốc để tìm cách phối hợp hành động với phong trào chống Nhật và các lực lượng Đồng minh châu Á – Thái Bình Dương"", ""Hồ Chí Minh đi Trung Quốc để tìm cách phối hợp hành động với phong trào chống Nhật và các lực lượng Đồng minh Lấy tên Hồ Chí Minh Phối hợp với các lực lượng Đồng minh chống phát xít"", ""Hồ Chí Minh đi Trung Quốc để tìm cách phối hợp hành động với phong trào chống Nhật và các lực lượng Đồng minh ảnh tư liệu"", ""Hồ Chí Minh đi Trung Quốc để tìm cách phối hợp hành động với phong trào chống Nhật và các lực lượng Đồng minh chân dung""]",not_attempted,[],,,Needs manual trusted-source/image search.,False
106,ho-chi-minh-sang-trung-quoc-1942,"Nguyễn Ái Quốc lấy tên là Hồ Chí Minh, sang Trung Quốc",Tháng 8 – 1942,"Tháng 8 – 1942, Nguyễn Ái Quốc lấy tên là Hồ Chí Minh, sang Trung Quốc tìm sự liên minh quốc tế.","[""Trung Quốc""]",[],"[""Nguyễn Ái Quốc lấy tên là Hồ Chí Minh, sang Trung Quốc"", ""Nguyễn Ái Quốc lấy tên là Hồ Chí Minh, sang Trung Quốc Tháng 8 – 1942"", ""Nguyễn Ái Quốc lấy tên là Hồ Chí Minh, sang Trung Quốc Trung Quốc"", ""Nguyễn Ái Quốc lấy tên là Hồ Chí Minh, sang Trung Quốc Lấy tên Hồ Chí Minh Tìm sự liên minh quốc tế"", ""Nguyễn Ái Quốc lấy tên là Hồ Chí Minh, sang Trung Quốc ảnh tư liệu"", ""Nguyễn Ái Quốc lấy tên là Hồ Chí Minh, sang Trung Quốc chân dung""]","[""hochiminh.vn"", ""tulieuvankien.dangcongsan.vn"", ""dangcongsan.vn"", ""baotanglichsu.vn"", ""nhandan.vn"", ""qdnd.vn"", ""vietnamplus.vn"", ""luutru.gov.vn""]","[""Nguyễn Ái Quốc lấy tên là Hồ Chí Minh, sang Trung Quốc"", ""Nguyễn Ái Quốc lấy tên là Hồ Chí Minh, sang Trung Quốc Tháng 8 – 1942"", ""Nguyễn Ái Quốc lấy tên là Hồ Chí Minh, sang Trung Quốc Trung Quốc"", ""Nguyễn Ái Quốc lấy tên là Hồ Chí Minh, sang Trung Quốc Lấy tên Hồ Chí Minh Tìm sự liên minh quốc tế"", ""Nguyễn Ái Quốc lấy tên là Hồ Chí Minh, sang Trung Quốc ảnh tư liệu"", ""Nguyễn Ái Quốc lấy tên là Hồ Chí Minh, sang Trung Quốc chân dung""]",not_attempted,[],,,Needs manual trusted-source/image search.,False
107,ho-chi-minh-tro-ve-nuoc-1944,Hồ Chí Minh trở về nước tiếp tục lãnh đạo cách mạng,Tháng 9 – 1944,"Tháng 9 – 1944, Hồ Chí Minh trở về nước tiếp tục lãnh đạo cách mạng.",[],[],"[""Hồ Chí Minh trở về nước tiếp tục lãnh đạo cách mạng"", ""Hồ Chí Minh trở về nước tiếp tục lãnh đạo cách mạng Tháng 9 – 1944"", ""Hồ Chí Minh trở về nước tiếp tục lãnh đạo cách mạng Việt Nam từ năm 1919 đến năm 1945"", ""Hồ Chí Minh trở về nước tiếp tục lãnh đạo cách mạng Tiếp tục lãnh đạo cách mạng Trở về nước"", ""Hồ Chí Minh trở về nước tiếp tục lãnh đạo cách mạng ảnh tư liệu"", ""Hồ Chí Minh trở về nước tiếp tục lãnh đạo cách mạng chân dung""]","[""hochiminh.vn"", ""tulieuvankien.dangcongsan.vn"", ""dangcongsan.vn"", ""baotanglichsu.vn"", ""nhandan.vn"", ""qdnd.vn"", ""vietnamplus.vn"", ""luutru.gov.vn""]","[""Hồ Chí Minh trở về nước tiếp tục lãnh đạo cách mạng"", ""Hồ Chí Minh trở về nước tiếp tục lãnh đạo cách mạng Tháng 9 – 1944"", ""Hồ Chí Minh trở về nước tiếp tục lãnh đạo cách mạng Việt Nam từ năm 1919 đến năm 1945"", ""Hồ Chí Minh trở về nước tiếp tục lãnh đạo cách mạng Tiếp tục lãnh đạo cách mạng Trở về nước"", ""Hồ Chí Minh trở về nước tiếp tục lãnh đạo cách mạng ảnh tư liệu"", ""Hồ Chí Minh trở về nước tiếp tục lãnh đạo cách mạng chân dung""]",not_attempted,[],,,Needs manual trusted-source/image search.,False
108,chi-thi-thanh-lap-doi-viet-nam-tuyen-truyen-giai-phong-quan,Chỉ thị thành lập Đội Việt Nam Tuyên truyền Giải phóng quân,22 – 12 – 1944,Chỉ thị thành lập Đội Việt Nam Tuyên truyền Giải phóng quân (22 – 12 – 1944).,[],[],"[""Chỉ thị thành lập Đội Việt Nam Tuyên truyền Giải phóng quân"", ""Chỉ thị thành lập Đội Việt Nam Tuyên truyền Giải phóng quân 22 – 12 – 1944"", ""Chỉ thị thành lập Đội Việt Nam Tuyên truyền Giải phóng quân Việt Nam từ năm 1919 đến năm 1945"", ""Chỉ thị thành lập Đội Việt Nam Tuyên truyền Giải phóng quân Tiền thân của Quân đội nhân dân Việt Nam Chỉ thị của Hồ Chí Minh"", ""Chỉ thị thành lập Đội Việt Nam Tuyên truyền Giải phóng quân ảnh tư liệu"", ""Chỉ thị thành lập Đội Việt Nam Tuyên truyền Giải phóng quân chân dung""]","[""hochiminh.vn"", ""tulieuvankien.dangcongsan.vn"", ""dangcongsan.vn"", ""baotanglichsu.vn"", ""nhandan.vn"", ""qdnd.vn"", ""vietnamplus.vn"", ""luutru.gov.vn""]","[""Chỉ thị thành lập Đội Việt Nam Tuyên truyền Giải phóng quân"", ""Chỉ thị thành lập Đội Việt Nam Tuyên truyền Giải phóng quân 22 – 12 – 1944"", ""Chỉ thị thành lập Đội Việt Nam Tuyên truyền Giải phóng quân Việt Nam từ năm 1919 đến năm 1945"", ""Chỉ thị thành lập Đội Việt Nam Tuyên truyền Giải phóng quân Tiền thân của Quân đội nhân dân Việt Nam Chỉ thị của Hồ Chí Minh"", ""Chỉ thị thành lập Đội Việt Nam Tuyên truyền Giải phóng quân ảnh tư liệu"", ""Chỉ thị thành lập Đội Việt Nam Tuyên truyền Giải phóng quân chân dung""]",not_attempted,[],,,Needs manual trusted-source/image search.,False
109,ho-chi-minh-sang-con-minh-tim-su-ung-ho-quoc-te,Hồ Chí Minh sang Côn Minh (Trung Quốc) tìm kiếm sự ủng hộ quốc tế,Tháng 2-1945,"Tháng 2-1945, sang Côn Minh (Trung Quốc) nhằm tìm kiếm sự ủng hộ của quốc tế.","[""Trung Quốc"", ""Côn Minh""]",[],"[""Hồ Chí Minh sang Côn Minh (Trung Quốc) tìm kiếm sự ủng hộ quốc tế"", ""Hồ Chí Minh sang Côn Minh (Trung Quốc) tìm kiếm sự ủng hộ quốc tế Tháng 2-1945"", ""Hồ Chí Minh sang Côn Minh (Trung Quốc) tìm kiếm sự ủng hộ quốc tế Trung Quốc"", ""Hồ Chí Minh sang Côn Minh (Trung Quốc) tìm kiếm sự ủng hộ quốc tế Mục đích: tìm kiếm sự ủng hộ của quốc tế Địa điểm: Côn Minh (Trung Quốc)"", ""Hồ Chí Minh sang Côn Minh (Trung Quốc) tìm kiếm sự ủng hộ quốc tế ảnh tư liệu"", ""Hồ Chí Minh sang Côn Minh (Trung Quốc) tìm kiếm sự ủng hộ quốc tế chân dung""]","[""hochiminh.vn"", ""tulieuvankien.dangcongsan.vn"", ""dangcongsan.vn"", ""baotanglichsu.vn"", ""nhandan.vn"", ""qdnd.vn"", ""vietnamplus.vn"", ""luutru.gov.vn""]","[""Hồ Chí Minh sang Côn Minh (Trung Quốc) tìm kiếm sự ủng hộ quốc tế"", ""Hồ Chí Minh sang Côn Minh (Trung Quốc) tìm kiếm sự ủng hộ quốc tế Tháng 2-1945"", ""Hồ Chí Minh sang Côn Minh (Trung Quốc) tìm kiếm sự ủng hộ quốc tế Trung Quốc"", ""Hồ Chí Minh sang Côn Minh (Trung Quốc) tìm kiếm sự ủng hộ quốc tế Mục đích: tìm kiếm sự ủng hộ của quốc tế Địa điểm: Côn Minh (Trung Quốc)"", ""Hồ Chí Minh sang Côn Minh (Trung Quốc) tìm kiếm sự ủng hộ quốc tế ảnh tư liệu"", ""Hồ Chí Minh sang Côn Minh (Trung Quốc) tìm kiếm sự ủng hộ quốc tế chân dung""]",not_attempted,[],,,Needs manual trusted-source/image search.,False
110,cao-trao-khang-nhat-cuu-nuoc,"Cao trào kháng Nhật, cứu nước",Từ tháng 3 đến tháng 8 – 1945,"Trước đó, từ tháng 3 đến tháng 8 – 1945, cao trào kháng Nhật, cứu nước đã diễn ra trong cả nước, góp phần chuẩn bị lực lượng, tập dượt cho quần chúng đấu tranh, sẵn sàng tổng khởi nghĩa giành chính quyền khi thời cơ đến.","[""cả nước""]",[],"[""Cao trào kháng Nhật, cứu nước"", ""Cao trào kháng Nhật, cứu nước Từ tháng 3 đến tháng 8 – 1945"", ""Cao trào kháng Nhật, cứu nước cả nước"", ""Cao trào kháng Nhật, cứu nước Diễn ra từ tháng 3 đến tháng 8-1945 Trong cả nước"", ""Cao trào kháng Nhật, cứu nước ảnh tư liệu"", ""Cao trào kháng Nhật, cứu nước chân dung""]","[""hochiminh.vn"", ""tulieuvankien.dangcongsan.vn"", ""dangcongsan.vn"", ""baotanglichsu.vn"", ""nhandan.vn"", ""qdnd.vn"", ""vietnamplus.vn"", ""luutru.gov.vn""]","[""Cao trào kháng Nhật, cứu nước"", ""Cao trào kháng Nhật, cứu nước Từ tháng 3 đến tháng 8 – 1945"", ""Cao trào kháng Nhật, cứu nước cả nước"", ""Cao trào kháng Nhật, cứu nước Diễn ra từ tháng 3 đến tháng 8-1945 Trong cả nước"", ""Cao trào kháng Nhật, cứu nước ảnh tư liệu"", ""Cao trào kháng Nhật, cứu nước chân dung""]",not_attempted,[],,,Needs manual trusted-source/image search.,False
111,viet-minh-hop-tac-oss-1945,Việt Minh hợp tác với Cơ quan Tình báo chiến lược Mỹ (OSS),Cuối tháng 4 – 1945,"Đối với phái bộ Mỹ ở phía nam Trung Quốc, đại diện của Mặt trận Việt Minh chủ động bắt liên lạc để thiết lập quan hệ và hợp tác chống quân phiệt Nhật Bản. Cuối tháng 4 – 1945, sự hợp tác giữa Việt Minh và Cơ quan Tình báo chiến lược Mỹ (OSS) tại châu Á được xác lập.","[""châu Á"", ""Tuyên Quang"", ""Tân Trào"", ""Trung Quốc""]",[],"[""Việt Minh hợp tác với Cơ quan Tình báo chiến lược Mỹ (OSS)"", ""Việt Minh hợp tác với Cơ quan Tình báo chiến lược Mỹ (OSS) Cuối tháng 4 – 1945"", ""Việt Minh hợp tác với Cơ quan Tình báo chiến lược Mỹ (OSS) châu Á"", ""Việt Minh hợp tác với Cơ quan Tình báo chiến lược Mỹ (OSS) Xác lập tại châu Á Giữa Việt Minh và OSS Mỹ"", ""Việt Minh hợp tác với Cơ quan Tình báo chiến lược Mỹ (OSS) ảnh tư liệu"", ""Việt Minh hợp tác với Cơ quan Tình báo chiến lược Mỹ (OSS) chân dung""]","[""hochiminh.vn"", ""tulieuvankien.dangcongsan.vn"", ""dangcongsan.vn"", ""baotanglichsu.vn"", ""nhandan.vn"", ""qdnd.vn"", ""vietnamplus.vn"", ""luutru.gov.vn""]","[""Việt Minh hợp tác với Cơ quan Tình báo chiến lược Mỹ (OSS)"", ""Việt Minh hợp tác với Cơ quan Tình báo chiến lược Mỹ (OSS) Cuối tháng 4 – 1945"", ""Việt Minh hợp tác với Cơ quan Tình báo chiến lược Mỹ (OSS) châu Á"", ""Việt Minh hợp tác với Cơ quan Tình báo chiến lược Mỹ (OSS) Xác lập tại châu Á Giữa Việt Minh và OSS Mỹ"", ""Việt Minh hợp tác với Cơ quan Tình báo chiến lược Mỹ (OSS) ảnh tư liệu"", ""Việt Minh hợp tác với Cơ quan Tình báo chiến lược Mỹ (OSS) chân dung""]",not_attempted,[],,,Needs manual trusted-source/image search.,False
112,hoi-nghi-pot-xdam,Hội nghị Pốt-xđam,Từ ngày 17-7 – 1945 đến ngày 2 – 8 – 1945,"Từ ngày 17-7 – 1945 đến ngày 2 – 8 – 1945, Hội nghị Pốt-xđam quyết định giao việc giải giáp vũ khí của quân phiệt Nhật Bản ở Đông Dương cho quân Trung Hoa Dân quốc ở khu vực phía Bắc vĩ tuyến 16, cho quân Anh ở khu vực phía Nam vĩ tuyến 16.","[""Trung Hoa Dân quốc"", ""Anh"", ""Đông Dương""]",[],"[""Hội nghị Pốt-xđam"", ""Hội nghị Pốt-xđam Từ ngày 17-7 – 1945 đến ngày 2 – 8 – 1945"", ""Hội nghị Pốt-xđam Trung Hoa Dân quốc"", ""Hội nghị Pốt-xđam Trung Hoa Dân quốc giải giáp phía Bắc vĩ tuyến 16 Diễn ra từ 17-7 đến 2-8-1945"", ""Hội nghị Pốt-xđam ảnh tư liệu"", ""Hội nghị Pốt-xđam chân dung""]","[""hochiminh.vn"", ""tulieuvankien.dangcongsan.vn"", ""dangcongsan.vn"", ""baotanglichsu.vn"", ""nhandan.vn"", ""qdnd.vn"", ""vietnamplus.vn"", ""luutru.gov.vn""]","[""Hội nghị Pốt-xđam"", ""Hội nghị Pốt-xđam Từ ngày 17-7 – 1945 đến ngày 2 – 8 – 1945"", ""Hội nghị Pốt-xđam Trung Hoa Dân quốc"", ""Hội nghị Pốt-xđam Trung Hoa Dân quốc giải giáp phía Bắc vĩ tuyến 16 Diễn ra từ 17-7 đến 2-8-1945"", ""Hội nghị Pốt-xđam ảnh tư liệu"", ""Hội nghị Pốt-xđam chân dung""]",not_attempted,[],,,Needs manual trusted-source/image search.,False
113,uy-ban-khoi-nghia-ban-bo-quan-lenh-so-1,"Trung ương Đảng và Tổng bộ Việt Minh thành lập Uỷ ban Khởi nghĩa toàn quốc, ban bố Quân lệnh số 1",Ngày 13-8-1945,"Ngày 13-8-1945, Trung ương Đảng và Tổng bộ Việt Minh thành lập Uỷ ban Khởi nghĩa toàn quốc, ban bố Quân lệnh số 1, chính thức phát động Tổng khởi nghĩa trong cả nước.","[""cả nước""]",[],"[""Trung ương Đảng và Tổng bộ Việt Minh thành lập Uỷ ban Khởi nghĩa toàn quốc, ban bố Quân lệnh số 1"", ""Trung ương Đảng và Tổng bộ Việt Minh thành lập Uỷ ban Khởi nghĩa toàn quốc, ban bố Quân lệnh số 1 Ngày 13-8-1945"", ""Trung ương Đảng và Tổng bộ Việt Minh thành lập Uỷ ban Khởi nghĩa toàn quốc, ban bố Quân lệnh số 1 cả nước"", ""Trung ương Đảng và Tổng bộ Việt Minh thành lập Uỷ ban Khởi nghĩa toàn quốc, ban bố Quân lệnh số 1 Ban bố Quân lệnh số 1 Ngày 13-8-1945"", ""Trung ương Đảng và Tổng bộ Việt Minh thành lập Uỷ ban Khởi nghĩa toàn quốc, ban bố Quân lệnh số 1 ảnh tư liệu"", ""Trung ương Đảng và Tổng bộ Việt Minh thành lập Uỷ ban Khởi nghĩa toàn quốc, ban bố Quân lệnh số 1 chân dung""]","[""hochiminh.vn"", ""tulieuvankien.dangcongsan.vn"", ""dangcongsan.vn"", ""baotanglichsu.vn"", ""nhandan.vn"", ""qdnd.vn"", ""vietnamplus.vn"", ""luutru.gov.vn""]","[""Trung ương Đảng và Tổng bộ Việt Minh thành lập Uỷ ban Khởi nghĩa toàn quốc, ban bố Quân lệnh số 1"", ""Trung ương Đảng và Tổng bộ Việt Minh thành lập Uỷ ban Khởi nghĩa toàn quốc, ban bố Quân lệnh số 1 Ngày 13-8-1945"", ""Trung ương Đảng và Tổng bộ Việt Minh thành lập Uỷ ban Khởi nghĩa toàn quốc, ban bố Quân lệnh số 1 cả nước"", ""Trung ương Đảng và Tổng bộ Việt Minh thành lập Uỷ ban Khởi nghĩa toàn quốc, ban bố Quân lệnh số 1 Ban bố Quân lệnh số 1 Ngày 13-8-1945"", ""Trung ương Đảng và Tổng bộ Việt Minh thành lập Uỷ ban Khởi nghĩa toàn quốc, ban bố Quân lệnh số 1 ảnh tư liệu"", ""Trung ương Đảng và Tổng bộ Việt Minh thành lập Uỷ ban Khởi nghĩa toàn quốc, ban bố Quân lệnh số 1 chân dung""]",not_attempted,[],,,Needs manual trusted-source/image search.,False
114,cach-mang-thang-tam-nam-1945,Cách mạng tháng Tám năm 1945,Tháng 8 – 9 năm 1945,"Cách mạng tháng Tám năm 1945 là sự kiện lịch sử vĩ đại, đã lật đổ ách cai trị của thực dân Pháp trong hơn 80 năm, của quân phiệt Nhật Bản gần 5 năm; chấm dứt thời kì quân chủ hơn 1000 năm; lập nên nước Việt Nam Dân chủ Cộng hòa.","[""Phủ Khâm sai"", ""Sở Cảnh sát Trung ương"", ""Sở Mật thám"", ""cả nước"", ""Sở Cảnh sát"", ""Sở Bưu điện""]",[],"[""Cách mạng tháng Tám năm 1945"", ""Cách mạng tháng Tám năm 1945 Tháng 8 – 9 năm 1945"", ""Cách mạng tháng Tám năm 1945 Phủ Khâm sai"", ""Cách mạng tháng Tám năm 1945 Thành lập nước Việt Nam Dân chủ Cộng hoà Diễn ra từ giữa tháng 8 đến 2-9-1945"", ""Cách mạng tháng Tám năm 1945 ảnh tư liệu"", ""Cách mạng tháng Tám năm 1945 chân dung""]","[""hochiminh.vn"", ""tulieuvankien.dangcongsan.vn"", ""dangcongsan.vn"", ""baotanglichsu.vn"", ""nhandan.vn"", ""qdnd.vn"", ""vietnamplus.vn"", ""luutru.gov.vn""]","[""Cách mạng tháng Tám năm 1945"", ""Cách mạng tháng Tám năm 1945 Tháng 8 – 9 năm 1945"", ""Cách mạng tháng Tám năm 1945 Phủ Khâm sai"", ""Cách mạng tháng Tám năm 1945 Thành lập nước Việt Nam Dân chủ Cộng hoà Diễn ra từ giữa tháng 8 đến 2-9-1945"", ""Cách mạng tháng Tám năm 1945 ảnh tư liệu"", ""Cách mạng tháng Tám năm 1945 chân dung""]",not_attempted,[],,,Needs manual trusted-source/image search.,False
115,hoi-nghi-toan-quoc-cua-dang-cong-san-dong-duong-1945,Hội nghị toàn quốc của Đảng Cộng sản Đông Dương,Từ ngày 14 đến ngày 15-8-1945,Cùng Ban Thường vụ Ban Chấp hành Trung ương Đảng triệu tập Hội nghị toàn quốc của Đảng Cộng sản Đông Dương (từ ngày 14 đến ngày 15-8-1945) thông qua kế hoạch lãnh đạo toàn dân tổng khởi nghĩa.,[],[],"[""Hội nghị toàn quốc của Đảng Cộng sản Đông Dương"", ""Hội nghị toàn quốc của Đảng Cộng sản Đông Dương Từ ngày 14 đến ngày 15-8-1945"", ""Hội nghị toàn quốc của Đảng Cộng sản Đông Dương Cách mạng tháng Tám năm 1945"", ""Hội nghị toàn quốc của Đảng Cộng sản Đông Dương Thông qua kế hoạch lãnh đạo toàn dân tổng khởi nghĩa Triệu tập bởi Hồ Chí Minh và Ban Thường vụ Trung ương Đảng"", ""Hội nghị toàn quốc của Đảng Cộng sản Đông Dương ảnh tư liệu"", ""Hội nghị toàn quốc của Đảng Cộng sản Đông Dương chân dung""]","[""hochiminh.vn"", ""tulieuvankien.dangcongsan.vn"", ""dangcongsan.vn"", ""baotanglichsu.vn"", ""nhandan.vn"", ""qdnd.vn"", ""vietnamplus.vn"", ""luutru.gov.vn""]","[""Hội nghị toàn quốc của Đảng Cộng sản Đông Dương"", ""Hội nghị toàn quốc của Đảng Cộng sản Đông Dương Từ ngày 14 đến ngày 15-8-1945"", ""Hội nghị toàn quốc của Đảng Cộng sản Đông Dương Cách mạng tháng Tám năm 1945"", ""Hội nghị toàn quốc của Đảng Cộng sản Đông Dương Thông qua kế hoạch lãnh đạo toàn dân tổng khởi nghĩa Triệu tập bởi Hồ Chí Minh và Ban Thường vụ Trung ương Đảng"", ""Hội nghị toàn quốc của Đảng Cộng sản Đông Dương ảnh tư liệu"", ""Hội nghị toàn quốc của Đảng Cộng sản Đông Dương chân dung""]",not_attempted,[],,,Needs manual trusted-source/image search.,False
116,hoi-nghi-toan-quoc-cua-dang-tan-trao,Hội nghị toàn quốc của Đảng họp ở Tân Trào,"Ngày 14, 15-8 – 1945","Ngày 14, 15-8 – 1945, Hội nghị toàn quốc của Đảng họp ở Tân Trào (Sơn Dương, Tuyên Quang), thông qua kế hoạch lãnh đạo toàn dân Tổng khởi nghĩa và quyết định những vấn để quan trọng về chính sách đối nội, đối ngoại sau khi giành được chính quyền.",[],[],"[""Hội nghị toàn quốc của Đảng họp ở Tân Trào"", ""Hội nghị toàn quốc của Đảng họp ở Tân Trào Ngày 14, 15-8 – 1945"", ""Hội nghị toàn quốc của Đảng họp ở Tân Trào Cách mạng tháng Tám năm 1945"", ""Hội nghị toàn quốc của Đảng họp ở Tân Trào Quyết định chính sách đối nội, đối ngoại Họp ở Tân Trào (Sơn Dương, Tuyên Quang)"", ""Hội nghị toàn quốc của Đảng họp ở Tân Trào ảnh tư liệu"", ""Hội nghị toàn quốc của Đảng họp ở Tân Trào chân dung""]","[""hochiminh.vn"", ""tulieuvankien.dangcongsan.vn"", ""dangcongsan.vn"", ""baotanglichsu.vn"", ""nhandan.vn"", ""qdnd.vn"", ""vietnamplus.vn"", ""luutru.gov.vn""]","[""Hội nghị toàn quốc của Đảng họp ở Tân Trào"", ""Hội nghị toàn quốc của Đảng họp ở Tân Trào Ngày 14, 15-8 – 1945"", ""Hội nghị toàn quốc của Đảng họp ở Tân Trào Cách mạng tháng Tám năm 1945"", ""Hội nghị toàn quốc của Đảng họp ở Tân Trào Quyết định chính sách đối nội, đối ngoại Họp ở Tân Trào (Sơn Dương, Tuyên Quang)"", ""Hội nghị toàn quốc của Đảng họp ở Tân Trào ảnh tư liệu"", ""Hội nghị toàn quốc của Đảng họp ở Tân Trào chân dung""]",not_attempted,[],,,Needs manual trusted-source/image search.,False
117,nhat-ban-tuyen-bo-dau-hang-dong-minh,Nhật Bản tuyên bố đầu hàng Đồng minh không điều kiện,Ngày 15 – 8 – 1945,"Đến ngày 15 – 8 – 1945, Nhật Bản tuyên bố đầu hàng Đồng minh không điều kiện.","[""Nhật Bản"", ""Đông Dương""]",[],"[""Nhật Bản tuyên bố đầu hàng Đồng minh không điều kiện"", ""Nhật Bản tuyên bố đầu hàng Đồng minh không điều kiện Ngày 15 – 8 – 1945"", ""Nhật Bản tuyên bố đầu hàng Đồng minh không điều kiện Nhật Bản"", ""Nhật Bản tuyên bố đầu hàng Đồng minh không điều kiện Đầu hàng Đồng minh không điều kiện Chính phủ Trần Trọng Kim hoang mang"", ""Nhật Bản tuyên bố đầu hàng Đồng minh không điều kiện ảnh tư liệu"", ""Nhật Bản tuyên bố đầu hàng Đồng minh không điều kiện chân dung""]","[""hochiminh.vn"", ""tulieuvankien.dangcongsan.vn"", ""dangcongsan.vn"", ""baotanglichsu.vn"", ""nhandan.vn"", ""qdnd.vn"", ""vietnamplus.vn"", ""luutru.gov.vn""]","[""Nhật Bản tuyên bố đầu hàng Đồng minh không điều kiện"", ""Nhật Bản tuyên bố đầu hàng Đồng minh không điều kiện Ngày 15 – 8 – 1945"", ""Nhật Bản tuyên bố đầu hàng Đồng minh không điều kiện Nhật Bản"", ""Nhật Bản tuyên bố đầu hàng Đồng minh không điều kiện Đầu hàng Đồng minh không điều kiện Chính phủ Trần Trọng Kim hoang mang"", ""Nhật Bản tuyên bố đầu hàng Đồng minh không điều kiện ảnh tư liệu"", ""Nhật Bản tuyên bố đầu hàng Đồng minh không điều kiện chân dung""]",not_attempted,[],,,Needs manual trusted-source/image search.,False
118,giai-phong-thi-xa-thai-nguyen,Giải phóng thị xã Thái Nguyên,Chiều ngày 16 – 8 – 1945,"Chiều ngày 16 – 8 – 1945, một đơn vị Giải phóng quân do Võ Nguyên Giáp chỉ huy, xuất phát từ Tân Trào tiến về giải phóng thị xã Thái Nguyên, mở đường tiến về Hà Nội.",[],[],"[""Giải phóng thị xã Thái Nguyên"", ""Giải phóng thị xã Thái Nguyên Chiều ngày 16 – 8 – 1945"", ""Giải phóng thị xã Thái Nguyên Cách mạng tháng Tám năm 1945"", ""Giải phóng thị xã Thái Nguyên Xuất phát từ Tân Trào Chiều 16-8-1945"", ""Giải phóng thị xã Thái Nguyên ảnh tư liệu"", ""Giải phóng thị xã Thái Nguyên chân dung""]","[""hochiminh.vn"", ""tulieuvankien.dangcongsan.vn"", ""dangcongsan.vn"", ""baotanglichsu.vn"", ""nhandan.vn"", ""qdnd.vn"", ""vietnamplus.vn"", ""luutru.gov.vn""]","[""Giải phóng thị xã Thái Nguyên"", ""Giải phóng thị xã Thái Nguyên Chiều ngày 16 – 8 – 1945"", ""Giải phóng thị xã Thái Nguyên Cách mạng tháng Tám năm 1945"", ""Giải phóng thị xã Thái Nguyên Xuất phát từ Tân Trào Chiều 16-8-1945"", ""Giải phóng thị xã Thái Nguyên ảnh tư liệu"", ""Giải phóng thị xã Thái Nguyên chân dung""]",not_attempted,[],,,Needs manual trusted-source/image search.,False
119,cac-tinh-gianh-chinh-quyen-som-nhat,"Nhân dân Bắc Giang, Hải Dương, Hà Tĩnh và Quảng Nam giành được chính quyền",Ngày 18-8-1945,"Ngày 18-8-1945, nhân dân Bắc Giang, Hải Dương, Hà Tĩnh và Quảng Nam giành được chính quyền ở tỉnh lị sớm nhất trong cả nước.",[],[],"[""Nhân dân Bắc Giang, Hải Dương, Hà Tĩnh và Quảng Nam giành được chính quyền"", ""Nhân dân Bắc Giang, Hải Dương, Hà Tĩnh và Quảng Nam giành được chính quyền Ngày 18-8-1945"", ""Nhân dân Bắc Giang, Hải Dương, Hà Tĩnh và Quảng Nam giành được chính quyền Cách mạng tháng Tám năm 1945"", ""Nhân dân Bắc Giang, Hải Dương, Hà Tĩnh và Quảng Nam giành được chính quyền Giành chính quyền ở tỉnh lị sớm nhất Bắc Giang, Hải Dương, Hà Tĩnh, Quảng Nam"", ""Nhân dân Bắc Giang, Hải Dương, Hà Tĩnh và Quảng Nam giành được chính quyền ảnh tư liệu"", ""Nhân dân Bắc Giang, Hải Dương, Hà Tĩnh và Quảng Nam giành được chính quyền chân dung""]","[""hochiminh.vn"", ""tulieuvankien.dangcongsan.vn"", ""dangcongsan.vn"", ""baotanglichsu.vn"", ""nhandan.vn"", ""qdnd.vn"", ""vietnamplus.vn"", ""luutru.gov.vn""]","[""Nhân dân Bắc Giang, Hải Dương, Hà Tĩnh và Quảng Nam giành được chính quyền"", ""Nhân dân Bắc Giang, Hải Dương, Hà Tĩnh và Quảng Nam giành được chính quyền Ngày 18-8-1945"", ""Nhân dân Bắc Giang, Hải Dương, Hà Tĩnh và Quảng Nam giành được chính quyền Cách mạng tháng Tám năm 1945"", ""Nhân dân Bắc Giang, Hải Dương, Hà Tĩnh và Quảng Nam giành được chính quyền Giành chính quyền ở tỉnh lị sớm nhất Bắc Giang, Hải Dương, Hà Tĩnh, Quảng Nam"", ""Nhân dân Bắc Giang, Hải Dương, Hà Tĩnh và Quảng Nam giành được chính quyền ảnh tư liệu"", ""Nhân dân Bắc Giang, Hải Dương, Hà Tĩnh và Quảng Nam giành được chính quyền chân dung""]",not_attempted,[],,,Needs manual trusted-source/image search.,False
120,khoi-nghia-gianh-chinh-quyen-hue,Khởi nghĩa giành chính quyền tại Huế,Ngày 23 – 8,"Tại Huế, ngày 23 – 8, hàng vạn nhân dân biểu tình thị uy, chiếm các công sở giành chính quyền về tay nhân dân.",[],[],"[""Khởi nghĩa giành chính quyền tại Huế"", ""Khởi nghĩa giành chính quyền tại Huế Ngày 23 – 8"", ""Khởi nghĩa giành chính quyền tại Huế Cách mạng tháng Tám năm 1945"", ""Khởi nghĩa giành chính quyền tại Huế Chiếm các công sở giành chính quyền Hàng vạn nhân dân biểu tình"", ""Khởi nghĩa giành chính quyền tại Huế ảnh tư liệu"", ""Khởi nghĩa giành chính quyền tại Huế chân dung""]","[""hochiminh.vn"", ""tulieuvankien.dangcongsan.vn"", ""dangcongsan.vn"", ""baotanglichsu.vn"", ""nhandan.vn"", ""qdnd.vn"", ""vietnamplus.vn"", ""luutru.gov.vn""]","[""Khởi nghĩa giành chính quyền tại Huế"", ""Khởi nghĩa giành chính quyền tại Huế Ngày 23 – 8"", ""Khởi nghĩa giành chính quyền tại Huế Cách mạng tháng Tám năm 1945"", ""Khởi nghĩa giành chính quyền tại Huế Chiếm các công sở giành chính quyền Hàng vạn nhân dân biểu tình"", ""Khởi nghĩa giành chính quyền tại Huế ảnh tư liệu"", ""Khởi nghĩa giành chính quyền tại Huế chân dung""]",not_attempted,[],,,Needs manual trusted-source/image search.,False
121,cac-dia-phuong-cuoi-cung-gianh-chinh-quyen,Đồng Nai Thượng và Hà Tiên là những địa phương cuối cùng giành chính quyền,Đến ngày 28 - 8,"Đến ngày 28 - 8, Đồng Nai Thượng và Hà Tiên là những địa phương cuối cùng giành chính quyền.",[],[],"[""Đồng Nai Thượng và Hà Tiên là những địa phương cuối cùng giành chính quyền"", ""Đồng Nai Thượng và Hà Tiên là những địa phương cuối cùng giành chính quyền Đến ngày 28 - 8"", ""Đồng Nai Thượng và Hà Tiên là những địa phương cuối cùng giành chính quyền Cách mạng tháng Tám năm 1945"", ""Đồng Nai Thượng và Hà Tiên là những địa phương cuối cùng giành chính quyền Đến ngày 28-8-1945 Là những địa phương cuối cùng giành chính quyền"", ""Đồng Nai Thượng và Hà Tiên là những địa phương cuối cùng giành chính quyền ảnh tư liệu"", ""Đồng Nai Thượng và Hà Tiên là những địa phương cuối cùng giành chính quyền chân dung""]","[""hochiminh.vn"", ""tulieuvankien.dangcongsan.vn"", ""dangcongsan.vn"", ""baotanglichsu.vn"", ""nhandan.vn"", ""qdnd.vn"", ""vietnamplus.vn"", ""luutru.gov.vn""]","[""Đồng Nai Thượng và Hà Tiên là những địa phương cuối cùng giành chính quyền"", ""Đồng Nai Thượng và Hà Tiên là những địa phương cuối cùng giành chính quyền Đến ngày 28 - 8"", ""Đồng Nai Thượng và Hà Tiên là những địa phương cuối cùng giành chính quyền Cách mạng tháng Tám năm 1945"", ""Đồng Nai Thượng và Hà Tiên là những địa phương cuối cùng giành chính quyền Đến ngày 28-8-1945 Là những địa phương cuối cùng giành chính quyền"", ""Đồng Nai Thượng và Hà Tiên là những địa phương cuối cùng giành chính quyền ảnh tư liệu"", ""Đồng Nai Thượng và Hà Tiên là những địa phương cuối cùng giành chính quyền chân dung""]",not_attempted,[],,,Needs manual trusted-source/image search.,False
122,tong-khoi-nghia-gianh-chinh-quyen,Tổng khởi nghĩa giành chính quyền thắng lợi,Tháng 8 – 1945,"Tháng 8 – 1945, Hồ Chí Minh cùng Trung ương Đảng, Mặt trận Việt Minh lãnh đạo nhân dân Tổng khởi nghĩa giành chính quyền thắng lợi, và được cử làm Chủ tịch của Chính phủ lâm thời nước Việt Nam Dân chủ Cộng hoà.","[""Việt Nam"", ""làng xã""]",[],"[""Tổng khởi nghĩa giành chính quyền thắng lợi"", ""Tổng khởi nghĩa giành chính quyền thắng lợi Tháng 8 – 1945"", ""Tổng khởi nghĩa giành chính quyền thắng lợi Việt Nam"", ""Tổng khởi nghĩa giành chính quyền thắng lợi Hồ Chí Minh được cử làm Chủ tịch của Chính phủ lâm thời nước Việt Nam Dân chủ Cộng hoà Là mốc thời gian đánh dấu sự thay đổi của tục nộp che"", ""Tổng khởi nghĩa giành chính quyền thắng lợi ảnh tư liệu"", ""Tổng khởi nghĩa giành chính quyền thắng lợi chân dung""]","[""hochiminh.vn"", ""tulieuvankien.dangcongsan.vn"", ""dangcongsan.vn"", ""baotanglichsu.vn"", ""nhandan.vn"", ""qdnd.vn"", ""vietnamplus.vn"", ""luutru.gov.vn""]","[""Tổng khởi nghĩa giành chính quyền thắng lợi"", ""Tổng khởi nghĩa giành chính quyền thắng lợi Tháng 8 – 1945"", ""Tổng khởi nghĩa giành chính quyền thắng lợi Việt Nam"", ""Tổng khởi nghĩa giành chính quyền thắng lợi Hồ Chí Minh được cử làm Chủ tịch của Chính phủ lâm thời nước Việt Nam Dân chủ Cộng hoà Là mốc thời gian đánh dấu sự thay đổi của tục nộp che"", ""Tổng khởi nghĩa giành chính quyền thắng lợi ảnh tư liệu"", ""Tổng khởi nghĩa giành chính quyền thắng lợi chân dung""]",not_attempted,[],,,Needs manual trusted-source/image search.,False
123,phap-xa-sung-sai-gon-cho-lon-1945,Quân Pháp xả súng vào đồng bào Sài Gòn – Chợ Lớn,Ngày 2-9-1945,"Ngày 2-9-1945, trong khi nhân dân Sài Gòn – Chợ Lớn tổ chức mít tinh chào mừng ngày độc lập, quân Pháp đã bất ngờ xả súng vào đồng bào ta.",[],[],"[""Quân Pháp xả súng vào đồng bào Sài Gòn – Chợ Lớn"", ""Quân Pháp xả súng vào đồng bào Sài Gòn – Chợ Lớn Ngày 2-9-1945"", ""Quân Pháp xả súng vào đồng bào Sài Gòn – Chợ Lớn Cuộc kháng chiến chống thực dân Pháp"", ""Quân Pháp xả súng vào đồng bào Sài Gòn – Chợ Lớn Quân Pháp xả súng vào người dân đang mít tinh Diễn ra ngày 2-9-1945"", ""Quân Pháp xả súng vào đồng bào Sài Gòn – Chợ Lớn ảnh tư liệu"", ""Quân Pháp xả súng vào đồng bào Sài Gòn – Chợ Lớn chiến dịch""]","[""btlsqsvn.org.vn"", ""qdnd.vn"", ""nhandan.vn"", ""vietnamplus.vn"", ""hochiminh.vn"", ""baotanglichsu.vn"", ""luutru.gov.vn"", ""loc.gov"", ""archives.gov""]","[""Quân Pháp xả súng vào đồng bào Sài Gòn – Chợ Lớn"", ""Quân Pháp xả súng vào đồng bào Sài Gòn – Chợ Lớn Ngày 2-9-1945"", ""Quân Pháp xả súng vào đồng bào Sài Gòn – Chợ Lớn Cuộc kháng chiến chống thực dân Pháp"", ""Quân Pháp xả súng vào đồng bào Sài Gòn – Chợ Lớn Quân Pháp xả súng vào người dân đang mít tinh Diễn ra ngày 2-9-1945"", ""Quân Pháp xả súng vào đồng bào Sài Gòn – Chợ Lớn ảnh tư liệu"", ""Quân Pháp xả súng vào đồng bào Sài Gòn – Chợ Lớn chiến dịch""]",not_attempted,[],,,Needs manual trusted-source/image search.,False
124,phap-danh-up-uy-ban-hanh-chinh-nam-bo-1945,Thực dân Pháp đánh úp trụ sở Uỷ ban hành chính Nam Bộ và cơ quan tự vệ thành phố Sài Gòn,"Đêm 22, rạng sáng 23 – 9 – 1945","Đêm 22, rạng sáng 23 – 9 – 1945, thực dân Pháp đánh úp trụ sở Uỷ ban hành chính Nam Bộ và cơ quan tự vệ thành phố Sài Gòn, mở đầu cuộc chiến tranh xâm lược Việt Nam lần thứ hai.",[],[],"[""Thực dân Pháp đánh úp trụ sở Uỷ ban hành chính Nam Bộ và cơ quan tự vệ thành phố Sài Gòn"", ""Thực dân Pháp đánh úp trụ sở Uỷ ban hành chính Nam Bộ và cơ quan tự vệ thành phố Sài Gòn Đêm 22, rạng sáng 23 – 9 – 1945"", ""Thực dân Pháp đánh úp trụ sở Uỷ ban hành chính Nam Bộ và cơ quan tự vệ thành phố Sài Gòn Cuộc kháng chiến chống thực dân Pháp"", ""Thực dân Pháp đánh úp trụ sở Uỷ ban hành chính Nam Bộ và cơ quan tự vệ thành phố Sài Gòn Pháp đánh úp trụ sở Uỷ ban hành chính Nam Bộ và cơ quan tự vệ Mở đầu cuộc chiến tranh xâm lược Việt Nam lần thứ hai"", ""Thực dân Pháp đánh úp trụ sở Uỷ ban hành chính Nam Bộ và cơ quan tự vệ thành phố Sài Gòn ảnh tư liệu"", ""Thực dân Pháp đánh úp trụ sở Uỷ ban hành chính Nam Bộ và cơ quan tự vệ thành phố Sài Gòn chiến dịch""]","[""btlsqsvn.org.vn"", ""qdnd.vn"", ""nhandan.vn"", ""vietnamplus.vn"", ""hochiminh.vn"", ""baotanglichsu.vn"", ""luutru.gov.vn"", ""loc.gov"", ""archives.gov""]","[""Thực dân Pháp đánh úp trụ sở Uỷ ban hành chính Nam Bộ và cơ quan tự vệ thành phố Sài Gòn"", ""Thực dân Pháp đánh úp trụ sở Uỷ ban hành chính Nam Bộ và cơ quan tự vệ thành phố Sài Gòn Đêm 22, rạng sáng 23 – 9 – 1945"", ""Thực dân Pháp đánh úp trụ sở Uỷ ban hành chính Nam Bộ và cơ quan tự vệ thành phố Sài Gòn Cuộc kháng chiến chống thực dân Pháp"", ""Thực dân Pháp đánh úp trụ sở Uỷ ban hành chính Nam Bộ và cơ quan tự vệ thành phố Sài Gòn Pháp đánh úp trụ sở Uỷ ban hành chính Nam Bộ và cơ quan tự vệ Mở đầu cuộc chiến tranh xâm lược Việt Nam lần thứ hai"", ""Thực dân Pháp đánh úp trụ sở Uỷ ban hành chính Nam Bộ và cơ quan tự vệ thành phố Sài Gòn ảnh tư liệu"", ""Thực dân Pháp đánh úp trụ sở Uỷ ban hành chính Nam Bộ và cơ quan tự vệ thành phố Sài Gòn chiến dịch""]",not_attempted,[],,,Needs manual trusted-source/image search.,False
125,thanh-lap-uy-ban-khang-chien-nam-bo-1945,Thành lập Uỷ ban kháng chiến Nam Bộ,Ngày 23 - 9 - 1945,"Trước tình hình thực dân Pháp đánh úp Sài Gòn, ngày 23 - 9 - 1945, Uỷ ban kháng chiến Nam Bộ được thành lập. Quân dân Nam Bộ ra sức củng cố, xây dựng lực lượng vũ trang và tổ chức chiến đấu nhằm kìm chân quân Pháp trong các thành phố, thị xã ở phía Nam vĩ tuyến 16.",[],[],"[""Thành lập Uỷ ban kháng chiến Nam Bộ"", ""Thành lập Uỷ ban kháng chiến Nam Bộ Ngày 23 - 9 - 1945"", ""Thành lập Uỷ ban kháng chiến Nam Bộ Cuộc kháng chiến chống thực dân Pháp"", ""Thành lập Uỷ ban kháng chiến Nam Bộ Quân dân Nam Bộ củng cố lực lượng, tổ chức chiến đấu Thành lập ngày 23-9-1945"", ""Thành lập Uỷ ban kháng chiến Nam Bộ ảnh tư liệu"", ""Thành lập Uỷ ban kháng chiến Nam Bộ chiến dịch""]","[""btlsqsvn.org.vn"", ""qdnd.vn"", ""nhandan.vn"", ""vietnamplus.vn"", ""hochiminh.vn"", ""baotanglichsu.vn"", ""luutru.gov.vn"", ""loc.gov"", ""archives.gov""]","[""Thành lập Uỷ ban kháng chiến Nam Bộ"", ""Thành lập Uỷ ban kháng chiến Nam Bộ Ngày 23 - 9 - 1945"", ""Thành lập Uỷ ban kháng chiến Nam Bộ Cuộc kháng chiến chống thực dân Pháp"", ""Thành lập Uỷ ban kháng chiến Nam Bộ Quân dân Nam Bộ củng cố lực lượng, tổ chức chiến đấu Thành lập ngày 23-9-1945"", ""Thành lập Uỷ ban kháng chiến Nam Bộ ảnh tư liệu"", ""Thành lập Uỷ ban kháng chiến Nam Bộ chiến dịch""]",not_attempted,[],,,Needs manual trusted-source/image search.,False
126,ho-chi-minh-gui-thu-toi-chu-tich-hoi-dong-lien-hop-quoc,Chủ tịch Hồ Chí Minh gửi thư tới Chủ tịch Hội đồng Liên hợp quốc và nguyên thủ các nước lớn,Sau Cách mạng tháng Tám thành công (1945),"Về đối ngoại, ngay sau Cách mạng tháng Tám thành công, Chủ tịch Hồ Chí Minh đã gửi thư tới Chủ tịch Hội đồng Liên hợp quốc và nguyên thủ các nước lớn, khẳng định nền độc lập của Việt Nam.",[],[],"[""Chủ tịch Hồ Chí Minh gửi thư tới Chủ tịch Hội đồng Liên hợp quốc và nguyên thủ các nước lớn"", ""Chủ tịch Hồ Chí Minh gửi thư tới Chủ tịch Hội đồng Liên hợp quốc và nguyên thủ các nước lớn Sau Cách mạng tháng Tám thành công (1945)"", ""Chủ tịch Hồ Chí Minh gửi thư tới Chủ tịch Hội đồng Liên hợp quốc và nguyên thủ các nước lớn Việt Nam từ năm 1919 đến năm 1945"", ""Chủ tịch Hồ Chí Minh gửi thư tới Chủ tịch Hội đồng Liên hợp quốc và nguyên thủ các nước lớn Gửi thư tới nguyên thủ các nước lớn Gửi thư tới Chủ tịch Hội đồng Liên hợp quốc"", ""Chủ tịch Hồ Chí Minh gửi thư tới Chủ tịch Hội đồng Liên hợp quốc và nguyên thủ các nước lớn lễ ký"", ""Chủ tịch Hồ Chí Minh gửi thư tới Chủ tịch Hội đồng Liên hợp quốc và nguyên thủ các nước lớn hội nghị""]","[""mofa.gov.vn"", ""chinhphu.vn"", ""vietnamplus.vn"", ""nhandan.vn"", ""un.org"", ""asean.org"", ""apec.org"", ""europa.eu""]","[""Chủ tịch Hồ Chí Minh gửi thư tới Chủ tịch Hội đồng Liên hợp quốc và nguyên thủ các nước lớn"", ""Chủ tịch Hồ Chí Minh gửi thư tới Chủ tịch Hội đồng Liên hợp quốc và nguyên thủ các nước lớn Sau Cách mạng tháng Tám thành công (1945)"", ""Chủ tịch Hồ Chí Minh gửi thư tới Chủ tịch Hội đồng Liên hợp quốc và nguyên thủ các nước lớn Việt Nam từ năm 1919 đến năm 1945"", ""Chủ tịch Hồ Chí Minh gửi thư tới Chủ tịch Hội đồng Liên hợp quốc và nguyên thủ các nước lớn Gửi thư tới nguyên thủ các nước lớn Gửi thư tới Chủ tịch Hội đồng Liên hợp quốc"", ""Chủ tịch Hồ Chí Minh gửi thư tới Chủ tịch Hội đồng Liên hợp quốc và nguyên thủ các nước lớn lễ ký"", ""Chủ tịch Hồ Chí Minh gửi thư tới Chủ tịch Hội đồng Liên hợp quốc và nguyên thủ các nước lớn hội nghị""]",not_attempted,[],,,Needs manual trusted-source/image search.,False
127,ho-chi-minh-keu-goi-nhuong-com-se-ao-tang-gia-san-xuat,Chủ tịch Hồ Chí Minh kêu gọi nhân dân cả nước “Nhường cơm sẻ áo” và “Tăng gia sản xuất”,Những năm 1945 – 1946,"Về đối nội, để giải quyết nạn đói, nạn dốt và khó khăn về tài chính, Chủ tịch Hồ ChíMinh kêu gọi nhân dân cả nước “Nhường cơm sẻ áo” và “Tăng gia sản xuất, kí sắc lệnh thành lập Nha Bình dân học vụ và thành lập Quỹ Độc lập, gửi thư kêu gọi các tầng lớp nhân dân hưởng ứng Tuần lễ vàng ủng hộ Chính phủ.",[],[],"[""Chủ tịch Hồ Chí Minh kêu gọi nhân dân cả nước “Nhường cơm sẻ áo” và “Tăng gia sản xuất”"", ""Chủ tịch Hồ Chí Minh kêu gọi nhân dân cả nước “Nhường cơm sẻ áo” và “Tăng gia sản xuất” Những năm 1945 – 1946"", ""Chủ tịch Hồ Chí Minh kêu gọi nhân dân cả nước “Nhường cơm sẻ áo” và “Tăng gia sản xuất” Việt Nam từ năm 1919 đến năm 1945"", ""Chủ tịch Hồ Chí Minh kêu gọi nhân dân cả nước “Nhường cơm sẻ áo” và “Tăng gia sản xuất” Kêu gọi nhân dân cả nước “Tăng gia sản xuất”"", ""Chủ tịch Hồ Chí Minh kêu gọi nhân dân cả nước “Nhường cơm sẻ áo” và “Tăng gia sản xuất” ảnh tư liệu"", ""Chủ tịch Hồ Chí Minh kêu gọi nhân dân cả nước “Nhường cơm sẻ áo” và “Tăng gia sản xuất” chân dung""]","[""hochiminh.vn"", ""tulieuvankien.dangcongsan.vn"", ""dangcongsan.vn"", ""baotanglichsu.vn"", ""nhandan.vn"", ""qdnd.vn"", ""vietnamplus.vn"", ""luutru.gov.vn""]","[""Chủ tịch Hồ Chí Minh kêu gọi nhân dân cả nước “Nhường cơm sẻ áo” và “Tăng gia sản xuất”"", ""Chủ tịch Hồ Chí Minh kêu gọi nhân dân cả nước “Nhường cơm sẻ áo” và “Tăng gia sản xuất” Những năm 1945 – 1946"", ""Chủ tịch Hồ Chí Minh kêu gọi nhân dân cả nước “Nhường cơm sẻ áo” và “Tăng gia sản xuất” Việt Nam từ năm 1919 đến năm 1945"", ""Chủ tịch Hồ Chí Minh kêu gọi nhân dân cả nước “Nhường cơm sẻ áo” và “Tăng gia sản xuất” Kêu gọi nhân dân cả nước “Tăng gia sản xuất”"", ""Chủ tịch Hồ Chí Minh kêu gọi nhân dân cả nước “Nhường cơm sẻ áo” và “Tăng gia sản xuất” ảnh tư liệu"", ""Chủ tịch Hồ Chí Minh kêu gọi nhân dân cả nước “Nhường cơm sẻ áo” và “Tăng gia sản xuất” chân dung""]",not_attempted,[],,,Needs manual trusted-source/image search.,False
128,ho-chi-minh-ki-sac-lenh-thanh-lap-nha-binh-dan-hoc-vu-va-quy-doc-lap,"Chủ tịch Hồ Chí Minh kí sắc lệnh thành lập Nha Bình dân học vụ và thành lập Quỹ Độc lập, kêu gọi hưởng ứng Tuần lễ vàng",Những năm 1945 – 1946,"Về đối nội, để giải quyết nạn đói, nạn dốt và khó khăn về tài chính, Chủ tịch Hồ ChíMinh kêu gọi nhân dân cả nước “Nhường cơm sẻ áo” và “Tăng gia sản xuất, kí sắc lệnh thành lập Nha Bình dân học vụ và thành lập Quỹ Độc lập, gửi thư kêu gọi các tầng lớp nhân dân hưởng ứng Tuần lễ vàng ủng hộ Chính phủ.",[],[],"[""Chủ tịch Hồ Chí Minh kí sắc lệnh thành lập Nha Bình dân học vụ và thành lập Quỹ Độc lập, kêu gọi hưởng ứng Tuần lễ vàng"", ""Chủ tịch Hồ Chí Minh kí sắc lệnh thành lập Nha Bình dân học vụ và thành lập Quỹ Độc lập, kêu gọi hưởng ứng Tuần lễ vàng Những năm 1945 – 1946"", ""Chủ tịch Hồ Chí Minh kí sắc lệnh thành lập Nha Bình dân học vụ và thành lập Quỹ Độc lập, kêu gọi hưởng ứng Tuần lễ vàng Việt Nam từ năm 1919 đến năm 1945"", ""Chủ tịch Hồ Chí Minh kí sắc lệnh thành lập Nha Bình dân học vụ và thành lập Quỹ Độc lập, kêu gọi hưởng ứng Tuần lễ vàng Kí sắc lệnh thành lập Nha Bình dân học vụ Thành lập Quỹ Độc lập"", ""Chủ tịch Hồ Chí Minh kí sắc lệnh thành lập Nha Bình dân học vụ và thành lập Quỹ Độc lập, kêu gọi hưởng ứng Tuần lễ vàng ảnh tư liệu"", ""Chủ tịch Hồ Chí Minh kí sắc lệnh thành lập Nha Bình dân học vụ và thành lập Quỹ Độc lập, kêu gọi hưởng ứng Tuần lễ vàng chân dung""]","[""hochiminh.vn"", ""tulieuvankien.dangcongsan.vn"", ""dangcongsan.vn"", ""baotanglichsu.vn"", ""nhandan.vn"", ""qdnd.vn"", ""vietnamplus.vn"", ""luutru.gov.vn""]","[""Chủ tịch Hồ Chí Minh kí sắc lệnh thành lập Nha Bình dân học vụ và thành lập Quỹ Độc lập, kêu gọi hưởng ứng Tuần lễ vàng"", ""Chủ tịch Hồ Chí Minh kí sắc lệnh thành lập Nha Bình dân học vụ và thành lập Quỹ Độc lập, kêu gọi hưởng ứng Tuần lễ vàng Những năm 1945 – 1946"", ""Chủ tịch Hồ Chí Minh kí sắc lệnh thành lập Nha Bình dân học vụ và thành lập Quỹ Độc lập, kêu gọi hưởng ứng Tuần lễ vàng Việt Nam từ năm 1919 đến năm 1945"", ""Chủ tịch Hồ Chí Minh kí sắc lệnh thành lập Nha Bình dân học vụ và thành lập Quỹ Độc lập, kêu gọi hưởng ứng Tuần lễ vàng Kí sắc lệnh thành lập Nha Bình dân học vụ Thành lập Quỹ Độc lập"", ""Chủ tịch Hồ Chí Minh kí sắc lệnh thành lập Nha Bình dân học vụ và thành lập Quỹ Độc lập, kêu gọi hưởng ứng Tuần lễ vàng ảnh tư liệu"", ""Chủ tịch Hồ Chí Minh kí sắc lệnh thành lập Nha Bình dân học vụ và thành lập Quỹ Độc lập, kêu gọi hưởng ứng Tuần lễ vàng chân dung""]",not_attempted,[],,,Needs manual trusted-source/image search.,False
129,hoat-dong-doi-ngoai-cua-vndcch-voi-trung-hoa-dan-quoc,Hoạt động đối ngoại của Việt Nam Dân chủ Cộng hoà với Trung Hoa Dân quốc,Khoảng năm 1945,"Với Trung Hoa Dân quốc, Chính phủ Việt Nam Dân chủ Cộng hoà chủ động vừa đấu tranh chính trị, vừa vận động ngoại giao; thực hiện các hoạt động hữu nghị, thân thiện với nhân dân Trung Quốc và hoà hoãn với quân Trung Hoa Dân quốc ở Việt Nam để tranh thủ thời gian củng cố chính quyền cách mạng.","[""Việt Nam""]",[],"[""Hoạt động đối ngoại của Việt Nam Dân chủ Cộng hoà với Trung Hoa Dân quốc"", ""Hoạt động đối ngoại của Việt Nam Dân chủ Cộng hoà với Trung Hoa Dân quốc Khoảng năm 1945"", ""Hoạt động đối ngoại của Việt Nam Dân chủ Cộng hoà với Trung Hoa Dân quốc Việt Nam"", ""Hoạt động đối ngoại của Việt Nam Dân chủ Cộng hoà với Trung Hoa Dân quốc Vừa đấu tranh chính trị, vừa vận động ngoại giao Thực hiện hữu nghị với nhân dân Trung Quốc"", ""Hoạt động đối ngoại của Việt Nam Dân chủ Cộng hoà với Trung Hoa Dân quốc ảnh tư liệu"", ""Hoạt động đối ngoại của Việt Nam Dân chủ Cộng hoà với Trung Hoa Dân quốc chân dung""]","[""hochiminh.vn"", ""tulieuvankien.dangcongsan.vn"", ""dangcongsan.vn"", ""baotanglichsu.vn"", ""nhandan.vn"", ""qdnd.vn"", ""vietnamplus.vn"", ""luutru.gov.vn""]","[""Hoạt động đối ngoại của Việt Nam Dân chủ Cộng hoà với Trung Hoa Dân quốc"", ""Hoạt động đối ngoại của Việt Nam Dân chủ Cộng hoà với Trung Hoa Dân quốc Khoảng năm 1945"", ""Hoạt động đối ngoại của Việt Nam Dân chủ Cộng hoà với Trung Hoa Dân quốc Việt Nam"", ""Hoạt động đối ngoại của Việt Nam Dân chủ Cộng hoà với Trung Hoa Dân quốc Vừa đấu tranh chính trị, vừa vận động ngoại giao Thực hiện hữu nghị với nhân dân Trung Quốc"", ""Hoạt động đối ngoại của Việt Nam Dân chủ Cộng hoà với Trung Hoa Dân quốc ảnh tư liệu"", ""Hoạt động đối ngoại của Việt Nam Dân chủ Cộng hoà với Trung Hoa Dân quốc chân dung""]",not_attempted,[],,,Needs manual trusted-source/image search.,False
130,khang-chien-chong-thuc-dan-phap-1945-1954,Cuộc kháng chiến chống thực dân Pháp,1945-1954,"Cuộc kháng chiến chống thực dân Pháp diễn ra từ năm 1945 đến năm 1954, trong bối cảnh quốc tế và trong nước phức tạp. Cuộc kháng chiến trải qua nhiều giai đoạn, từ kháng chiến ở Nam Bộ, kháng chiến toàn quốc giai đoạn đầu, đến bước phát triển mới và kết thúc bằng chiến thắng Điện Biên Phủ.","[""Đông Dương"", ""Việt Nam"", ""Đường số 18"", ""Đường số 4"", ""Thượng Lào""]",[],"[""Cuộc kháng chiến chống thực dân Pháp"", ""Cuộc kháng chiến chống thực dân Pháp 1945-1954"", ""Cuộc kháng chiến chống thực dân Pháp Đông Dương"", ""Cuộc kháng chiến chống thực dân Pháp Chủ tịch Hồ Chí Minh ra Lời kêu gọi toàn quốc kháng chiến ngày 19-12-1946 Kết thúc bằng Hiệp định Giơ-ne-vơ (1954)"", ""Cuộc kháng chiến chống thực dân Pháp ảnh tư liệu"", ""Cuộc kháng chiến chống thực dân Pháp chiến dịch""]","[""btlsqsvn.org.vn"", ""qdnd.vn"", ""nhandan.vn"", ""vietnamplus.vn"", ""hochiminh.vn"", ""baotanglichsu.vn"", ""luutru.gov.vn"", ""loc.gov"", ""archives.gov""]","[""Cuộc kháng chiến chống thực dân Pháp"", ""Cuộc kháng chiến chống thực dân Pháp 1945-1954"", ""Cuộc kháng chiến chống thực dân Pháp Đông Dương"", ""Cuộc kháng chiến chống thực dân Pháp Chủ tịch Hồ Chí Minh ra Lời kêu gọi toàn quốc kháng chiến ngày 19-12-1946 Kết thúc bằng Hiệp định Giơ-ne-vơ (1954)"", ""Cuộc kháng chiến chống thực dân Pháp ảnh tư liệu"", ""Cuộc kháng chiến chống thực dân Pháp chiến dịch""]",not_attempted,[],,,Needs manual trusted-source/image search.,False
131,khang-chien-chong-thuc-dan-phap-o-viet-nam-lao-cam-pu-chia,"Kháng chiến chống thực dân Pháp ở Việt Nam, Lào, Cam-pu-chia",1945 – 1954,"Mặc dù Việt Nam và Lào tuyên bố độc lập ngay từ năm 1945, nhưng ba nước Đông Dương (Việt Nam, Lào, Cam-pu-chia) lại phải trải qua cuộc kháng chiến chống thực dân Pháp từ 1945 đến 1954. Đây là cuộc chiến đấu quyết liệt nhất trong lịch sử đấu tranh giành độc lập dân tộc ở Đông Nam Á.","[""Cam-pu-chia"", ""Lào"", ""Việt Nam"", ""Đông Dương""]",[],"[""Kháng chiến chống thực dân Pháp ở Việt Nam, Lào, Cam-pu-chia"", ""Kháng chiến chống thực dân Pháp ở Việt Nam, Lào, Cam-pu-chia 1945 – 1954"", ""Kháng chiến chống thực dân Pháp ở Việt Nam, Lào, Cam-pu-chia Cam-pu-chia"", ""Kháng chiến chống thực dân Pháp ở Việt Nam, Lào, Cam-pu-chia Là cuộc chiến đấu quyết liệt nhất Diễn ra từ 1945-1954"", ""Kháng chiến chống thực dân Pháp ở Việt Nam, Lào, Cam-pu-chia ảnh tư liệu"", ""Kháng chiến chống thực dân Pháp ở Việt Nam, Lào, Cam-pu-chia chân dung""]","[""hochiminh.vn"", ""tulieuvankien.dangcongsan.vn"", ""dangcongsan.vn"", ""baotanglichsu.vn"", ""nhandan.vn"", ""qdnd.vn"", ""vietnamplus.vn"", ""luutru.gov.vn""]","[""Kháng chiến chống thực dân Pháp ở Việt Nam, Lào, Cam-pu-chia"", ""Kháng chiến chống thực dân Pháp ở Việt Nam, Lào, Cam-pu-chia 1945 – 1954"", ""Kháng chiến chống thực dân Pháp ở Việt Nam, Lào, Cam-pu-chia Cam-pu-chia"", ""Kháng chiến chống thực dân Pháp ở Việt Nam, Lào, Cam-pu-chia Là cuộc chiến đấu quyết liệt nhất Diễn ra từ 1945-1954"", ""Kháng chiến chống thực dân Pháp ở Việt Nam, Lào, Cam-pu-chia ảnh tư liệu"", ""Kháng chiến chống thực dân Pháp ở Việt Nam, Lào, Cam-pu-chia chân dung""]",not_attempted,[],,,Needs manual trusted-source/image search.,False
132,viet-nam-de-nghi-lien-hop-quoc-cong-nhan-vndcch,Việt Nam đề nghị Liên hợp quốc và các nước lớn công nhận Nhà nước Việt Nam Dân chủ Cộng hoà,Năm 1945,"Chính phủ Việt Nam đã gửi thư, công hàm đề nghị Đại hội đồng Liên hợp quốc và các nước lớn công nhận Nhà nước Việt Nam Dân chủ Cộng hoà.","[""Việt Nam""]",[],"[""Việt Nam đề nghị Liên hợp quốc và các nước lớn công nhận Nhà nước Việt Nam Dân chủ Cộng hoà"", ""Việt Nam đề nghị Liên hợp quốc và các nước lớn công nhận Nhà nước Việt Nam Dân chủ Cộng hoà Năm 1945"", ""Việt Nam đề nghị Liên hợp quốc và các nước lớn công nhận Nhà nước Việt Nam Dân chủ Cộng hoà Việt Nam"", ""Việt Nam đề nghị Liên hợp quốc và các nước lớn công nhận Nhà nước Việt Nam Dân chủ Cộng hoà Đề nghị Đại hội đồng Liên hợp quốc và các nước lớn công nhận VNDCCH Chính phủ Việt Nam gửi thư, công hàm"", ""Việt Nam đề nghị Liên hợp quốc và các nước lớn công nhận Nhà nước Việt Nam Dân chủ Cộng hoà lễ ký"", ""Việt Nam đề nghị Liên hợp quốc và các nước lớn công nhận Nhà nước Việt Nam Dân chủ Cộng hoà hội nghị""]","[""mofa.gov.vn"", ""chinhphu.vn"", ""vietnamplus.vn"", ""nhandan.vn"", ""un.org"", ""asean.org"", ""apec.org"", ""europa.eu""]","[""Việt Nam đề nghị Liên hợp quốc và các nước lớn công nhận Nhà nước Việt Nam Dân chủ Cộng hoà"", ""Việt Nam đề nghị Liên hợp quốc và các nước lớn công nhận Nhà nước Việt Nam Dân chủ Cộng hoà Năm 1945"", ""Việt Nam đề nghị Liên hợp quốc và các nước lớn công nhận Nhà nước Việt Nam Dân chủ Cộng hoà Việt Nam"", ""Việt Nam đề nghị Liên hợp quốc và các nước lớn công nhận Nhà nước Việt Nam Dân chủ Cộng hoà Đề nghị Đại hội đồng Liên hợp quốc và các nước lớn công nhận VNDCCH Chính phủ Việt Nam gửi thư, công hàm"", ""Việt Nam đề nghị Liên hợp quốc và các nước lớn công nhận Nhà nước Việt Nam Dân chủ Cộng hoà lễ ký"", ""Việt Nam đề nghị Liên hợp quốc và các nước lớn công nhận Nhà nước Việt Nam Dân chủ Cộng hoà hội nghị""]",not_attempted,[],,,Needs manual trusted-source/image search.,False
133,ho-chi-minh-gui-loi-keu-goi-quoc-dan-di-bo-phieu,Chủ tịch Hồ Chí Minh gửi Lời kêu gọi quốc dân đi bỏ phiếu,Ngày 5 – 1 – 1946,"Để tạo cơ sở pháp lí cho chính quyền cách mạng và thực hiện quyền làm chủ của nhân dân, ngày 5 – 1 – 1946, Chủ tịch Hồ Chí Minh gửi Lời kêu gọi quốc dân đi bỏ phiếu.",[],[],"[""Chủ tịch Hồ Chí Minh gửi Lời kêu gọi quốc dân đi bỏ phiếu"", ""Chủ tịch Hồ Chí Minh gửi Lời kêu gọi quốc dân đi bỏ phiếu Ngày 5 – 1 – 1946"", ""Chủ tịch Hồ Chí Minh gửi Lời kêu gọi quốc dân đi bỏ phiếu Việt Nam từ năm 1945 đến năm 1954"", ""Chủ tịch Hồ Chí Minh gửi Lời kêu gọi quốc dân đi bỏ phiếu Để tạo cơ sở pháp lí cho chính quyền cách mạng Để thực hiện quyền làm chủ của nhân dân"", ""Chủ tịch Hồ Chí Minh gửi Lời kêu gọi quốc dân đi bỏ phiếu ảnh tư liệu"", ""Chủ tịch Hồ Chí Minh gửi Lời kêu gọi quốc dân đi bỏ phiếu chiến dịch""]","[""btlsqsvn.org.vn"", ""qdnd.vn"", ""nhandan.vn"", ""vietnamplus.vn"", ""hochiminh.vn"", ""baotanglichsu.vn"", ""luutru.gov.vn"", ""loc.gov"", ""archives.gov""]","[""Chủ tịch Hồ Chí Minh gửi Lời kêu gọi quốc dân đi bỏ phiếu"", ""Chủ tịch Hồ Chí Minh gửi Lời kêu gọi quốc dân đi bỏ phiếu Ngày 5 – 1 – 1946"", ""Chủ tịch Hồ Chí Minh gửi Lời kêu gọi quốc dân đi bỏ phiếu Việt Nam từ năm 1945 đến năm 1954"", ""Chủ tịch Hồ Chí Minh gửi Lời kêu gọi quốc dân đi bỏ phiếu Để tạo cơ sở pháp lí cho chính quyền cách mạng Để thực hiện quyền làm chủ của nhân dân"", ""Chủ tịch Hồ Chí Minh gửi Lời kêu gọi quốc dân đi bỏ phiếu ảnh tư liệu"", ""Chủ tịch Hồ Chí Minh gửi Lời kêu gọi quốc dân đi bỏ phiếu chiến dịch""]",not_attempted,[],,,Needs manual trusted-source/image search.,False
134,ho-chi-minh-duoc-bau-chu-tich-nuoc-1946,Hồ Chí Minh được Quốc hội khoá I bầu làm Chủ tịch nước Việt Nam Dân chủ Cộng hoà,Tháng 1 – 1946,"Tháng 1 – 1946, Hồ Chí Minh được Quốc hội khoá I đã bầu làm Chủ tịch nước Việt Nam Dân chủ Cộng hoà.",[],[],"[""Hồ Chí Minh được Quốc hội khoá I bầu làm Chủ tịch nước Việt Nam Dân chủ Cộng hoà"", ""Hồ Chí Minh được Quốc hội khoá I bầu làm Chủ tịch nước Việt Nam Dân chủ Cộng hoà Tháng 1 – 1946"", ""Hồ Chí Minh được Quốc hội khoá I bầu làm Chủ tịch nước Việt Nam Dân chủ Cộng hoà Việt Nam từ năm 1945 đến năm 1954"", ""Hồ Chí Minh được Quốc hội khoá I bầu làm Chủ tịch nước Việt Nam Dân chủ Cộng hoà Được Quốc hội khoá I bầu"", ""Hồ Chí Minh được Quốc hội khoá I bầu làm Chủ tịch nước Việt Nam Dân chủ Cộng hoà ảnh tư liệu"", ""Hồ Chí Minh được Quốc hội khoá I bầu làm Chủ tịch nước Việt Nam Dân chủ Cộng hoà chiến dịch""]","[""btlsqsvn.org.vn"", ""qdnd.vn"", ""nhandan.vn"", ""vietnamplus.vn"", ""hochiminh.vn"", ""baotanglichsu.vn"", ""luutru.gov.vn"", ""loc.gov"", ""archives.gov""]","[""Hồ Chí Minh được Quốc hội khoá I bầu làm Chủ tịch nước Việt Nam Dân chủ Cộng hoà"", ""Hồ Chí Minh được Quốc hội khoá I bầu làm Chủ tịch nước Việt Nam Dân chủ Cộng hoà Tháng 1 – 1946"", ""Hồ Chí Minh được Quốc hội khoá I bầu làm Chủ tịch nước Việt Nam Dân chủ Cộng hoà Việt Nam từ năm 1945 đến năm 1954"", ""Hồ Chí Minh được Quốc hội khoá I bầu làm Chủ tịch nước Việt Nam Dân chủ Cộng hoà Được Quốc hội khoá I bầu"", ""Hồ Chí Minh được Quốc hội khoá I bầu làm Chủ tịch nước Việt Nam Dân chủ Cộng hoà ảnh tư liệu"", ""Hồ Chí Minh được Quốc hội khoá I bầu làm Chủ tịch nước Việt Nam Dân chủ Cộng hoà chiến dịch""]",not_attempted,[],,,Needs manual trusted-source/image search.,False
135,hiep-uoc-hoa-phap-1946,Kí Hiệp ước Hoa - Pháp,28-2-1946,"Ngày 28-2-1946, thực dân Pháp và Chính phủ Trung Hoa Dân quốc kí Hiệp ước Hoa - Pháp.",[],[],"[""Kí Hiệp ước Hoa - Pháp"", ""Kí Hiệp ước Hoa - Pháp 28-2-1946"", ""Kí Hiệp ước Hoa - Pháp Việt Nam từ năm 1945 đến năm 1954"", ""Kí Hiệp ước Hoa - Pháp Giữa Pháp và Trung Hoa Dân quốc Kí ngày 28-2-1946"", ""Kí Hiệp ước Hoa - Pháp ảnh tư liệu"", ""Kí Hiệp ước Hoa - Pháp chiến dịch""]","[""btlsqsvn.org.vn"", ""qdnd.vn"", ""nhandan.vn"", ""vietnamplus.vn"", ""hochiminh.vn"", ""baotanglichsu.vn"", ""luutru.gov.vn"", ""loc.gov"", ""archives.gov""]","[""Kí Hiệp ước Hoa - Pháp"", ""Kí Hiệp ước Hoa - Pháp 28-2-1946"", ""Kí Hiệp ước Hoa - Pháp Việt Nam từ năm 1945 đến năm 1954"", ""Kí Hiệp ước Hoa - Pháp Giữa Pháp và Trung Hoa Dân quốc Kí ngày 28-2-1946"", ""Kí Hiệp ước Hoa - Pháp ảnh tư liệu"", ""Kí Hiệp ước Hoa - Pháp chiến dịch""]",not_attempted,[],,,Needs manual trusted-source/image search.,False
136,ho-chi-minh-ki-hiep-dinh-so-bo-voi-g-xanh-to-ni,Chủ tịch Hồ Chí Minh kí Hiệp định Sơ bộ với G. Xanh-tơ-ni,6 – 3 – 1946,"Sau khi thực dân Pháp và Trung Hoa Dân quốc kí Hiệp ước Hoa - Pháp, Chủ tịch Hồ Chí Minh thay mặt Chính phủ Việt Nam Dân chủ Cộng hoà, kí với G. Xanh-tơ-ni đại diện Chính phủ Pháp Hiệp định Sơ bộ. Hiệp định Sơ bộ đã làm thất bại âm mưu câu kết giữa Pháp và Trung Hoa Dân quốc, tạo thêm thời gian hoà bình để củng cố và xây dựng lực lượng.","[""miền Bắc""]",[],"[""Chủ tịch Hồ Chí Minh kí Hiệp định Sơ bộ với G. Xanh-tơ-ni"", ""Chủ tịch Hồ Chí Minh kí Hiệp định Sơ bộ với G. Xanh-tơ-ni 6 – 3 – 1946"", ""Chủ tịch Hồ Chí Minh kí Hiệp định Sơ bộ với G. Xanh-tơ-ni miền Bắc"", ""Chủ tịch Hồ Chí Minh kí Hiệp định Sơ bộ với G. Xanh-tơ-ni Kí ngày 6-3-1946 Đồng ý để quân đội Pháp thay quân đội Trung Hoa Dân quốc"", ""Chủ tịch Hồ Chí Minh kí Hiệp định Sơ bộ với G. Xanh-tơ-ni ảnh tư liệu"", ""Chủ tịch Hồ Chí Minh kí Hiệp định Sơ bộ với G. Xanh-tơ-ni chiến dịch""]","[""btlsqsvn.org.vn"", ""qdnd.vn"", ""nhandan.vn"", ""vietnamplus.vn"", ""hochiminh.vn"", ""baotanglichsu.vn"", ""luutru.gov.vn"", ""loc.gov"", ""archives.gov""]","[""Chủ tịch Hồ Chí Minh kí Hiệp định Sơ bộ với G. Xanh-tơ-ni"", ""Chủ tịch Hồ Chí Minh kí Hiệp định Sơ bộ với G. Xanh-tơ-ni 6 – 3 – 1946"", ""Chủ tịch Hồ Chí Minh kí Hiệp định Sơ bộ với G. Xanh-tơ-ni miền Bắc"", ""Chủ tịch Hồ Chí Minh kí Hiệp định Sơ bộ với G. Xanh-tơ-ni Kí ngày 6-3-1946 Đồng ý để quân đội Pháp thay quân đội Trung Hoa Dân quốc"", ""Chủ tịch Hồ Chí Minh kí Hiệp định Sơ bộ với G. Xanh-tơ-ni ảnh tư liệu"", ""Chủ tịch Hồ Chí Minh kí Hiệp định Sơ bộ với G. Xanh-tơ-ni chiến dịch""]",not_attempted,[],,,Needs manual trusted-source/image search.,False
137,ho-chi-minh-ra-loi-keu-goi-toan-quoc-khang-chien,Chủ tịch Hồ Chí Minh ra Lời kêu gọi toàn quốc kháng chiến,Tối ngày 19-12-1946,"Khi mọi nhân nhượng của Việt Nam đã đến giới hạn cuối cùng, tối ngày 19-12-1946, Chủ tịch Hồ Chí Minh thay mặt Trung ương Đảng và Chính phủ ra Lời kêu gọi toàn quốc kháng chiến.",[],[],"[""Chủ tịch Hồ Chí Minh ra Lời kêu gọi toàn quốc kháng chiến"", ""Chủ tịch Hồ Chí Minh ra Lời kêu gọi toàn quốc kháng chiến Tối ngày 19-12-1946"", ""Chủ tịch Hồ Chí Minh ra Lời kêu gọi toàn quốc kháng chiến Cuộc kháng chiến chống thực dân Pháp"", ""Chủ tịch Hồ Chí Minh ra Lời kêu gọi toàn quốc kháng chiến Thay mặt Trung ương Đảng và Chính phủ Ra Lời kêu gọi toàn quốc kháng chiến"", ""Chủ tịch Hồ Chí Minh ra Lời kêu gọi toàn quốc kháng chiến ảnh tư liệu"", ""Chủ tịch Hồ Chí Minh ra Lời kêu gọi toàn quốc kháng chiến chiến dịch""]","[""btlsqsvn.org.vn"", ""qdnd.vn"", ""nhandan.vn"", ""vietnamplus.vn"", ""hochiminh.vn"", ""baotanglichsu.vn"", ""luutru.gov.vn"", ""loc.gov"", ""archives.gov""]","[""Chủ tịch Hồ Chí Minh ra Lời kêu gọi toàn quốc kháng chiến"", ""Chủ tịch Hồ Chí Minh ra Lời kêu gọi toàn quốc kháng chiến Tối ngày 19-12-1946"", ""Chủ tịch Hồ Chí Minh ra Lời kêu gọi toàn quốc kháng chiến Cuộc kháng chiến chống thực dân Pháp"", ""Chủ tịch Hồ Chí Minh ra Lời kêu gọi toàn quốc kháng chiến Thay mặt Trung ương Đảng và Chính phủ Ra Lời kêu gọi toàn quốc kháng chiến"", ""Chủ tịch Hồ Chí Minh ra Lời kêu gọi toàn quốc kháng chiến ảnh tư liệu"", ""Chủ tịch Hồ Chí Minh ra Lời kêu gọi toàn quốc kháng chiến chiến dịch""]",not_attempted,[],,,Needs manual trusted-source/image search.,False
138,khang-chien-toan-quoc-chong-thuc-dan-phap-bung-no,Kháng chiến toàn quốc chống thực dân Pháp bùng nổ,Tháng 12 năm 1946,Cuộc kháng chiến toàn quốc chống thực dân Pháp bùng nổ (12 – 1946).,[],[],"[""Kháng chiến toàn quốc chống thực dân Pháp bùng nổ"", ""Kháng chiến toàn quốc chống thực dân Pháp bùng nổ Tháng 12 năm 1946"", ""Kháng chiến toàn quốc chống thực dân Pháp bùng nổ Việt Nam từ năm 1945 đến năm 1954"", ""Kháng chiến toàn quốc chống thực dân Pháp bùng nổ Bùng nổ vào tháng 12-1946"", ""Kháng chiến toàn quốc chống thực dân Pháp bùng nổ ảnh tư liệu"", ""Kháng chiến toàn quốc chống thực dân Pháp bùng nổ chiến dịch""]","[""btlsqsvn.org.vn"", ""qdnd.vn"", ""nhandan.vn"", ""vietnamplus.vn"", ""hochiminh.vn"", ""baotanglichsu.vn"", ""luutru.gov.vn"", ""loc.gov"", ""archives.gov""]","[""Kháng chiến toàn quốc chống thực dân Pháp bùng nổ"", ""Kháng chiến toàn quốc chống thực dân Pháp bùng nổ Tháng 12 năm 1946"", ""Kháng chiến toàn quốc chống thực dân Pháp bùng nổ Việt Nam từ năm 1945 đến năm 1954"", ""Kháng chiến toàn quốc chống thực dân Pháp bùng nổ Bùng nổ vào tháng 12-1946"", ""Kháng chiến toàn quốc chống thực dân Pháp bùng nổ ảnh tư liệu"", ""Kháng chiến toàn quốc chống thực dân Pháp bùng nổ chiến dịch""]",not_attempted,[],,,Needs manual trusted-source/image search.,False
139,viet-nam-the-hien-thien-chi-hoa-binh-sau-12-1946,Việt Nam thể hiện thiện chí hoà bình sau khi kháng chiến bùng nổ,Từ tháng 12 năm 1946,"Từ khi cuộc kháng chiến toàn quốc chống thực dân Pháp bùng nổ (12 – 1946), Việt Nam vẫn thể hiện thiện chí hoà bình, để nghị Chính phủ Pháp tiếp tục mở các cuộc thương lượng, kêu gọi nhân dân Pháp chống chiến tranh.",[],[],"[""Việt Nam thể hiện thiện chí hoà bình sau khi kháng chiến bùng nổ"", ""Việt Nam thể hiện thiện chí hoà bình sau khi kháng chiến bùng nổ Từ tháng 12 năm 1946"", ""Việt Nam thể hiện thiện chí hoà bình sau khi kháng chiến bùng nổ Việt Nam từ năm 1945 đến năm 1954"", ""Việt Nam thể hiện thiện chí hoà bình sau khi kháng chiến bùng nổ Kêu gọi nhân dân Pháp chống chiến tranh Đề nghị Chính phủ Pháp tiếp tục thương lượng"", ""Việt Nam thể hiện thiện chí hoà bình sau khi kháng chiến bùng nổ ảnh tư liệu"", ""Việt Nam thể hiện thiện chí hoà bình sau khi kháng chiến bùng nổ chiến dịch""]","[""btlsqsvn.org.vn"", ""qdnd.vn"", ""nhandan.vn"", ""vietnamplus.vn"", ""hochiminh.vn"", ""baotanglichsu.vn"", ""luutru.gov.vn"", ""loc.gov"", ""archives.gov""]","[""Việt Nam thể hiện thiện chí hoà bình sau khi kháng chiến bùng nổ"", ""Việt Nam thể hiện thiện chí hoà bình sau khi kháng chiến bùng nổ Từ tháng 12 năm 1946"", ""Việt Nam thể hiện thiện chí hoà bình sau khi kháng chiến bùng nổ Việt Nam từ năm 1945 đến năm 1954"", ""Việt Nam thể hiện thiện chí hoà bình sau khi kháng chiến bùng nổ Kêu gọi nhân dân Pháp chống chiến tranh Đề nghị Chính phủ Pháp tiếp tục thương lượng"", ""Việt Nam thể hiện thiện chí hoà bình sau khi kháng chiến bùng nổ ảnh tư liệu"", ""Việt Nam thể hiện thiện chí hoà bình sau khi kháng chiến bùng nổ chiến dịch""]",not_attempted,[],,,Needs manual trusted-source/image search.,False
140,hien-phap-viet-nam-dan-chu-cong-hoa-1946,Hiến pháp nước Việt Nam Dân chủ Cộng hoà năm 1946,Năm 1946,"Hiến pháp nước Việt Nam Dân chủ Cộng hoà năm 1946 khẳng định: “Đoàn kết toàn dân không phân biệt giống nòi, gái, trai, giai cấp, tôn giáo”.","[""Việt Nam""]",[],"[""Hiến pháp nước Việt Nam Dân chủ Cộng hoà năm 1946"", ""Hiến pháp nước Việt Nam Dân chủ Cộng hoà năm 1946 Năm 1946"", ""Hiến pháp nước Việt Nam Dân chủ Cộng hoà năm 1946 Việt Nam"", ""Hiến pháp nước Việt Nam Dân chủ Cộng hoà năm 1946 Không phân biệt giống nòi, gái, trai, giai cấp, tôn giáo Khẳng định nguyên tắc đoàn kết toàn dân"", ""Hiến pháp nước Việt Nam Dân chủ Cộng hoà năm 1946 ảnh tư liệu"", ""Hiến pháp nước Việt Nam Dân chủ Cộng hoà năm 1946 chiến dịch""]","[""btlsqsvn.org.vn"", ""qdnd.vn"", ""nhandan.vn"", ""vietnamplus.vn"", ""hochiminh.vn"", ""baotanglichsu.vn"", ""luutru.gov.vn"", ""loc.gov"", ""archives.gov""]","[""Hiến pháp nước Việt Nam Dân chủ Cộng hoà năm 1946"", ""Hiến pháp nước Việt Nam Dân chủ Cộng hoà năm 1946 Năm 1946"", ""Hiến pháp nước Việt Nam Dân chủ Cộng hoà năm 1946 Việt Nam"", ""Hiến pháp nước Việt Nam Dân chủ Cộng hoà năm 1946 Không phân biệt giống nòi, gái, trai, giai cấp, tôn giáo Khẳng định nguyên tắc đoàn kết toàn dân"", ""Hiến pháp nước Việt Nam Dân chủ Cộng hoà năm 1946 ảnh tư liệu"", ""Hiến pháp nước Việt Nam Dân chủ Cộng hoà năm 1946 chiến dịch""]",not_attempted,[],,,Needs manual trusted-source/image search.,False
141,phap-cho-hai-quan-tru-dong-truong-sa,Pháp cho hải quân trú đóng ở các đảo chính thuộc quần đảo Trường Sa,Năm 1946,"Năm 1946, chính quyền thực dân Pháp cho hải quân trú đóng ở các đảo chính thuộc quần đảo Trường Sa và yêu cầu quân đội Trung Hoa Dân quốc rút khỏi các đảo đã chiếm đóng trái phép.",[],[],"[""Pháp cho hải quân trú đóng ở các đảo chính thuộc quần đảo Trường Sa"", ""Pháp cho hải quân trú đóng ở các đảo chính thuộc quần đảo Trường Sa Năm 1946"", ""Pháp cho hải quân trú đóng ở các đảo chính thuộc quần đảo Trường Sa Việt Nam từ năm 1945 đến năm 1954"", ""Pháp cho hải quân trú đóng ở các đảo chính thuộc quần đảo Trường Sa Chính quyền thực dân Pháp triển khai hải quân Diễn ra năm 1946"", ""Pháp cho hải quân trú đóng ở các đảo chính thuộc quần đảo Trường Sa bản đồ"", ""Pháp cho hải quân trú đóng ở các đảo chính thuộc quần đảo Trường Sa hải đồ""]","[""mofa.gov.vn"", ""biengioilanhtho.gov.vn"", ""mod.gov.vn"", ""qdnd.vn"", ""chinhphu.vn"", ""vietnamplus.vn"", ""luutru.gov.vn""]","[""Pháp cho hải quân trú đóng ở các đảo chính thuộc quần đảo Trường Sa"", ""Pháp cho hải quân trú đóng ở các đảo chính thuộc quần đảo Trường Sa Năm 1946"", ""Pháp cho hải quân trú đóng ở các đảo chính thuộc quần đảo Trường Sa Việt Nam từ năm 1945 đến năm 1954"", ""Pháp cho hải quân trú đóng ở các đảo chính thuộc quần đảo Trường Sa Chính quyền thực dân Pháp triển khai hải quân Diễn ra năm 1946"", ""Pháp cho hải quân trú đóng ở các đảo chính thuộc quần đảo Trường Sa bản đồ"", ""Pháp cho hải quân trú đóng ở các đảo chính thuộc quần đảo Trường Sa hải đồ""]",not_attempted,[],,,Needs manual trusted-source/image search.,False
142,chien-dich-viet-bac-thu-dong-1947,Chiến dịch Việt Bắc thu – đông năm 1947,Từ tháng 10 đến tháng 12 – 1947,"Chiến dịch Việt Bắc thu – đông năm 1947 diễn ra từ tháng 10 đến tháng 12 – 1947 khi thực dân Pháp mở cuộc tấn công lên Việt Bắc. Quân đội Việt Nam chủ động bao vây, tiến công đẩy lùi quân Pháp khỏi một số vị trí quan trọng như Chợ Đồn, Chợ Rã, Đoan Hùng. Sau hai tháng, đại bộ phận quân Pháp phải rút chạy khỏi Việt Bắc; cơ quan đầu não của cuộc kháng chiến được bảo vệ an toàn; bộ đội ta thu được nhiều vũ khí và ngày càng trưởng thành.",[],[],"[""Chiến dịch Việt Bắc thu – đông năm 1947"", ""Chiến dịch Việt Bắc thu – đông năm 1947 Từ tháng 10 đến tháng 12 – 1947"", ""Chiến dịch Việt Bắc thu – đông năm 1947 Cuộc kháng chiến chống thực dân Pháp"", ""Chiến dịch Việt Bắc thu – đông năm 1947 Bảo vệ an toàn cơ quan đầu não kháng chiến Làm thất bại chiến lược “đánh nhanh, thắng nhanh” của Pháp"", ""Chiến dịch Việt Bắc thu – đông năm 1947 ảnh tư liệu"", ""Chiến dịch Việt Bắc thu – đông năm 1947 chiến dịch""]","[""btlsqsvn.org.vn"", ""qdnd.vn"", ""nhandan.vn"", ""vietnamplus.vn"", ""hochiminh.vn"", ""baotanglichsu.vn"", ""luutru.gov.vn"", ""loc.gov"", ""archives.gov""]","[""Chiến dịch Việt Bắc thu – đông năm 1947"", ""Chiến dịch Việt Bắc thu – đông năm 1947 Từ tháng 10 đến tháng 12 – 1947"", ""Chiến dịch Việt Bắc thu – đông năm 1947 Cuộc kháng chiến chống thực dân Pháp"", ""Chiến dịch Việt Bắc thu – đông năm 1947 Bảo vệ an toàn cơ quan đầu não kháng chiến Làm thất bại chiến lược “đánh nhanh, thắng nhanh” của Pháp"", ""Chiến dịch Việt Bắc thu – đông năm 1947 ảnh tư liệu"", ""Chiến dịch Việt Bắc thu – đông năm 1947 chiến dịch""]",not_attempted,[],,,Needs manual trusted-source/image search.,False
143,chien-dich-bien-gioi-thu-dong-1950,Chiến dịch Biên giới thu – đông năm 1950,Từ tháng 9 đến tháng 10 – 1950,"Chiến dịch Biên giới thu – đông năm 1950 diễn ra từ tháng 9 đến tháng 10 – 1950 ở khu vực biên giới Việt – Trung. Quân đội Việt Nam tấn công cứ điểm Đông Khê, mai phục, chặn đánh quân Pháp ở nhiều nơi trên Đường số 4, buộc chúng phải rút chạy. Sau gần một tháng, quân ta đã giải phóng được khu vực biên giới rộng lớn, mở đường liên lạc quốc tế, bảo vệ được căn cứ địa Việt Bắc, chọc thủng Hành lang Đông - Tây, làm phá sản Kế hoạch Rơ-ve của Pháp.","[""Đường số 4""]",[],"[""Chiến dịch Biên giới thu – đông năm 1950"", ""Chiến dịch Biên giới thu – đông năm 1950 Từ tháng 9 đến tháng 10 – 1950"", ""Chiến dịch Biên giới thu – đông năm 1950 Đường số 4"", ""Chiến dịch Biên giới thu – đông năm 1950 Tại khu vực biên giới Việt – Trung Diễn ra từ tháng 9 đến tháng 10-1950"", ""Chiến dịch Biên giới thu – đông năm 1950 ảnh tư liệu"", ""Chiến dịch Biên giới thu – đông năm 1950 chiến dịch""]","[""btlsqsvn.org.vn"", ""qdnd.vn"", ""nhandan.vn"", ""vietnamplus.vn"", ""hochiminh.vn"", ""baotanglichsu.vn"", ""luutru.gov.vn"", ""loc.gov"", ""archives.gov""]","[""Chiến dịch Biên giới thu – đông năm 1950"", ""Chiến dịch Biên giới thu – đông năm 1950 Từ tháng 9 đến tháng 10 – 1950"", ""Chiến dịch Biên giới thu – đông năm 1950 Đường số 4"", ""Chiến dịch Biên giới thu – đông năm 1950 Tại khu vực biên giới Việt – Trung Diễn ra từ tháng 9 đến tháng 10-1950"", ""Chiến dịch Biên giới thu – đông năm 1950 ảnh tư liệu"", ""Chiến dịch Biên giới thu – đông năm 1950 chiến dịch""]",not_attempted,[],,,Needs manual trusted-source/image search.,False
144,cac-chien-dich-tien-cong-quan-doi-viet-nam-1950-1953,Các chiến dịch tiến công của Quân đội Việt Nam (1950-1953),Từ cuối năm 1950 đến giữa năm 1953,"Quân đội Việt Nam liên tiếp mở những chiến dịch tiến công, tiếp tục giữ vững quyền chủ động trên chiến trường như: ba chiến dịch là Trần Hưng Đạo (Trung du), Hoàng Hoa Thám (Đường số 18), Quang Trung (Hà Nam Ninh) (từ cuối năm 1950 đến giữa năm 1951); sau đó là chiến dịch Hoà Bình (đông - xuân 1951-1952), chiến dịch Tây Bắc (thu - đông năm 1952), chiến dịch Thượng Lào (xuân – hè năm 1953).","[""Đường số 18"", ""Thượng Lào""]",[],"[""Các chiến dịch tiến công của Quân đội Việt Nam (1950-1953)"", ""Các chiến dịch tiến công của Quân đội Việt Nam (1950-1953) Từ cuối năm 1950 đến giữa năm 1953"", ""Các chiến dịch tiến công của Quân đội Việt Nam (1950-1953) Đường số 18"", ""Các chiến dịch tiến công của Quân đội Việt Nam (1950-1953) Giữ vững quyền chủ động trên chiến trường Bao gồm các chiến dịch: Trần Hưng Đạo, Hoàng Hoa Thám, Quang Trung, Hoà Bình, Tây Bắc, Thượng Lào"", ""Các chiến dịch tiến công của Quân đội Việt Nam (1950-1953) ảnh tư liệu"", ""Các chiến dịch tiến công của Quân đội Việt Nam (1950-1953) chiến dịch""]","[""btlsqsvn.org.vn"", ""qdnd.vn"", ""nhandan.vn"", ""vietnamplus.vn"", ""hochiminh.vn"", ""baotanglichsu.vn"", ""luutru.gov.vn"", ""loc.gov"", ""archives.gov""]","[""Các chiến dịch tiến công của Quân đội Việt Nam (1950-1953)"", ""Các chiến dịch tiến công của Quân đội Việt Nam (1950-1953) Từ cuối năm 1950 đến giữa năm 1953"", ""Các chiến dịch tiến công của Quân đội Việt Nam (1950-1953) Đường số 18"", ""Các chiến dịch tiến công của Quân đội Việt Nam (1950-1953) Giữ vững quyền chủ động trên chiến trường Bao gồm các chiến dịch: Trần Hưng Đạo, Hoàng Hoa Thám, Quang Trung, Hoà Bình, Tây Bắc, Thượng Lào"", ""Các chiến dịch tiến công của Quân đội Việt Nam (1950-1953) ảnh tư liệu"", ""Các chiến dịch tiến công của Quân đội Việt Nam (1950-1953) chiến dịch""]",not_attempted,[],,,Needs manual trusted-source/image search.,False
145,vndcch-thiet-lap-quan-he-ngoai-giao-voi-cac-nuoc-xhcn,"Việt Nam Dân chủ Cộng hoà thiết lập quan hệ ngoại giao với Cộng hoà Nhân dân Trung Hoa, Liên Xô và các nước xã hội chủ nghĩa khác",Năm 1950,"Năm 1950, Việt Nam Dân chủ Cộng hoà thiết lập quan hệ ngoại giao với Cộng hoà Nhân dân Trung Hoa, Liên Xô và các nước xã hội chủ nghĩa khác. Đây là một thắng lợi chính trị to lớn, tạo tiền đề cho những thắng lợi quân sự sau này.","[""Liên Xô"", ""Cộng hoà Nhân dân Trung Hoa""]",[],"[""Việt Nam Dân chủ Cộng hoà thiết lập quan hệ ngoại giao với Cộng hoà Nhân dân Trung Hoa, Liên Xô và các nước xã hội chủ nghĩa khác"", ""Việt Nam Dân chủ Cộng hoà thiết lập quan hệ ngoại giao với Cộng hoà Nhân dân Trung Hoa, Liên Xô và các nước xã hội chủ nghĩa khác Năm 1950"", ""Việt Nam Dân chủ Cộng hoà thiết lập quan hệ ngoại giao với Cộng hoà Nhân dân Trung Hoa, Liên Xô và các nước xã hội chủ nghĩa khác Liên Xô"", ""Việt Nam Dân chủ Cộng hoà thiết lập quan hệ ngoại giao với Cộng hoà Nhân dân Trung Hoa, Liên Xô và các nước xã hội chủ nghĩa khác Thiết lập quan hệ ngoại giao với Trung Quốc, Liên Xô và các nước XHCN Là thắng lợi chính trị to lớn"", ""Việt Nam Dân chủ Cộng hoà thiết lập quan hệ ngoại giao với Cộng hoà Nhân dân Trung Hoa, Liên Xô và các nước xã hội chủ nghĩa khác lễ ký"", ""Việt Nam Dân chủ Cộng hoà thiết lập quan hệ ngoại giao với Cộng hoà Nhân dân Trung Hoa, Liên Xô và các nước xã hội chủ nghĩa khác hội nghị""]","[""mofa.gov.vn"", ""chinhphu.vn"", ""vietnamplus.vn"", ""nhandan.vn"", ""un.org"", ""asean.org"", ""apec.org"", ""europa.eu""]","[""Việt Nam Dân chủ Cộng hoà thiết lập quan hệ ngoại giao với Cộng hoà Nhân dân Trung Hoa, Liên Xô và các nước xã hội chủ nghĩa khác"", ""Việt Nam Dân chủ Cộng hoà thiết lập quan hệ ngoại giao với Cộng hoà Nhân dân Trung Hoa, Liên Xô và các nước xã hội chủ nghĩa khác Năm 1950"", ""Việt Nam Dân chủ Cộng hoà thiết lập quan hệ ngoại giao với Cộng hoà Nhân dân Trung Hoa, Liên Xô và các nước xã hội chủ nghĩa khác Liên Xô"", ""Việt Nam Dân chủ Cộng hoà thiết lập quan hệ ngoại giao với Cộng hoà Nhân dân Trung Hoa, Liên Xô và các nước xã hội chủ nghĩa khác Thiết lập quan hệ ngoại giao với Trung Quốc, Liên Xô và các nước XHCN Là thắng lợi chính trị to lớn"", ""Việt Nam Dân chủ Cộng hoà thiết lập quan hệ ngoại giao với Cộng hoà Nhân dân Trung Hoa, Liên Xô và các nước xã hội chủ nghĩa khác lễ ký"", ""Việt Nam Dân chủ Cộng hoà thiết lập quan hệ ngoại giao với Cộng hoà Nhân dân Trung Hoa, Liên Xô và các nước xã hội chủ nghĩa khác hội nghị""]",not_attempted,[],,,Needs manual trusted-source/image search.,False
146,ho-chi-minh-duoc-bau-chu-tich-ban-chap-hanh-trung-uong-dang-1951,Hồ Chí Minh được bầu làm Chủ tịch Ban Chấp hành Trung ương Đảng,Tháng 2 – 1951,"Tại Đại hội lần thứ II của Đảng Cộng sản Đông Dương (2 – 1951), Hồ Chí Minh được bầu làm Chủ tịch Ban Chấp hành Trung ương Đảng.",[],[],"[""Hồ Chí Minh được bầu làm Chủ tịch Ban Chấp hành Trung ương Đảng"", ""Hồ Chí Minh được bầu làm Chủ tịch Ban Chấp hành Trung ương Đảng Tháng 2 – 1951"", ""Hồ Chí Minh được bầu làm Chủ tịch Ban Chấp hành Trung ương Đảng Việt Nam từ năm 1945 đến năm 1954"", ""Hồ Chí Minh được bầu làm Chủ tịch Ban Chấp hành Trung ương Đảng Tại Đại hội lần thứ II của Đảng Cộng sản Đông Dương"", ""Hồ Chí Minh được bầu làm Chủ tịch Ban Chấp hành Trung ương Đảng ảnh tư liệu"", ""Hồ Chí Minh được bầu làm Chủ tịch Ban Chấp hành Trung ương Đảng chiến dịch""]","[""btlsqsvn.org.vn"", ""qdnd.vn"", ""nhandan.vn"", ""vietnamplus.vn"", ""hochiminh.vn"", ""baotanglichsu.vn"", ""luutru.gov.vn"", ""loc.gov"", ""archives.gov""]","[""Hồ Chí Minh được bầu làm Chủ tịch Ban Chấp hành Trung ương Đảng"", ""Hồ Chí Minh được bầu làm Chủ tịch Ban Chấp hành Trung ương Đảng Tháng 2 – 1951"", ""Hồ Chí Minh được bầu làm Chủ tịch Ban Chấp hành Trung ương Đảng Việt Nam từ năm 1945 đến năm 1954"", ""Hồ Chí Minh được bầu làm Chủ tịch Ban Chấp hành Trung ương Đảng Tại Đại hội lần thứ II của Đảng Cộng sản Đông Dương"", ""Hồ Chí Minh được bầu làm Chủ tịch Ban Chấp hành Trung ương Đảng ảnh tư liệu"", ""Hồ Chí Minh được bầu làm Chủ tịch Ban Chấp hành Trung ương Đảng chiến dịch""]",not_attempted,[],,,Needs manual trusted-source/image search.,False
147,mat-tran-lien-viet-ra-doi-1951,Mặt trận Liên hiệp quốc dân Việt Nam (Mặt trận Liên Việt) ra đời,Ngày 3-3-1951,"Ngày 3-3-1951, Mặt trận Liên hiệp quốc dân Việt Nam (gọi tắt là Mặt trận Liên Việt) ra đời trên cơ sở hợp nhất Mặt trận Việt Minh và Hội Liên Việt.",[],[],"[""Mặt trận Liên hiệp quốc dân Việt Nam (Mặt trận Liên Việt) ra đời"", ""Mặt trận Liên hiệp quốc dân Việt Nam (Mặt trận Liên Việt) ra đời Ngày 3-3-1951"", ""Mặt trận Liên hiệp quốc dân Việt Nam (Mặt trận Liên Việt) ra đời Việt Nam từ năm 1945 đến năm 1954"", ""Mặt trận Liên hiệp quốc dân Việt Nam (Mặt trận Liên Việt) ra đời Hợp nhất Mặt trận Việt Minh và Hội Liên Việt Tên đầy đủ: Mặt trận Liên hiệp quốc dân Việt Nam"", ""Mặt trận Liên hiệp quốc dân Việt Nam (Mặt trận Liên Việt) ra đời ảnh tư liệu"", ""Mặt trận Liên hiệp quốc dân Việt Nam (Mặt trận Liên Việt) ra đời chiến dịch""]","[""btlsqsvn.org.vn"", ""qdnd.vn"", ""nhandan.vn"", ""vietnamplus.vn"", ""hochiminh.vn"", ""baotanglichsu.vn"", ""luutru.gov.vn"", ""loc.gov"", ""archives.gov""]","[""Mặt trận Liên hiệp quốc dân Việt Nam (Mặt trận Liên Việt) ra đời"", ""Mặt trận Liên hiệp quốc dân Việt Nam (Mặt trận Liên Việt) ra đời Ngày 3-3-1951"", ""Mặt trận Liên hiệp quốc dân Việt Nam (Mặt trận Liên Việt) ra đời Việt Nam từ năm 1945 đến năm 1954"", ""Mặt trận Liên hiệp quốc dân Việt Nam (Mặt trận Liên Việt) ra đời Hợp nhất Mặt trận Việt Minh và Hội Liên Việt Tên đầy đủ: Mặt trận Liên hiệp quốc dân Việt Nam"", ""Mặt trận Liên hiệp quốc dân Việt Nam (Mặt trận Liên Việt) ra đời ảnh tư liệu"", ""Mặt trận Liên hiệp quốc dân Việt Nam (Mặt trận Liên Việt) ra đời chiến dịch""]",not_attempted,[],,,Needs manual trusted-source/image search.,False
148,chu-quyen-viet-nam-duoc-tuyen-bo-cong-nhan-hoi-nghi-xan-phran-xi-xo,Chủ quyền của Việt Nam đối với Hoàng Sa và Trường Sa được tuyên bố và công nhận tại Hội nghị Hoà bình Xan Phran-xi-xcô,Tháng 9 năm 1951,"Đến tháng 9 – 1951, chủ quyền của Việt Nam đối với quần đảo Hoàng Sa và quần đảo Trường Sa tiếp tục được tuyên bố và công nhận tại Hội nghị Hoà bình Xan Phran-xi-xcô với sự tham dự của 51 quốc gia thành viên Liên hợp quốc.","[""Xan Phran-xi-xcô""]",[],"[""Chủ quyền của Việt Nam đối với Hoàng Sa và Trường Sa được tuyên bố và công nhận tại Hội nghị Hoà bình Xan Phran-xi-xcô"", ""Chủ quyền của Việt Nam đối với Hoàng Sa và Trường Sa được tuyên bố và công nhận tại Hội nghị Hoà bình Xan Phran-xi-xcô Tháng 9 năm 1951"", ""Chủ quyền của Việt Nam đối với Hoàng Sa và Trường Sa được tuyên bố và công nhận tại Hội nghị Hoà bình Xan Phran-xi-xcô Xan Phran-xi-xcô"", ""Chủ quyền của Việt Nam đối với Hoàng Sa và Trường Sa được tuyên bố và công nhận tại Hội nghị Hoà bình Xan Phran-xi-xcô Tại Hội nghị Hoà bình Xan Phran-xi-xcô Chủ quyền Việt Nam đối với Hoàng Sa và Trường Sa được tuyên bố và công nhận"", ""Chủ quyền của Việt Nam đối với Hoàng Sa và Trường Sa được tuyên bố và công nhận tại Hội nghị Hoà bình Xan Phran-xi-xcô bản đồ"", ""Chủ quyền của Việt Nam đối với Hoàng Sa và Trường Sa được tuyên bố và công nhận tại Hội nghị Hoà bình Xan Phran-xi-xcô hải đồ""]","[""mofa.gov.vn"", ""biengioilanhtho.gov.vn"", ""mod.gov.vn"", ""qdnd.vn"", ""chinhphu.vn"", ""vietnamplus.vn"", ""luutru.gov.vn""]","[""Chủ quyền của Việt Nam đối với Hoàng Sa và Trường Sa được tuyên bố và công nhận tại Hội nghị Hoà bình Xan Phran-xi-xcô"", ""Chủ quyền của Việt Nam đối với Hoàng Sa và Trường Sa được tuyên bố và công nhận tại Hội nghị Hoà bình Xan Phran-xi-xcô Tháng 9 năm 1951"", ""Chủ quyền của Việt Nam đối với Hoàng Sa và Trường Sa được tuyên bố và công nhận tại Hội nghị Hoà bình Xan Phran-xi-xcô Xan Phran-xi-xcô"", ""Chủ quyền của Việt Nam đối với Hoàng Sa và Trường Sa được tuyên bố và công nhận tại Hội nghị Hoà bình Xan Phran-xi-xcô Tại Hội nghị Hoà bình Xan Phran-xi-xcô Chủ quyền Việt Nam đối với Hoàng Sa và Trường Sa được tuyên bố và công nhận"", ""Chủ quyền của Việt Nam đối với Hoàng Sa và Trường Sa được tuyên bố và công nhận tại Hội nghị Hoà bình Xan Phran-xi-xcô bản đồ"", ""Chủ quyền của Việt Nam đối với Hoàng Sa và Trường Sa được tuyên bố và công nhận tại Hội nghị Hoà bình Xan Phran-xi-xcô hải đồ""]",not_attempted,[],,,Needs manual trusted-source/image search.,False
149,thanh-lap-lien-minh-nhan-dan-viet-mien-lao,Thành lập Liên minh nhân dân Việt – Miên - Lào,Năm 1951,"Năm 1951, Liên minh nhân dân Việt – Miên - Lào được thành lập trên cơ sở tự nguyện, bình đẳng và tôn trọng chủ quyền của nhau.","[""Lào"", ""Miên"", ""Việt Nam""]",[],"[""Thành lập Liên minh nhân dân Việt – Miên - Lào"", ""Thành lập Liên minh nhân dân Việt – Miên - Lào Năm 1951"", ""Thành lập Liên minh nhân dân Việt – Miên - Lào Lào"", ""Thành lập Liên minh nhân dân Việt – Miên - Lào Trên cơ sở tự nguyện, bình đẳng, tôn trọng chủ quyền Thành lập năm 1951"", ""Thành lập Liên minh nhân dân Việt – Miên - Lào ảnh tư liệu"", ""Thành lập Liên minh nhân dân Việt – Miên - Lào chiến dịch""]","[""btlsqsvn.org.vn"", ""qdnd.vn"", ""nhandan.vn"", ""vietnamplus.vn"", ""hochiminh.vn"", ""baotanglichsu.vn"", ""luutru.gov.vn"", ""loc.gov"", ""archives.gov""]","[""Thành lập Liên minh nhân dân Việt – Miên - Lào"", ""Thành lập Liên minh nhân dân Việt – Miên - Lào Năm 1951"", ""Thành lập Liên minh nhân dân Việt – Miên - Lào Lào"", ""Thành lập Liên minh nhân dân Việt – Miên - Lào Trên cơ sở tự nguyện, bình đẳng, tôn trọng chủ quyền Thành lập năm 1951"", ""Thành lập Liên minh nhân dân Việt – Miên - Lào ảnh tư liệu"", ""Thành lập Liên minh nhân dân Việt – Miên - Lào chiến dịch""]",not_attempted,[],,,Needs manual trusted-source/image search.,False
150,cuoc-van-dong-san-xuat-va-tiet-kiem-1952,Cuộc vận động sản xuất và tiết kiệm,Năm 1952,"Năm 1952, cuộc vận động sản xuất và tiết kiệm được phát động, đã trở thành một phong trào quần chúng sôi nổi, lôi cuốn mọi ngành, mọi giới tham gia. Các ngành kinh tế cơ bản đáp ứng được yêu cầu của cuộc kháng chiến và đời sống nhân dân.",[],[],"[""Cuộc vận động sản xuất và tiết kiệm"", ""Cuộc vận động sản xuất và tiết kiệm Năm 1952"", ""Cuộc vận động sản xuất và tiết kiệm Việt Nam từ năm 1945 đến năm 1954"", ""Cuộc vận động sản xuất và tiết kiệm Đáp ứng yêu cầu kháng chiến và đời sống nhân dân Là phong trào quần chúng sôi nổi"", ""Cuộc vận động sản xuất và tiết kiệm ảnh tư liệu"", ""Cuộc vận động sản xuất và tiết kiệm chiến dịch""]","[""btlsqsvn.org.vn"", ""qdnd.vn"", ""nhandan.vn"", ""vietnamplus.vn"", ""hochiminh.vn"", ""baotanglichsu.vn"", ""luutru.gov.vn"", ""loc.gov"", ""archives.gov""]","[""Cuộc vận động sản xuất và tiết kiệm"", ""Cuộc vận động sản xuất và tiết kiệm Năm 1952"", ""Cuộc vận động sản xuất và tiết kiệm Việt Nam từ năm 1945 đến năm 1954"", ""Cuộc vận động sản xuất và tiết kiệm Đáp ứng yêu cầu kháng chiến và đời sống nhân dân Là phong trào quần chúng sôi nổi"", ""Cuộc vận động sản xuất và tiết kiệm ảnh tư liệu"", ""Cuộc vận động sản xuất và tiết kiệm chiến dịch""]",not_attempted,[],,,Needs manual trusted-source/image search.,False
151,dai-hoi-chien-si-thi-dua-can-bo-guong-mau-toan-quoc-lan-thu-nhat-1952,Đại hội Chiến sĩ thi đua và Cán bộ gương mẫu toàn quốc lần thứ nhất,1952,"Giữa lúc cuộc kháng chiến đang diễn ra quyết liệt, Đại hội Chiến sĩ thi đua và Cán bộ gương mẫu toàn quốc lần thứ nhất được tổ chức tại chiến khu Việt Bắc (1952), đã tuyên dương những anh hùng đầu tiên tiêu biểu cho phong trào thi đua yêu nước của cả nước. Tại Đại hội, Chủ tịch Hồ Chí Minh khẳng định: “Thi đua là yêu nước, yêu nước thì phải thi đua"".",[],[],"[""Đại hội Chiến sĩ thi đua và Cán bộ gương mẫu toàn quốc lần thứ nhất"", ""Đại hội Chiến sĩ thi đua và Cán bộ gương mẫu toàn quốc lần thứ nhất 1952"", ""Đại hội Chiến sĩ thi đua và Cán bộ gương mẫu toàn quốc lần thứ nhất Việt Nam từ năm 1945 đến năm 1954"", ""Đại hội Chiến sĩ thi đua và Cán bộ gương mẫu toàn quốc lần thứ nhất Tuyên dương các anh hùng thi đua Tổ chức năm 1952"", ""Đại hội Chiến sĩ thi đua và Cán bộ gương mẫu toàn quốc lần thứ nhất ảnh tư liệu"", ""Đại hội Chiến sĩ thi đua và Cán bộ gương mẫu toàn quốc lần thứ nhất chiến dịch""]","[""btlsqsvn.org.vn"", ""qdnd.vn"", ""nhandan.vn"", ""vietnamplus.vn"", ""hochiminh.vn"", ""baotanglichsu.vn"", ""luutru.gov.vn"", ""loc.gov"", ""archives.gov""]","[""Đại hội Chiến sĩ thi đua và Cán bộ gương mẫu toàn quốc lần thứ nhất"", ""Đại hội Chiến sĩ thi đua và Cán bộ gương mẫu toàn quốc lần thứ nhất 1952"", ""Đại hội Chiến sĩ thi đua và Cán bộ gương mẫu toàn quốc lần thứ nhất Việt Nam từ năm 1945 đến năm 1954"", ""Đại hội Chiến sĩ thi đua và Cán bộ gương mẫu toàn quốc lần thứ nhất Tuyên dương các anh hùng thi đua Tổ chức năm 1952"", ""Đại hội Chiến sĩ thi đua và Cán bộ gương mẫu toàn quốc lần thứ nhất ảnh tư liệu"", ""Đại hội Chiến sĩ thi đua và Cán bộ gương mẫu toàn quốc lần thứ nhất chiến dịch""]",not_attempted,[],,,Needs manual trusted-source/image search.,False
152,ke-hoach-na-va-1953,Kế hoạch Na-va,Tháng 7 – 1953,"Được sự thoả thuận của Mỹ, tháng 7 – 1953, thực dân Pháp để ra Kế hoạch Na-va với hi vọng trong vòng 18 tháng giành một thắng lợi quân sự quyết định để kết thúc chiến tranh trong danh dự.",[],[],"[""Kế hoạch Na-va"", ""Kế hoạch Na-va Tháng 7 – 1953"", ""Kế hoạch Na-va Cuộc kháng chiến chống thực dân Pháp"", ""Kế hoạch Na-va Do Pháp đề ra, có sự thoả thuận của Mỹ Mục tiêu: giành thắng lợi quân sự quyết định trong 18 tháng"", ""Kế hoạch Na-va ảnh tư liệu"", ""Kế hoạch Na-va chiến dịch""]","[""btlsqsvn.org.vn"", ""qdnd.vn"", ""nhandan.vn"", ""vietnamplus.vn"", ""hochiminh.vn"", ""baotanglichsu.vn"", ""luutru.gov.vn"", ""loc.gov"", ""archives.gov""]","[""Kế hoạch Na-va"", ""Kế hoạch Na-va Tháng 7 – 1953"", ""Kế hoạch Na-va Cuộc kháng chiến chống thực dân Pháp"", ""Kế hoạch Na-va Do Pháp đề ra, có sự thoả thuận của Mỹ Mục tiêu: giành thắng lợi quân sự quyết định trong 18 tháng"", ""Kế hoạch Na-va ảnh tư liệu"", ""Kế hoạch Na-va chiến dịch""]",not_attempted,[],,,Needs manual trusted-source/image search.,False
153,quoc-hoi-thong-qua-luat-cai-cach-ruong-dat-1953,Quốc hội thông qua Luật Cải cách ruộng đất và quyết định tiến hành cải cách ruộng đất,Tháng 12 – 1953,"Tháng 12 – 1953, Quốc hội thông qua Luật Cải cách ruộng đất và quyết định tiến hành cải cách ruộng đất ở vùng tự do.",[],[],"[""Quốc hội thông qua Luật Cải cách ruộng đất và quyết định tiến hành cải cách ruộng đất"", ""Quốc hội thông qua Luật Cải cách ruộng đất và quyết định tiến hành cải cách ruộng đất Tháng 12 – 1953"", ""Quốc hội thông qua Luật Cải cách ruộng đất và quyết định tiến hành cải cách ruộng đất Việt Nam từ năm 1945 đến năm 1954"", ""Quốc hội thông qua Luật Cải cách ruộng đất và quyết định tiến hành cải cách ruộng đất Do Quốc hội thông qua Thông qua tháng 12-1953"", ""Quốc hội thông qua Luật Cải cách ruộng đất và quyết định tiến hành cải cách ruộng đất ảnh tư liệu"", ""Quốc hội thông qua Luật Cải cách ruộng đất và quyết định tiến hành cải cách ruộng đất chiến dịch""]","[""btlsqsvn.org.vn"", ""qdnd.vn"", ""nhandan.vn"", ""vietnamplus.vn"", ""hochiminh.vn"", ""baotanglichsu.vn"", ""luutru.gov.vn"", ""loc.gov"", ""archives.gov""]","[""Quốc hội thông qua Luật Cải cách ruộng đất và quyết định tiến hành cải cách ruộng đất"", ""Quốc hội thông qua Luật Cải cách ruộng đất và quyết định tiến hành cải cách ruộng đất Tháng 12 – 1953"", ""Quốc hội thông qua Luật Cải cách ruộng đất và quyết định tiến hành cải cách ruộng đất Việt Nam từ năm 1945 đến năm 1954"", ""Quốc hội thông qua Luật Cải cách ruộng đất và quyết định tiến hành cải cách ruộng đất Do Quốc hội thông qua Thông qua tháng 12-1953"", ""Quốc hội thông qua Luật Cải cách ruộng đất và quyết định tiến hành cải cách ruộng đất ảnh tư liệu"", ""Quốc hội thông qua Luật Cải cách ruộng đất và quyết định tiến hành cải cách ruộng đất chiến dịch""]",not_attempted,[],,,Needs manual trusted-source/image search.,False
154,cuoc-tien-cong-chien-luoc-dong-xuan-1953-1954,Cuộc Tiến công chiến lược Đông - Xuân 1953 - 1954,Đông - Xuân 1953 - 1954,"Cuộc Tiến công chiến lược Đông - Xuân 1953 - 1954 của quân dân Việt Nam đã làm phá sản bước đầu Kế hoạch Na-va, đồng thời chuẩn bị về vật chất và tinh thần để mở chiến dịch Điện Biên Phủ.",[],[],"[""Cuộc Tiến công chiến lược Đông - Xuân 1953 - 1954"", ""Cuộc Tiến công chiến lược Đông - Xuân 1953 - 1954 Đông - Xuân 1953 - 1954"", ""Cuộc Tiến công chiến lược Đông - Xuân 1953 - 1954 Cuộc kháng chiến chống thực dân Pháp"", ""Cuộc Tiến công chiến lược Đông - Xuân 1953 - 1954 Diễn ra trong Đông - Xuân 1953 - 1954 Chuẩn bị cho Chiến dịch Điện Biên Phủ"", ""Cuộc Tiến công chiến lược Đông - Xuân 1953 - 1954 ảnh tư liệu"", ""Cuộc Tiến công chiến lược Đông - Xuân 1953 - 1954 chiến dịch""]","[""btlsqsvn.org.vn"", ""qdnd.vn"", ""nhandan.vn"", ""vietnamplus.vn"", ""hochiminh.vn"", ""baotanglichsu.vn"", ""luutru.gov.vn"", ""loc.gov"", ""archives.gov""]","[""Cuộc Tiến công chiến lược Đông - Xuân 1953 - 1954"", ""Cuộc Tiến công chiến lược Đông - Xuân 1953 - 1954 Đông - Xuân 1953 - 1954"", ""Cuộc Tiến công chiến lược Đông - Xuân 1953 - 1954 Cuộc kháng chiến chống thực dân Pháp"", ""Cuộc Tiến công chiến lược Đông - Xuân 1953 - 1954 Diễn ra trong Đông - Xuân 1953 - 1954 Chuẩn bị cho Chiến dịch Điện Biên Phủ"", ""Cuộc Tiến công chiến lược Đông - Xuân 1953 - 1954 ảnh tư liệu"", ""Cuộc Tiến công chiến lược Đông - Xuân 1953 - 1954 chiến dịch""]",not_attempted,[],,,Needs manual trusted-source/image search.,False
155,cai-cach-ruong-dat-mien-bac,"Hoàn thành cải cách ruộng đất, khôi phục kinh tế ở miền Bắc",1954 - 1960,"Nhân dân miền Bắc hoàn thành cải cách ruộng đất, khôi phục kinh tế, hàn gắn vết thương chiến tranh và cải tạo quan hệ sản xuất, bước đầu phát triển kinh tế – xã hội.","[""miền Bắc""]",[],"[""Hoàn thành cải cách ruộng đất, khôi phục kinh tế ở miền Bắc"", ""Hoàn thành cải cách ruộng đất, khôi phục kinh tế ở miền Bắc 1954 - 1960"", ""Hoàn thành cải cách ruộng đất, khôi phục kinh tế ở miền Bắc miền Bắc"", ""Hoàn thành cải cách ruộng đất, khôi phục kinh tế ở miền Bắc Cải tạo quan hệ sản xuất Khôi phục kinh tế, hàn gắn vết thương chiến tranh"", ""Hoàn thành cải cách ruộng đất, khôi phục kinh tế ở miền Bắc ảnh tư liệu"", ""Hoàn thành cải cách ruộng đất, khôi phục kinh tế ở miền Bắc chiến dịch""]","[""btlsqsvn.org.vn"", ""qdnd.vn"", ""nhandan.vn"", ""vietnamplus.vn"", ""hochiminh.vn"", ""baotanglichsu.vn"", ""luutru.gov.vn"", ""loc.gov"", ""archives.gov""]","[""Hoàn thành cải cách ruộng đất, khôi phục kinh tế ở miền Bắc"", ""Hoàn thành cải cách ruộng đất, khôi phục kinh tế ở miền Bắc 1954 - 1960"", ""Hoàn thành cải cách ruộng đất, khôi phục kinh tế ở miền Bắc miền Bắc"", ""Hoàn thành cải cách ruộng đất, khôi phục kinh tế ở miền Bắc Cải tạo quan hệ sản xuất Khôi phục kinh tế, hàn gắn vết thương chiến tranh"", ""Hoàn thành cải cách ruộng đất, khôi phục kinh tế ở miền Bắc ảnh tư liệu"", ""Hoàn thành cải cách ruộng đất, khôi phục kinh tế ở miền Bắc chiến dịch""]",not_attempted,[],,,Needs manual trusted-source/image search.,False
156,chien-tranh-bao-ve-doc-lap-dan-toc-va-chu-quyen-quoc-gia-o-dong-duong,Chiến tranh bảo vệ độc lập dân tộc và chủ quyền quốc gia ở Đông Dương,1954 - 1975,"Từ năm 1954, sau khi Mỹ can thiệp vào Đông Dương, nhân dân ba nước Đông Dương (Việt Nam, Lào, Cam-pu-chia) phải tiếp tục tiến hành cuộc chiến tranh bảo vệ nền độc lập dân tộc và chủ quyền quốc gia.","[""Cam-pu-chia"", ""Lào"", ""Việt Nam"", ""Đông Dương""]",[],"[""Chiến tranh bảo vệ độc lập dân tộc và chủ quyền quốc gia ở Đông Dương"", ""Chiến tranh bảo vệ độc lập dân tộc và chủ quyền quốc gia ở Đông Dương 1954 - 1975"", ""Chiến tranh bảo vệ độc lập dân tộc và chủ quyền quốc gia ở Đông Dương Cam-pu-chia"", ""Chiến tranh bảo vệ độc lập dân tộc và chủ quyền quốc gia ở Đông Dương Diễn ra từ 1954 Là cuộc chiến đấu quyết liệt nhất"", ""Chiến tranh bảo vệ độc lập dân tộc và chủ quyền quốc gia ở Đông Dương ảnh tư liệu"", ""Chiến tranh bảo vệ độc lập dân tộc và chủ quyền quốc gia ở Đông Dương chiến dịch""]","[""btlsqsvn.org.vn"", ""qdnd.vn"", ""nhandan.vn"", ""vietnamplus.vn"", ""hochiminh.vn"", ""baotanglichsu.vn"", ""luutru.gov.vn"", ""loc.gov"", ""archives.gov""]","[""Chiến tranh bảo vệ độc lập dân tộc và chủ quyền quốc gia ở Đông Dương"", ""Chiến tranh bảo vệ độc lập dân tộc và chủ quyền quốc gia ở Đông Dương 1954 - 1975"", ""Chiến tranh bảo vệ độc lập dân tộc và chủ quyền quốc gia ở Đông Dương Cam-pu-chia"", ""Chiến tranh bảo vệ độc lập dân tộc và chủ quyền quốc gia ở Đông Dương Diễn ra từ 1954 Là cuộc chiến đấu quyết liệt nhất"", ""Chiến tranh bảo vệ độc lập dân tộc và chủ quyền quốc gia ở Đông Dương ảnh tư liệu"", ""Chiến tranh bảo vệ độc lập dân tộc và chủ quyền quốc gia ở Đông Dương chiến dịch""]",not_attempted,[],,,Needs manual trusted-source/image search.,False
157,giai-doan-khang-chien-chong-my-1954-1960,"Giai đoạn 1954 - 1960 của cuộc kháng chiến chống Mỹ, cứu nước",1954 - 1960,"Trong giai đoạn 1954-1960, miền Bắc hoàn thành cải cách ruộng đất, khôi phục kinh tế và cải tạo quan hệ sản xuất. Miền Nam đấu tranh chống Mỹ – chính quyền Ngô Đình Diệm, đòi thi hành Hiệp định Giơ-ne-vơ, bảo vệ hoà bình, giữ gìn và phát triển lực lượng cách mạng, tiến tới phong trào Đồng khởi.","[""miền Bắc"", ""miền Nam""]",[],"[""Giai đoạn 1954 - 1960 của cuộc kháng chiến chống Mỹ, cứu nước"", ""Giai đoạn 1954 - 1960 của cuộc kháng chiến chống Mỹ, cứu nước 1954 - 1960"", ""Giai đoạn 1954 - 1960 của cuộc kháng chiến chống Mỹ, cứu nước miền Bắc"", ""Giai đoạn 1954 - 1960 của cuộc kháng chiến chống Mỹ, cứu nước Hội nghị Trung ương 15 (1-1959) xác định con đường bạo lực cách mạng Miền Bắc hoàn thành cải cách ruộng đất, khôi phục kinh tế"", ""Giai đoạn 1954 - 1960 của cuộc kháng chiến chống Mỹ, cứu nước ảnh tư liệu"", ""Giai đoạn 1954 - 1960 của cuộc kháng chiến chống Mỹ, cứu nước chiến dịch""]","[""btlsqsvn.org.vn"", ""qdnd.vn"", ""nhandan.vn"", ""vietnamplus.vn"", ""hochiminh.vn"", ""baotanglichsu.vn"", ""luutru.gov.vn"", ""loc.gov"", ""archives.gov""]","[""Giai đoạn 1954 - 1960 của cuộc kháng chiến chống Mỹ, cứu nước"", ""Giai đoạn 1954 - 1960 của cuộc kháng chiến chống Mỹ, cứu nước 1954 - 1960"", ""Giai đoạn 1954 - 1960 của cuộc kháng chiến chống Mỹ, cứu nước miền Bắc"", ""Giai đoạn 1954 - 1960 của cuộc kháng chiến chống Mỹ, cứu nước Hội nghị Trung ương 15 (1-1959) xác định con đường bạo lực cách mạng Miền Bắc hoàn thành cải cách ruộng đất, khôi phục kinh tế"", ""Giai đoạn 1954 - 1960 của cuộc kháng chiến chống Mỹ, cứu nước ảnh tư liệu"", ""Giai đoạn 1954 - 1960 của cuộc kháng chiến chống Mỹ, cứu nước chiến dịch""]",not_attempted,[],,,Needs manual trusted-source/image search.,False
158,khang-chien-chong-my-cuu-nuoc,"Cuộc kháng chiến chống Mỹ, cứu nước",1954-1975,"Cuộc kháng chiến chống Mỹ, cứu nước diễn ra từ năm 1954 đến năm 1975, trải qua nhiều giai đoạn với sự tham gia của nhân dân hai miền Nam - Bắc, nhằm hoàn thành cách mạng dân tộc dân chủ nhân dân và thống nhất đất nước.","[""miền Bắc"", ""Đông Nam Á"", ""Việt Nam"", ""miền Nam""]",[],"[""Cuộc kháng chiến chống Mỹ, cứu nước"", ""Cuộc kháng chiến chống Mỹ, cứu nước 1954-1975"", ""Cuộc kháng chiến chống Mỹ, cứu nước miền Bắc"", ""Cuộc kháng chiến chống Mỹ, cứu nước Lãnh đạo kháng chiến Kết thúc 21 năm chống Mỹ, 30 năm chiến tranh cách mạng"", ""Cuộc kháng chiến chống Mỹ, cứu nước ảnh tư liệu"", ""Cuộc kháng chiến chống Mỹ, cứu nước chiến dịch""]","[""btlsqsvn.org.vn"", ""qdnd.vn"", ""nhandan.vn"", ""vietnamplus.vn"", ""hochiminh.vn"", ""baotanglichsu.vn"", ""luutru.gov.vn"", ""loc.gov"", ""archives.gov""]","[""Cuộc kháng chiến chống Mỹ, cứu nước"", ""Cuộc kháng chiến chống Mỹ, cứu nước 1954-1975"", ""Cuộc kháng chiến chống Mỹ, cứu nước miền Bắc"", ""Cuộc kháng chiến chống Mỹ, cứu nước Lãnh đạo kháng chiến Kết thúc 21 năm chống Mỹ, 30 năm chiến tranh cách mạng"", ""Cuộc kháng chiến chống Mỹ, cứu nước ảnh tư liệu"", ""Cuộc kháng chiến chống Mỹ, cứu nước chiến dịch""]",not_attempted,[],,,Needs manual trusted-source/image search.,False
159,mien-bac-viet-nam-giai-phong-xay-dung-cnxh,Miền Bắc Việt Nam được giải phóng và đi theo con đường xây dựng chủ nghĩa xã hội,1954,"Cuộc kháng chiến chống thực dân Pháp thắng lợi năm 1954, miền Bắc Việt Nam được giải phóng và đi theo con đường xây dựng chủ nghĩa xã hội.",[],[],"[""Miền Bắc Việt Nam được giải phóng và đi theo con đường xây dựng chủ nghĩa xã hội"", ""Miền Bắc Việt Nam được giải phóng và đi theo con đường xây dựng chủ nghĩa xã hội 1954"", ""Miền Bắc Việt Nam được giải phóng và đi theo con đường xây dựng chủ nghĩa xã hội Việt Nam từ năm 1945 đến năm 1954"", ""Miền Bắc Việt Nam được giải phóng và đi theo con đường xây dựng chủ nghĩa xã hội Sau thắng lợi kháng chiến chống Pháp Miền Bắc được giải phóng"", ""Miền Bắc Việt Nam được giải phóng và đi theo con đường xây dựng chủ nghĩa xã hội ảnh tư liệu"", ""Miền Bắc Việt Nam được giải phóng và đi theo con đường xây dựng chủ nghĩa xã hội chiến dịch""]","[""btlsqsvn.org.vn"", ""qdnd.vn"", ""nhandan.vn"", ""vietnamplus.vn"", ""hochiminh.vn"", ""baotanglichsu.vn"", ""luutru.gov.vn"", ""loc.gov"", ""archives.gov""]","[""Miền Bắc Việt Nam được giải phóng và đi theo con đường xây dựng chủ nghĩa xã hội"", ""Miền Bắc Việt Nam được giải phóng và đi theo con đường xây dựng chủ nghĩa xã hội 1954"", ""Miền Bắc Việt Nam được giải phóng và đi theo con đường xây dựng chủ nghĩa xã hội Việt Nam từ năm 1945 đến năm 1954"", ""Miền Bắc Việt Nam được giải phóng và đi theo con đường xây dựng chủ nghĩa xã hội Sau thắng lợi kháng chiến chống Pháp Miền Bắc được giải phóng"", ""Miền Bắc Việt Nam được giải phóng và đi theo con đường xây dựng chủ nghĩa xã hội ảnh tư liệu"", ""Miền Bắc Việt Nam được giải phóng và đi theo con đường xây dựng chủ nghĩa xã hội chiến dịch""]",not_attempted,[],,,Needs manual trusted-source/image search.,False
160,my-can-thiep-vao-dong-duong,Mỹ can thiệp vào Đông Dương,Từ năm 1954,"Từ năm 1954, Mỹ can thiệp vào Đông Dương, khiến nhân dân ba nước Đông Dương phải tiếp tục tiến hành cuộc chiến tranh bảo vệ nền độc lập dân tộc và chủ quyền quốc gia.","[""Đông Dương""]",[],"[""Mỹ can thiệp vào Đông Dương"", ""Mỹ can thiệp vào Đông Dương Từ năm 1954"", ""Mỹ can thiệp vào Đông Dương Đông Dương"", ""Mỹ can thiệp vào Đông Dương Dẫn đến cuộc chiến tranh bảo vệ độc lập dân tộc và chủ quyền quốc gia Bắt đầu từ năm 1954"", ""Mỹ can thiệp vào Đông Dương ảnh tư liệu"", ""Mỹ can thiệp vào Đông Dương chiến dịch""]","[""btlsqsvn.org.vn"", ""qdnd.vn"", ""nhandan.vn"", ""vietnamplus.vn"", ""hochiminh.vn"", ""baotanglichsu.vn"", ""luutru.gov.vn"", ""loc.gov"", ""archives.gov""]","[""Mỹ can thiệp vào Đông Dương"", ""Mỹ can thiệp vào Đông Dương Từ năm 1954"", ""Mỹ can thiệp vào Đông Dương Đông Dương"", ""Mỹ can thiệp vào Đông Dương Dẫn đến cuộc chiến tranh bảo vệ độc lập dân tộc và chủ quyền quốc gia Bắt đầu từ năm 1954"", ""Mỹ can thiệp vào Đông Dương ảnh tư liệu"", ""Mỹ can thiệp vào Đông Dương chiến dịch""]",not_attempted,[],,,Needs manual trusted-source/image search.,False
161,my-thay-chan-phap-dung-chinh-quyen-ngo-dinh-diem,"Mỹ thay chân Pháp, dựng chính quyền Ngô Đình Diệm",Sau Hiệp định Giơ-ne-vơ (1954),"Ngay sau Hiệp định Giơ-ne-vơ, Mỹ thay chân Pháp, dựng lên chính quyền tay sai đứng đầu là Ngô Đình Diệm (chính quyền Sài Gòn) ở miền Nam Việt Nam.","[""Đông Nam Á""]",[],"[""Mỹ thay chân Pháp, dựng chính quyền Ngô Đình Diệm"", ""Mỹ thay chân Pháp, dựng chính quyền Ngô Đình Diệm Sau Hiệp định Giơ-ne-vơ (1954)"", ""Mỹ thay chân Pháp, dựng chính quyền Ngô Đình Diệm Đông Nam Á"", ""Mỹ thay chân Pháp, dựng chính quyền Ngô Đình Diệm Mỹ thay chân Pháp Dựng chính quyền tay sai Ngô Đình Diệm"", ""Mỹ thay chân Pháp, dựng chính quyền Ngô Đình Diệm ảnh tư liệu"", ""Mỹ thay chân Pháp, dựng chính quyền Ngô Đình Diệm chiến dịch""]","[""btlsqsvn.org.vn"", ""qdnd.vn"", ""nhandan.vn"", ""vietnamplus.vn"", ""hochiminh.vn"", ""baotanglichsu.vn"", ""luutru.gov.vn"", ""loc.gov"", ""archives.gov""]","[""Mỹ thay chân Pháp, dựng chính quyền Ngô Đình Diệm"", ""Mỹ thay chân Pháp, dựng chính quyền Ngô Đình Diệm Sau Hiệp định Giơ-ne-vơ (1954)"", ""Mỹ thay chân Pháp, dựng chính quyền Ngô Đình Diệm Đông Nam Á"", ""Mỹ thay chân Pháp, dựng chính quyền Ngô Đình Diệm Mỹ thay chân Pháp Dựng chính quyền tay sai Ngô Đình Diệm"", ""Mỹ thay chân Pháp, dựng chính quyền Ngô Đình Diệm ảnh tư liệu"", ""Mỹ thay chân Pháp, dựng chính quyền Ngô Đình Diệm chiến dịch""]",not_attempted,[],,,Needs manual trusted-source/image search.,False
162,quan-li-hanh-chinh-chinh-quyen-sai-gon-hoang-sa-truong-sa,Quản lí hành chính của chính quyền Sài Gòn đối với quần đảo Hoàng Sa và quần đảo Trường Sa,Từ năm 1954 đến năm 1975,"Từ năm 1954 đến năm 1975, hai quần đảo được đặt dưới sự quản lí hành chính của chính quyền Sài Gòn. Chính quyền Sài Gòn đã liên tục thực thi chủ quyền của Việt Nam ở quần đảo Hoàng Sa và quần đảo Trường Sa thông qua việc ban hành các văn bản hành chính nhà nước, cử quân đồn trú, dựng bia chủ quyền, treo cờ trên các đảo chính. Về mặt hành chính, quần đảo Hoàng Sa thuộc tỉnh Quảng Nam và quần đảo Trường Sa thuộc tỉnh Phước Tuy (tỉnh Bà Rịa - Vũng Tàu ngày nay).",[],[],"[""Quản lí hành chính của chính quyền Sài Gòn đối với quần đảo Hoàng Sa và quần đảo Trường Sa"", ""Quản lí hành chính của chính quyền Sài Gòn đối với quần đảo Hoàng Sa và quần đảo Trường Sa Từ năm 1954 đến năm 1975"", ""Quản lí hành chính của chính quyền Sài Gòn đối với quần đảo Hoàng Sa và quần đảo Trường Sa Chủ quyền biển đảo Việt Nam 1954-1975"", ""Quản lí hành chính của chính quyền Sài Gòn đối với quần đảo Hoàng Sa và quần đảo Trường Sa Hoàng Sa thuộc Quảng Nam, Trường Sa thuộc Phước Tuy Diễn ra từ 1954 đến 1975"", ""Quản lí hành chính của chính quyền Sài Gòn đối với quần đảo Hoàng Sa và quần đảo Trường Sa bản đồ"", ""Quản lí hành chính của chính quyền Sài Gòn đối với quần đảo Hoàng Sa và quần đảo Trường Sa hải đồ""]","[""mofa.gov.vn"", ""biengioilanhtho.gov.vn"", ""mod.gov.vn"", ""qdnd.vn"", ""chinhphu.vn"", ""vietnamplus.vn"", ""luutru.gov.vn""]","[""Quản lí hành chính của chính quyền Sài Gòn đối với quần đảo Hoàng Sa và quần đảo Trường Sa"", ""Quản lí hành chính của chính quyền Sài Gòn đối với quần đảo Hoàng Sa và quần đảo Trường Sa Từ năm 1954 đến năm 1975"", ""Quản lí hành chính của chính quyền Sài Gòn đối với quần đảo Hoàng Sa và quần đảo Trường Sa Chủ quyền biển đảo Việt Nam 1954-1975"", ""Quản lí hành chính của chính quyền Sài Gòn đối với quần đảo Hoàng Sa và quần đảo Trường Sa Hoàng Sa thuộc Quảng Nam, Trường Sa thuộc Phước Tuy Diễn ra từ 1954 đến 1975"", ""Quản lí hành chính của chính quyền Sài Gòn đối với quần đảo Hoàng Sa và quần đảo Trường Sa bản đồ"", ""Quản lí hành chính của chính quyền Sài Gòn đối với quần đảo Hoàng Sa và quần đảo Trường Sa hải đồ""]",not_attempted,[],,,Needs manual trusted-source/image search.,False
163,viet-nam-tam-thoi-bi-chia-cat-hai-mien,Việt Nam tạm thời bị chia cắt làm hai miền,Sau Hiệp định Giơ-ne-vơ (1954),"Việt Nam tạm thời bị chia cắt làm hai miền: miền Bắc được hoàn toàn giải phóng, tiến lên xây dựng chủ nghĩa xã hội, miền Nam phải tiếp tục cuộc cách mạng dân tộc dân chủ nhân dân, thực hiện hoà bình, thống nhất nước nhà.","[""miền Bắc"", ""Việt Nam"", ""miền Nam""]",[],"[""Việt Nam tạm thời bị chia cắt làm hai miền"", ""Việt Nam tạm thời bị chia cắt làm hai miền Sau Hiệp định Giơ-ne-vơ (1954)"", ""Việt Nam tạm thời bị chia cắt làm hai miền miền Bắc"", ""Việt Nam tạm thời bị chia cắt làm hai miền Miền Bắc hoàn toàn giải phóng, xây dựng chủ nghĩa xã hội Miền Nam tiếp tục cách mạng dân tộc dân chủ nhân dân"", ""Việt Nam tạm thời bị chia cắt làm hai miền ảnh tư liệu"", ""Việt Nam tạm thời bị chia cắt làm hai miền chiến dịch""]","[""btlsqsvn.org.vn"", ""qdnd.vn"", ""nhandan.vn"", ""vietnamplus.vn"", ""hochiminh.vn"", ""baotanglichsu.vn"", ""luutru.gov.vn"", ""loc.gov"", ""archives.gov""]","[""Việt Nam tạm thời bị chia cắt làm hai miền"", ""Việt Nam tạm thời bị chia cắt làm hai miền Sau Hiệp định Giơ-ne-vơ (1954)"", ""Việt Nam tạm thời bị chia cắt làm hai miền miền Bắc"", ""Việt Nam tạm thời bị chia cắt làm hai miền Miền Bắc hoàn toàn giải phóng, xây dựng chủ nghĩa xã hội Miền Nam tiếp tục cách mạng dân tộc dân chủ nhân dân"", ""Việt Nam tạm thời bị chia cắt làm hai miền ảnh tư liệu"", ""Việt Nam tạm thời bị chia cắt làm hai miền chiến dịch""]",not_attempted,[],,,Needs manual trusted-source/image search.,False
164,lien-xo-vien-tro-cho-viet-nam,Liên Xô viện trợ cho Việt Nam,1955 - 1975,"Trong những năm 1955 - 1975, Liên Xô viện trợ về kinh tế – kĩ thuật cho Việt Nam trị giá khoảng 2,1 tỉ rúp và nhiều vũ khí, phương tiện quân sự,... phục vụ cho công cuộc xây dựng chủ nghĩa xã hội ở miền Bắc và chi viện cho chiến trường miền Nam.","[""miền Bắc"", ""Liên Xô"", ""Việt Nam"", ""miền Nam""]",[],"[""Liên Xô viện trợ cho Việt Nam"", ""Liên Xô viện trợ cho Việt Nam 1955 - 1975"", ""Liên Xô viện trợ cho Việt Nam miền Bắc"", ""Liên Xô viện trợ cho Việt Nam Diễn ra từ 1955-1975 Viện trợ nhiều vũ khí, phương tiện quân sự"", ""Liên Xô viện trợ cho Việt Nam ảnh tư liệu"", ""Liên Xô viện trợ cho Việt Nam chiến dịch""]","[""btlsqsvn.org.vn"", ""qdnd.vn"", ""nhandan.vn"", ""vietnamplus.vn"", ""hochiminh.vn"", ""baotanglichsu.vn"", ""luutru.gov.vn"", ""loc.gov"", ""archives.gov""]","[""Liên Xô viện trợ cho Việt Nam"", ""Liên Xô viện trợ cho Việt Nam 1955 - 1975"", ""Liên Xô viện trợ cho Việt Nam miền Bắc"", ""Liên Xô viện trợ cho Việt Nam Diễn ra từ 1955-1975 Viện trợ nhiều vũ khí, phương tiện quân sự"", ""Liên Xô viện trợ cho Việt Nam ảnh tư liệu"", ""Liên Xô viện trợ cho Việt Nam chiến dịch""]",not_attempted,[],,,Needs manual trusted-source/image search.,False
165,ho-chi-minh-chu-tich-tong-bi-thu-dang-lao-dong-1956,"Chủ tịch Hồ Chí Minh là Chủ tịch Đảng, kiêm Tổng Bí thư Đảng Lao động Việt Nam",Tháng 10 – 1956,"Tháng 10 – 1956, Chủ tịch Hồ Chí Minh là Chủ tịch Đảng, kiêm Tổng Bí thư Đảng Lao động Việt Nam.",[],[],"[""Chủ tịch Hồ Chí Minh là Chủ tịch Đảng, kiêm Tổng Bí thư Đảng Lao động Việt Nam"", ""Chủ tịch Hồ Chí Minh là Chủ tịch Đảng, kiêm Tổng Bí thư Đảng Lao động Việt Nam Tháng 10 – 1956"", ""Chủ tịch Hồ Chí Minh là Chủ tịch Đảng, kiêm Tổng Bí thư Đảng Lao động Việt Nam Việt Nam từ năm 1954 đến năm 1975"", ""Chủ tịch Hồ Chí Minh là Chủ tịch Đảng, kiêm Tổng Bí thư Đảng Lao động Việt Nam Giữ chức Chủ tịch Đảng Kiêm Tổng Bí thư Đảng Lao động Việt Nam"", ""Chủ tịch Hồ Chí Minh là Chủ tịch Đảng, kiêm Tổng Bí thư Đảng Lao động Việt Nam ảnh tư liệu"", ""Chủ tịch Hồ Chí Minh là Chủ tịch Đảng, kiêm Tổng Bí thư Đảng Lao động Việt Nam chiến dịch""]","[""btlsqsvn.org.vn"", ""qdnd.vn"", ""nhandan.vn"", ""vietnamplus.vn"", ""hochiminh.vn"", ""baotanglichsu.vn"", ""luutru.gov.vn"", ""loc.gov"", ""archives.gov""]","[""Chủ tịch Hồ Chí Minh là Chủ tịch Đảng, kiêm Tổng Bí thư Đảng Lao động Việt Nam"", ""Chủ tịch Hồ Chí Minh là Chủ tịch Đảng, kiêm Tổng Bí thư Đảng Lao động Việt Nam Tháng 10 – 1956"", ""Chủ tịch Hồ Chí Minh là Chủ tịch Đảng, kiêm Tổng Bí thư Đảng Lao động Việt Nam Việt Nam từ năm 1954 đến năm 1975"", ""Chủ tịch Hồ Chí Minh là Chủ tịch Đảng, kiêm Tổng Bí thư Đảng Lao động Việt Nam Giữ chức Chủ tịch Đảng Kiêm Tổng Bí thư Đảng Lao động Việt Nam"", ""Chủ tịch Hồ Chí Minh là Chủ tịch Đảng, kiêm Tổng Bí thư Đảng Lao động Việt Nam ảnh tư liệu"", ""Chủ tịch Hồ Chí Minh là Chủ tịch Đảng, kiêm Tổng Bí thư Đảng Lao động Việt Nam chiến dịch""]",not_attempted,[],,,Needs manual trusted-source/image search.,False
166,dai-loan-chiem-dong-dao-ba-binh-truong-sa,Đài Loan chiếm đóng đảo Ba Bình thuộc quần đảo Trường Sa,Năm 1956,"Đài Loan - Năm 1956, chiếm đóng đảo Ba Bình thuộc quần đảo Trường Sa.","[""đảo Ba Bình"", ""quần đảo Trường Sa""]",[],"[""Đài Loan chiếm đóng đảo Ba Bình thuộc quần đảo Trường Sa"", ""Đài Loan chiếm đóng đảo Ba Bình thuộc quần đảo Trường Sa Năm 1956"", ""Đài Loan chiếm đóng đảo Ba Bình thuộc quần đảo Trường Sa đảo Ba Bình"", ""Đài Loan chiếm đóng đảo Ba Bình thuộc quần đảo Trường Sa Đối tượng: đảo Ba Bình thuộc quần đảo Trường Sa Diễn ra năm 1956"", ""Đài Loan chiếm đóng đảo Ba Bình thuộc quần đảo Trường Sa bản đồ"", ""Đài Loan chiếm đóng đảo Ba Bình thuộc quần đảo Trường Sa hải đồ""]","[""mofa.gov.vn"", ""biengioilanhtho.gov.vn"", ""mod.gov.vn"", ""qdnd.vn"", ""chinhphu.vn"", ""vietnamplus.vn"", ""luutru.gov.vn""]","[""Đài Loan chiếm đóng đảo Ba Bình thuộc quần đảo Trường Sa"", ""Đài Loan chiếm đóng đảo Ba Bình thuộc quần đảo Trường Sa Năm 1956"", ""Đài Loan chiếm đóng đảo Ba Bình thuộc quần đảo Trường Sa đảo Ba Bình"", ""Đài Loan chiếm đóng đảo Ba Bình thuộc quần đảo Trường Sa Đối tượng: đảo Ba Bình thuộc quần đảo Trường Sa Diễn ra năm 1956"", ""Đài Loan chiếm đóng đảo Ba Bình thuộc quần đảo Trường Sa bản đồ"", ""Đài Loan chiếm đóng đảo Ba Bình thuộc quần đảo Trường Sa hải đồ""]",not_attempted,[],,,Needs manual trusted-source/image search.,False
167,philippin-tuyen-bo-quyen-khai-thac-lap-nghiep-truong-sa,"Phi-líp-pin tuyên bố có quyền khai thác, lập nghiệp tại nhóm đảo Trường Sa",Năm 1956,"Phi-líp-pin - Năm 1956, tuyên bố có quyền khai thác, lập nghiệp tại nhóm đảo Trường Sa.","[""nhóm đảo Trường Sa""]",[],"[""Phi-líp-pin tuyên bố có quyền khai thác, lập nghiệp tại nhóm đảo Trường Sa"", ""Phi-líp-pin tuyên bố có quyền khai thác, lập nghiệp tại nhóm đảo Trường Sa Năm 1956"", ""Phi-líp-pin tuyên bố có quyền khai thác, lập nghiệp tại nhóm đảo Trường Sa nhóm đảo Trường Sa"", ""Phi-líp-pin tuyên bố có quyền khai thác, lập nghiệp tại nhóm đảo Trường Sa Chủ thể: Phi-líp-pin Nội dung: tuyên bố quyền khai thác, lập nghiệp tại nhóm đảo Trường Sa"", ""Phi-líp-pin tuyên bố có quyền khai thác, lập nghiệp tại nhóm đảo Trường Sa bản đồ"", ""Phi-líp-pin tuyên bố có quyền khai thác, lập nghiệp tại nhóm đảo Trường Sa hải đồ""]","[""mofa.gov.vn"", ""biengioilanhtho.gov.vn"", ""mod.gov.vn"", ""qdnd.vn"", ""chinhphu.vn"", ""vietnamplus.vn"", ""luutru.gov.vn""]","[""Phi-líp-pin tuyên bố có quyền khai thác, lập nghiệp tại nhóm đảo Trường Sa"", ""Phi-líp-pin tuyên bố có quyền khai thác, lập nghiệp tại nhóm đảo Trường Sa Năm 1956"", ""Phi-líp-pin tuyên bố có quyền khai thác, lập nghiệp tại nhóm đảo Trường Sa nhóm đảo Trường Sa"", ""Phi-líp-pin tuyên bố có quyền khai thác, lập nghiệp tại nhóm đảo Trường Sa Chủ thể: Phi-líp-pin Nội dung: tuyên bố quyền khai thác, lập nghiệp tại nhóm đảo Trường Sa"", ""Phi-líp-pin tuyên bố có quyền khai thác, lập nghiệp tại nhóm đảo Trường Sa bản đồ"", ""Phi-líp-pin tuyên bố có quyền khai thác, lập nghiệp tại nhóm đảo Trường Sa hải đồ""]",not_attempted,[],,,Needs manual trusted-source/image search.,False
168,viet-nam-danh-chiem-nua-phia-dong-hoang-sa,Việt Nam (chính quyền Sài Gòn) đánh chiếm nửa phía đông của quần đảo Hoàng Sa (nhóm An Vĩnh),Năm 1956,Việt Nam - Năm 1956: đánh chiếm nửa phía đông của quần đảo Hoàng Sa (nhóm An Vĩnh).,[],[],"[""Việt Nam (chính quyền Sài Gòn) đánh chiếm nửa phía đông của quần đảo Hoàng Sa (nhóm An Vĩnh)"", ""Việt Nam (chính quyền Sài Gòn) đánh chiếm nửa phía đông của quần đảo Hoàng Sa (nhóm An Vĩnh) Năm 1956"", ""Việt Nam (chính quyền Sài Gòn) đánh chiếm nửa phía đông của quần đảo Hoàng Sa (nhóm An Vĩnh) Chủ quyền biển đảo Việt Nam 1954-1975"", ""Việt Nam (chính quyền Sài Gòn) đánh chiếm nửa phía đông của quần đảo Hoàng Sa (nhóm An Vĩnh) Đối tượng: nửa phía đông của quần đảo Hoàng Sa (nhóm An Vĩnh) Diễn ra năm 1956"", ""Việt Nam (chính quyền Sài Gòn) đánh chiếm nửa phía đông của quần đảo Hoàng Sa (nhóm An Vĩnh) bản đồ"", ""Việt Nam (chính quyền Sài Gòn) đánh chiếm nửa phía đông của quần đảo Hoàng Sa (nhóm An Vĩnh) hải đồ""]","[""mofa.gov.vn"", ""biengioilanhtho.gov.vn"", ""mod.gov.vn"", ""qdnd.vn"", ""chinhphu.vn"", ""vietnamplus.vn"", ""luutru.gov.vn""]","[""Việt Nam (chính quyền Sài Gòn) đánh chiếm nửa phía đông của quần đảo Hoàng Sa (nhóm An Vĩnh)"", ""Việt Nam (chính quyền Sài Gòn) đánh chiếm nửa phía đông của quần đảo Hoàng Sa (nhóm An Vĩnh) Năm 1956"", ""Việt Nam (chính quyền Sài Gòn) đánh chiếm nửa phía đông của quần đảo Hoàng Sa (nhóm An Vĩnh) Chủ quyền biển đảo Việt Nam 1954-1975"", ""Việt Nam (chính quyền Sài Gòn) đánh chiếm nửa phía đông của quần đảo Hoàng Sa (nhóm An Vĩnh) Đối tượng: nửa phía đông của quần đảo Hoàng Sa (nhóm An Vĩnh) Diễn ra năm 1956"", ""Việt Nam (chính quyền Sài Gòn) đánh chiếm nửa phía đông của quần đảo Hoàng Sa (nhóm An Vĩnh) bản đồ"", ""Việt Nam (chính quyền Sài Gòn) đánh chiếm nửa phía đông của quần đảo Hoàng Sa (nhóm An Vĩnh) hải đồ""]",not_attempted,[],,,Needs manual trusted-source/image search.,False
169,hoi-nghi-ban-chap-hanh-trung-uong-lan-thu-15-dang-lao-dong-viet-nam,Hội nghị Ban Chấp hành Trung ương lần thứ 15 của Đảng Lao động Việt Nam,Tháng 1 – 1959,"Tháng 1 – 1959, Hội nghị Ban Chấp hành Trung ương lần thứ 15 của Đảng Lao động Việt Nam khẳng định: ngoài con đường sử dụng bạo lực cách mạng, nhân dân miền Nam không còn con đường nào khác. Nghị quyết đã thổi bùng lên phong trào Đồng khởi (1959 – 1960).","[""miền Nam""]",[],"[""Hội nghị Ban Chấp hành Trung ương lần thứ 15 của Đảng Lao động Việt Nam"", ""Hội nghị Ban Chấp hành Trung ương lần thứ 15 của Đảng Lao động Việt Nam Tháng 1 – 1959"", ""Hội nghị Ban Chấp hành Trung ương lần thứ 15 của Đảng Lao động Việt Nam miền Nam"", ""Hội nghị Ban Chấp hành Trung ương lần thứ 15 của Đảng Lao động Việt Nam Diễn ra tháng 1-1959 Khẳng định con đường sử dụng bạo lực cách mạng ở miền Nam"", ""Hội nghị Ban Chấp hành Trung ương lần thứ 15 của Đảng Lao động Việt Nam ảnh tư liệu"", ""Hội nghị Ban Chấp hành Trung ương lần thứ 15 của Đảng Lao động Việt Nam chiến dịch""]","[""btlsqsvn.org.vn"", ""qdnd.vn"", ""nhandan.vn"", ""vietnamplus.vn"", ""hochiminh.vn"", ""baotanglichsu.vn"", ""luutru.gov.vn"", ""loc.gov"", ""archives.gov""]","[""Hội nghị Ban Chấp hành Trung ương lần thứ 15 của Đảng Lao động Việt Nam"", ""Hội nghị Ban Chấp hành Trung ương lần thứ 15 của Đảng Lao động Việt Nam Tháng 1 – 1959"", ""Hội nghị Ban Chấp hành Trung ương lần thứ 15 của Đảng Lao động Việt Nam miền Nam"", ""Hội nghị Ban Chấp hành Trung ương lần thứ 15 của Đảng Lao động Việt Nam Diễn ra tháng 1-1959 Khẳng định con đường sử dụng bạo lực cách mạng ở miền Nam"", ""Hội nghị Ban Chấp hành Trung ương lần thứ 15 của Đảng Lao động Việt Nam ảnh tư liệu"", ""Hội nghị Ban Chấp hành Trung ương lần thứ 15 của Đảng Lao động Việt Nam chiến dịch""]",not_attempted,[],,,Needs manual trusted-source/image search.,False
170,dai-hoi-dai-bieu-toan-quoc-lan-thu-iii-dang-lao-dong-viet-nam,Đại hội đại biểu toàn quốc lần thứ III Đảng Lao động Việt Nam,Tháng 9 – 1960,"Đại hội đại biểu toàn quốc lần thứ III Đảng Lao động Việt Nam (9 – 1960) được tổ chức tại Hà Nội. Đại hội đã xác định nhiệm vụ chiến lược của cách mạng cả nước, vai trò, vị trí của cách mạng từng miền và mối quan hệ giữa cách mạng hai miền.",[],[],"[""Đại hội đại biểu toàn quốc lần thứ III Đảng Lao động Việt Nam"", ""Đại hội đại biểu toàn quốc lần thứ III Đảng Lao động Việt Nam Tháng 9 – 1960"", ""Đại hội đại biểu toàn quốc lần thứ III Đảng Lao động Việt Nam Việt Nam từ năm 1954 đến năm 1975"", ""Đại hội đại biểu toàn quốc lần thứ III Đảng Lao động Việt Nam Xác định vai trò, vị trí và mối quan hệ giữa cách mạng hai miền Tổ chức tại Hà Nội tháng 9-1960"", ""Đại hội đại biểu toàn quốc lần thứ III Đảng Lao động Việt Nam ảnh tư liệu"", ""Đại hội đại biểu toàn quốc lần thứ III Đảng Lao động Việt Nam chiến dịch""]","[""btlsqsvn.org.vn"", ""qdnd.vn"", ""nhandan.vn"", ""vietnamplus.vn"", ""hochiminh.vn"", ""baotanglichsu.vn"", ""luutru.gov.vn"", ""loc.gov"", ""archives.gov""]","[""Đại hội đại biểu toàn quốc lần thứ III Đảng Lao động Việt Nam"", ""Đại hội đại biểu toàn quốc lần thứ III Đảng Lao động Việt Nam Tháng 9 – 1960"", ""Đại hội đại biểu toàn quốc lần thứ III Đảng Lao động Việt Nam Việt Nam từ năm 1954 đến năm 1975"", ""Đại hội đại biểu toàn quốc lần thứ III Đảng Lao động Việt Nam Xác định vai trò, vị trí và mối quan hệ giữa cách mạng hai miền Tổ chức tại Hà Nội tháng 9-1960"", ""Đại hội đại biểu toàn quốc lần thứ III Đảng Lao động Việt Nam ảnh tư liệu"", ""Đại hội đại biểu toàn quốc lần thứ III Đảng Lao động Việt Nam chiến dịch""]",not_attempted,[],,,Needs manual trusted-source/image search.,False
171,thanh-lap-mat-tran-dan-toc-giai-phong-mien-nam-viet-nam,Thành lập Mặt trận Dân tộc giải phóng miền Nam Việt Nam,20 – 12 – 1960,"Thắng lợi của phong trào Đồng khởi đã giáng đòn nặng nề vào chính sách thực dân mới của Mỹ, làm lung lay chính quyền Ngô Đình Diệm. Thắng lợi này đồng thời đánh dấu bước phát triển nhảy vọt của cách mạng miền Nam, chuyển từ thế giữ gìn lực lượng sang thế tiến công, mở ra vùng giải phóng rộng lớn, đưa đến việc thành lập Mặt trận Dân tộc giải phóng miền Nam Việt Nam (20 – 12 – 1960), thúc đẩy lực lượng vũ trang cách mạng phát triển.",[],[],"[""Thành lập Mặt trận Dân tộc giải phóng miền Nam Việt Nam"", ""Thành lập Mặt trận Dân tộc giải phóng miền Nam Việt Nam 20 – 12 – 1960"", ""Thành lập Mặt trận Dân tộc giải phóng miền Nam Việt Nam Việt Nam từ năm 1954 đến năm 1975"", ""Thành lập Mặt trận Dân tộc giải phóng miền Nam Việt Nam Thành lập ngày 20-12-1960 Là kết quả của phong trào Đồng khởi"", ""Thành lập Mặt trận Dân tộc giải phóng miền Nam Việt Nam ảnh tư liệu"", ""Thành lập Mặt trận Dân tộc giải phóng miền Nam Việt Nam chiến dịch""]","[""btlsqsvn.org.vn"", ""qdnd.vn"", ""nhandan.vn"", ""vietnamplus.vn"", ""hochiminh.vn"", ""baotanglichsu.vn"", ""luutru.gov.vn"", ""loc.gov"", ""archives.gov""]","[""Thành lập Mặt trận Dân tộc giải phóng miền Nam Việt Nam"", ""Thành lập Mặt trận Dân tộc giải phóng miền Nam Việt Nam 20 – 12 – 1960"", ""Thành lập Mặt trận Dân tộc giải phóng miền Nam Việt Nam Việt Nam từ năm 1954 đến năm 1975"", ""Thành lập Mặt trận Dân tộc giải phóng miền Nam Việt Nam Thành lập ngày 20-12-1960 Là kết quả của phong trào Đồng khởi"", ""Thành lập Mặt trận Dân tộc giải phóng miền Nam Việt Nam ảnh tư liệu"", ""Thành lập Mặt trận Dân tộc giải phóng miền Nam Việt Nam chiến dịch""]",not_attempted,[],,,Needs manual trusted-source/image search.,False
172,thanh-lap-quan-giai-phong-mien-nam,Thành lập Quân Giải phóng miền Nam,Ngày 15 – 2 – 1961,"Để đáp ứng yêu cầu của cuộc kháng chiến, ngày 15 – 2 – 1961, các lực lượng vũ trang cách mạng thống nhất thành Quân Giải phóng miền Nam.","[""miền Nam""]",[],"[""Thành lập Quân Giải phóng miền Nam"", ""Thành lập Quân Giải phóng miền Nam Ngày 15 – 2 – 1961"", ""Thành lập Quân Giải phóng miền Nam miền Nam"", ""Thành lập Quân Giải phóng miền Nam Thống nhất các lực lượng vũ trang cách mạng Thành lập ngày 15-2-1961"", ""Thành lập Quân Giải phóng miền Nam ảnh tư liệu"", ""Thành lập Quân Giải phóng miền Nam chiến dịch""]","[""btlsqsvn.org.vn"", ""qdnd.vn"", ""nhandan.vn"", ""vietnamplus.vn"", ""hochiminh.vn"", ""baotanglichsu.vn"", ""luutru.gov.vn"", ""loc.gov"", ""archives.gov""]","[""Thành lập Quân Giải phóng miền Nam"", ""Thành lập Quân Giải phóng miền Nam Ngày 15 – 2 – 1961"", ""Thành lập Quân Giải phóng miền Nam miền Nam"", ""Thành lập Quân Giải phóng miền Nam Thống nhất các lực lượng vũ trang cách mạng Thành lập ngày 15-2-1961"", ""Thành lập Quân Giải phóng miền Nam ảnh tư liệu"", ""Thành lập Quân Giải phóng miền Nam chiến dịch""]",not_attempted,[],,,Needs manual trusted-source/image search.,False
173,chu-tich-ho-chi-minh-tham-quan-cang-bai-chay-1961,Chủ tịch Hồ Chí Minh thăm Quân cảng Bãi Cháy và căn dặn về bảo vệ biển,Năm 1961,"Trong dịp tới thăm Bộ đội Hải quân tại Quân cảng Bãi Cháy (năm 1961), Chủ tịch Hồ Chí Minh đã căn dặn: “Ngày trước ta chỉ có đêm và rừng. Ngày nay ta có ngày, có trời, có biển. Bờ biển ta dài, tươi đẹp, ta phải biết giữ gìn lấy nó"".",[],[],"[""Chủ tịch Hồ Chí Minh thăm Quân cảng Bãi Cháy và căn dặn về bảo vệ biển"", ""Chủ tịch Hồ Chí Minh thăm Quân cảng Bãi Cháy và căn dặn về bảo vệ biển Năm 1961"", ""Chủ tịch Hồ Chí Minh thăm Quân cảng Bãi Cháy và căn dặn về bảo vệ biển Việt Nam từ năm 1954 đến năm 1975"", ""Chủ tịch Hồ Chí Minh thăm Quân cảng Bãi Cháy và căn dặn về bảo vệ biển Căn dặn về giữ gìn và bảo vệ biển Chủ tịch Hồ Chí Minh thăm Quân cảng Bãi Cháy"", ""Chủ tịch Hồ Chí Minh thăm Quân cảng Bãi Cháy và căn dặn về bảo vệ biển ảnh tư liệu"", ""Chủ tịch Hồ Chí Minh thăm Quân cảng Bãi Cháy và căn dặn về bảo vệ biển chiến dịch""]","[""btlsqsvn.org.vn"", ""qdnd.vn"", ""nhandan.vn"", ""vietnamplus.vn"", ""hochiminh.vn"", ""baotanglichsu.vn"", ""luutru.gov.vn"", ""loc.gov"", ""archives.gov""]","[""Chủ tịch Hồ Chí Minh thăm Quân cảng Bãi Cháy và căn dặn về bảo vệ biển"", ""Chủ tịch Hồ Chí Minh thăm Quân cảng Bãi Cháy và căn dặn về bảo vệ biển Năm 1961"", ""Chủ tịch Hồ Chí Minh thăm Quân cảng Bãi Cháy và căn dặn về bảo vệ biển Việt Nam từ năm 1954 đến năm 1975"", ""Chủ tịch Hồ Chí Minh thăm Quân cảng Bãi Cháy và căn dặn về bảo vệ biển Căn dặn về giữ gìn và bảo vệ biển Chủ tịch Hồ Chí Minh thăm Quân cảng Bãi Cháy"", ""Chủ tịch Hồ Chí Minh thăm Quân cảng Bãi Cháy và căn dặn về bảo vệ biển ảnh tư liệu"", ""Chủ tịch Hồ Chí Minh thăm Quân cảng Bãi Cháy và căn dặn về bảo vệ biển chiến dịch""]",not_attempted,[],,,Needs manual trusted-source/image search.,False
174,ke-hoach-nha-nuoc-5-nam-lan-thu-nhat-mien-bac,Kế hoạch Nhà nước 5 năm lần thứ nhất (1961-1965) ở miền Bắc,1961 - 1965,"Nhân dân miền Bắc tiến hành kế hoạch Nhà nước 5 năm lần thứ nhất (1961 - 1965) với trọng tâm là xây dựng chủ nghĩa xã hội. Nhiệm vụ cơ bản là ra sức phát triển công nghiệp, nông nghiệp, củng cố và tăng cường thành phần kinh tế quốc doanh, cải thiện đời sống vật chất và văn hoá của nhân dân,... Những thành tựu đạt được làm thay đổi bộ mặt xã hội miền Bắc. Miền Bắc còn làm nghĩa vụ hậu phương lớn chi viện cho tiền tuyến miền Nam.","[""miền Bắc"", ""miền Nam""]",[],"[""Kế hoạch Nhà nước 5 năm lần thứ nhất (1961-1965) ở miền Bắc"", ""Kế hoạch Nhà nước 5 năm lần thứ nhất (1961-1965) ở miền Bắc 1961 - 1965"", ""Kế hoạch Nhà nước 5 năm lần thứ nhất (1961-1965) ở miền Bắc miền Bắc"", ""Kế hoạch Nhà nước 5 năm lần thứ nhất (1961-1965) ở miền Bắc Củng cố kinh tế quốc doanh Chi viện cho miền Nam khoảng 4 vạn cán bộ, chiến sĩ và vũ khí (1961-1963)"", ""Kế hoạch Nhà nước 5 năm lần thứ nhất (1961-1965) ở miền Bắc ảnh tư liệu"", ""Kế hoạch Nhà nước 5 năm lần thứ nhất (1961-1965) ở miền Bắc chiến dịch""]","[""btlsqsvn.org.vn"", ""qdnd.vn"", ""nhandan.vn"", ""vietnamplus.vn"", ""hochiminh.vn"", ""baotanglichsu.vn"", ""luutru.gov.vn"", ""loc.gov"", ""archives.gov""]","[""Kế hoạch Nhà nước 5 năm lần thứ nhất (1961-1965) ở miền Bắc"", ""Kế hoạch Nhà nước 5 năm lần thứ nhất (1961-1965) ở miền Bắc 1961 - 1965"", ""Kế hoạch Nhà nước 5 năm lần thứ nhất (1961-1965) ở miền Bắc miền Bắc"", ""Kế hoạch Nhà nước 5 năm lần thứ nhất (1961-1965) ở miền Bắc Củng cố kinh tế quốc doanh Chi viện cho miền Nam khoảng 4 vạn cán bộ, chiến sĩ và vũ khí (1961-1963)"", ""Kế hoạch Nhà nước 5 năm lần thứ nhất (1961-1965) ở miền Bắc ảnh tư liệu"", ""Kế hoạch Nhà nước 5 năm lần thứ nhất (1961-1965) ở miền Bắc chiến dịch""]",not_attempted,[],,,Needs manual trusted-source/image search.,False
175,chien-thang-ap-bac,Chiến thắng Ấp Bắc,Tháng 1 – 1963,"Trên mặt trận quân sự, chiến thắng Ấp Bắc (Mỹ Tho, tháng 1 1963) đã mở ra khả năng đánh bại chiến thuật “trực thăng vận, thiết xa vận, chứng minh khả năng quân dân Việt Nam có thể đánh bại chiến lược “Chiến tranh đặc biệt” của Mỹ.","[""miền Nam""]",[],"[""Chiến thắng Ấp Bắc"", ""Chiến thắng Ấp Bắc Tháng 1 – 1963"", ""Chiến thắng Ấp Bắc miền Nam"", ""Chiến thắng Ấp Bắc Chứng minh khả năng đánh bại chiến lược 'Chiến tranh đặc biệt' Mở ra khả năng đánh bại chiến thuật 'trực thăng vận, thiết xa vận'"", ""Chiến thắng Ấp Bắc ảnh tư liệu"", ""Chiến thắng Ấp Bắc chiến dịch""]","[""btlsqsvn.org.vn"", ""qdnd.vn"", ""nhandan.vn"", ""vietnamplus.vn"", ""hochiminh.vn"", ""baotanglichsu.vn"", ""luutru.gov.vn"", ""loc.gov"", ""archives.gov""]","[""Chiến thắng Ấp Bắc"", ""Chiến thắng Ấp Bắc Tháng 1 – 1963"", ""Chiến thắng Ấp Bắc miền Nam"", ""Chiến thắng Ấp Bắc Chứng minh khả năng đánh bại chiến lược 'Chiến tranh đặc biệt' Mở ra khả năng đánh bại chiến thuật 'trực thăng vận, thiết xa vận'"", ""Chiến thắng Ấp Bắc ảnh tư liệu"", ""Chiến thắng Ấp Bắc chiến dịch""]",not_attempted,[],,,Needs manual trusted-source/image search.,False
176,chien-tranh-pha-hoai-mien-bac-lan-thu-nhat,Chiến tranh phá hoại miền Bắc lần thứ nhất của Mỹ,Tháng 8 – 1964 – 1968,"Sau khi dựng lên sự kiện “Vịnh Bắc Bộ” (8 – 1964), Mỹ chính thức mở rộng chiến tranh bằng không quân và hải quân phá hoại miền Bắc lần thứ nhất. Quân dân miền Bắc kịp thời chuyển mọi hoạt động sang thời chiến, vừa chiến đấu chống chiến tranh phá hoại, vừa tiếp tục phát triển kinh tế – xã hội và thực hiện nhiệm vụ hậu phương lớn đối với tiền tuyến miền Nam.","[""miền Bắc"", ""miền Nam""]",[],"[""Chiến tranh phá hoại miền Bắc lần thứ nhất của Mỹ"", ""Chiến tranh phá hoại miền Bắc lần thứ nhất của Mỹ Tháng 8 – 1964 – 1968"", ""Chiến tranh phá hoại miền Bắc lần thứ nhất của Mỹ miền Bắc"", ""Chiến tranh phá hoại miền Bắc lần thứ nhất của Mỹ Miền Bắc bắn rơi 3243 máy bay (6 B52), bắn cháy 143 tàu chiến Miền Bắc chi viện cho miền Nam tăng gấp 10 lần so với giai đoạn trước"", ""Chiến tranh phá hoại miền Bắc lần thứ nhất của Mỹ ảnh tư liệu"", ""Chiến tranh phá hoại miền Bắc lần thứ nhất của Mỹ chiến dịch""]","[""btlsqsvn.org.vn"", ""qdnd.vn"", ""nhandan.vn"", ""vietnamplus.vn"", ""hochiminh.vn"", ""baotanglichsu.vn"", ""luutru.gov.vn"", ""loc.gov"", ""archives.gov""]","[""Chiến tranh phá hoại miền Bắc lần thứ nhất của Mỹ"", ""Chiến tranh phá hoại miền Bắc lần thứ nhất của Mỹ Tháng 8 – 1964 – 1968"", ""Chiến tranh phá hoại miền Bắc lần thứ nhất của Mỹ miền Bắc"", ""Chiến tranh phá hoại miền Bắc lần thứ nhất của Mỹ Miền Bắc bắn rơi 3243 máy bay (6 B52), bắn cháy 143 tàu chiến Miền Bắc chi viện cho miền Nam tăng gấp 10 lần so với giai đoạn trước"", ""Chiến tranh phá hoại miền Bắc lần thứ nhất của Mỹ ảnh tư liệu"", ""Chiến tranh phá hoại miền Bắc lần thứ nhất của Mỹ chiến dịch""]",not_attempted,[],,,Needs manual trusted-source/image search.,False
177,cac-chien-thang-quan-su-1964-1965,Các chiến thắng quân sự 1964-1965,1964 – 1965,"Trong những năm 1964 – 1965, quân ta tiến công và thắng lợi ở Bình Giã (Bà Rịa – Vũng Tàu), An Lão (Bình Định), Ba Gia (Quảng Ngãi), Đồng Xoài (Bình Phước), làm phá sản hoàn toàn chiến lược “Chiến tranh đặc biệt” của Mỹ.",[],[],"[""Các chiến thắng quân sự 1964-1965"", ""Các chiến thắng quân sự 1964-1965 1964 – 1965"", ""Các chiến thắng quân sự 1964-1965 Việt Nam từ năm 1954 đến năm 1975"", ""Các chiến thắng quân sự 1964-1965 Các trận đánh tiêu biểu: Bình Giã, An Lão, Ba Gia, Đồng Xoài Phá sản hoàn toàn chiến lược 'Chiến tranh đặc biệt'"", ""Các chiến thắng quân sự 1964-1965 ảnh tư liệu"", ""Các chiến thắng quân sự 1964-1965 chiến dịch""]","[""btlsqsvn.org.vn"", ""qdnd.vn"", ""nhandan.vn"", ""vietnamplus.vn"", ""hochiminh.vn"", ""baotanglichsu.vn"", ""luutru.gov.vn"", ""loc.gov"", ""archives.gov""]","[""Các chiến thắng quân sự 1964-1965"", ""Các chiến thắng quân sự 1964-1965 1964 – 1965"", ""Các chiến thắng quân sự 1964-1965 Việt Nam từ năm 1954 đến năm 1975"", ""Các chiến thắng quân sự 1964-1965 Các trận đánh tiêu biểu: Bình Giã, An Lão, Ba Gia, Đồng Xoài Phá sản hoàn toàn chiến lược 'Chiến tranh đặc biệt'"", ""Các chiến thắng quân sự 1964-1965 ảnh tư liệu"", ""Các chiến thắng quân sự 1964-1965 chiến dịch""]",not_attempted,[],,,Needs manual trusted-source/image search.,False
178,chien-thang-van-tuong,Chiến thắng Vạn Tường,18 – 8 – 1965,"Thực hiện chiến lược “Chiến tranh cục bộ”, quân Mỹ vừa mới vào miền Nam đã cho mở ngay cuộc hành quân “tìm diệt” vào căn cứ của Quân Giải phóng ở Vạn Tường (Quảng Ngãi). Với ý chí “Quyết chiến quyết thắng giặc Mỹ xâm lược, quân dân miền Nam đã anh dũng chiến đấu và giành thắng lợi ở Vạn Tường (18 – 8 – 1965), mở ra khả năng đánh thắng Mỹ trong chiến lược “Chiến tranh cục bộ” về quân sự.","[""miền Nam""]",[],"[""Chiến thắng Vạn Tường"", ""Chiến thắng Vạn Tường 18 – 8 – 1965"", ""Chiến thắng Vạn Tường miền Nam"", ""Chiến thắng Vạn Tường Mở ra khả năng đánh thắng Mỹ trong 'Chiến tranh cục bộ' Diễn ra tại Vạn Tường (Quảng Ngãi) ngày 18-8-1965"", ""Chiến thắng Vạn Tường ảnh tư liệu"", ""Chiến thắng Vạn Tường chiến dịch""]","[""btlsqsvn.org.vn"", ""qdnd.vn"", ""nhandan.vn"", ""vietnamplus.vn"", ""hochiminh.vn"", ""baotanglichsu.vn"", ""luutru.gov.vn"", ""loc.gov"", ""archives.gov""]","[""Chiến thắng Vạn Tường"", ""Chiến thắng Vạn Tường 18 – 8 – 1965"", ""Chiến thắng Vạn Tường miền Nam"", ""Chiến thắng Vạn Tường Mở ra khả năng đánh thắng Mỹ trong 'Chiến tranh cục bộ' Diễn ra tại Vạn Tường (Quảng Ngãi) ngày 18-8-1965"", ""Chiến thắng Vạn Tường ảnh tư liệu"", ""Chiến thắng Vạn Tường chiến dịch""]",not_attempted,[],,,Needs manual trusted-source/image search.,False
179,hoi-nghi-pa-ri-ve-viet-nam,Hội nghị Pa-ri về Việt Nam,1968 – 27-1-1973,"Trên bàn đàm phán tại Hội nghị Pa-ri, đại diện Chính phủ Việt Nam Dân chủ Cộng hoà và Chính phủ Cách mạng lâm thời Cộng hoà miền Nam Việt Nam lần lượt đưa ra các phương án yêu cầu Mỹ phải chấm dứt chiến tranh, lập lại hoà bình ở Việt Nam.","[""Việt Nam"", ""Pa-ri""]",[],"[""Hội nghị Pa-ri về Việt Nam"", ""Hội nghị Pa-ri về Việt Nam 1968 – 27-1-1973"", ""Hội nghị Pa-ri về Việt Nam Việt Nam"", ""Hội nghị Pa-ri về Việt Nam Mục tiêu: yêu cầu Mỹ chấm dứt chiến tranh, lập lại hoà bình Có sự tham gia của VNDCCH và Chính phủ Cách mạng lâm thời Cộng hoà miền Nam Việt"", ""Hội nghị Pa-ri về Việt Nam ảnh tư liệu"", ""Hội nghị Pa-ri về Việt Nam chiến dịch""]","[""btlsqsvn.org.vn"", ""qdnd.vn"", ""nhandan.vn"", ""vietnamplus.vn"", ""hochiminh.vn"", ""baotanglichsu.vn"", ""luutru.gov.vn"", ""loc.gov"", ""archives.gov""]","[""Hội nghị Pa-ri về Việt Nam"", ""Hội nghị Pa-ri về Việt Nam 1968 – 27-1-1973"", ""Hội nghị Pa-ri về Việt Nam Việt Nam"", ""Hội nghị Pa-ri về Việt Nam Mục tiêu: yêu cầu Mỹ chấm dứt chiến tranh, lập lại hoà bình Có sự tham gia của VNDCCH và Chính phủ Cách mạng lâm thời Cộng hoà miền Nam Việt"", ""Hội nghị Pa-ri về Việt Nam ảnh tư liệu"", ""Hội nghị Pa-ri về Việt Nam chiến dịch""]",not_attempted,[],,,Needs manual trusted-source/image search.,False
180,thanh-lap-chinh-phu-cach-mang-lam-thoi-cong-hoa-mien-nam-viet-nam,Thành lập Chính phủ cách mạng lâm thời Cộng hoà miền Nam Việt Nam,Ngày 6-6-1969,"Ngày 6-6-1969, Chính phủ cách mạng lâm thời Cộng hoà miền Nam Việt nam ra đời. Đây là chính phủ hợp phát của nhân dân miền Nam.",[],[],"[""Thành lập Chính phủ cách mạng lâm thời Cộng hoà miền Nam Việt Nam"", ""Thành lập Chính phủ cách mạng lâm thời Cộng hoà miền Nam Việt Nam Ngày 6-6-1969"", ""Thành lập Chính phủ cách mạng lâm thời Cộng hoà miền Nam Việt Nam Việt Nam từ năm 1954 đến năm 1975"", ""Thành lập Chính phủ cách mạng lâm thời Cộng hoà miền Nam Việt Nam Là chính phủ hợp pháp của nhân dân miền Nam Thành lập ngày 6-6-1969"", ""Thành lập Chính phủ cách mạng lâm thời Cộng hoà miền Nam Việt Nam ảnh tư liệu"", ""Thành lập Chính phủ cách mạng lâm thời Cộng hoà miền Nam Việt Nam chiến dịch""]","[""btlsqsvn.org.vn"", ""qdnd.vn"", ""nhandan.vn"", ""vietnamplus.vn"", ""hochiminh.vn"", ""baotanglichsu.vn"", ""luutru.gov.vn"", ""loc.gov"", ""archives.gov""]","[""Thành lập Chính phủ cách mạng lâm thời Cộng hoà miền Nam Việt Nam"", ""Thành lập Chính phủ cách mạng lâm thời Cộng hoà miền Nam Việt Nam Ngày 6-6-1969"", ""Thành lập Chính phủ cách mạng lâm thời Cộng hoà miền Nam Việt Nam Việt Nam từ năm 1954 đến năm 1975"", ""Thành lập Chính phủ cách mạng lâm thời Cộng hoà miền Nam Việt Nam Là chính phủ hợp pháp của nhân dân miền Nam Thành lập ngày 6-6-1969"", ""Thành lập Chính phủ cách mạng lâm thời Cộng hoà miền Nam Việt Nam ảnh tư liệu"", ""Thành lập Chính phủ cách mạng lâm thời Cộng hoà miền Nam Việt Nam chiến dịch""]",not_attempted,[],,,Needs manual trusted-source/image search.,False
181,dap-tan-cuoc-hanh-quan-xam-luoc-vao-cam-pu-chia-1970,Đập tan cuộc hành quân xâm lược của Mỹ và quân đội Sài Gòn vào Cam-pu-chia,Từ ngày 30 – 4 đến ngày 30-6-1970,"Từ ngày 30 – 4 đến ngày 30-6-1970, với sự hỗ trợ của quân Cam-pu-chia, quân đội Việt Nam đã đập tan cuộc hành quân xâm lược của 10 vạn quân Mỹ và quân đội Sài Gòn.","[""Cam-pu-chia""]",[],"[""Đập tan cuộc hành quân xâm lược của Mỹ và quân đội Sài Gòn vào Cam-pu-chia"", ""Đập tan cuộc hành quân xâm lược của Mỹ và quân đội Sài Gòn vào Cam-pu-chia Từ ngày 30 – 4 đến ngày 30-6-1970"", ""Đập tan cuộc hành quân xâm lược của Mỹ và quân đội Sài Gòn vào Cam-pu-chia Cam-pu-chia"", ""Đập tan cuộc hành quân xâm lược của Mỹ và quân đội Sài Gòn vào Cam-pu-chia Diễn ra từ 30-4 đến 30-6-1970 Đánh bại 10 vạn quân Mỹ và quân đội Sài Gòn"", ""Đập tan cuộc hành quân xâm lược của Mỹ và quân đội Sài Gòn vào Cam-pu-chia ảnh tư liệu"", ""Đập tan cuộc hành quân xâm lược của Mỹ và quân đội Sài Gòn vào Cam-pu-chia chiến dịch""]","[""btlsqsvn.org.vn"", ""qdnd.vn"", ""nhandan.vn"", ""vietnamplus.vn"", ""hochiminh.vn"", ""baotanglichsu.vn"", ""luutru.gov.vn"", ""loc.gov"", ""archives.gov""]","[""Đập tan cuộc hành quân xâm lược của Mỹ và quân đội Sài Gòn vào Cam-pu-chia"", ""Đập tan cuộc hành quân xâm lược của Mỹ và quân đội Sài Gòn vào Cam-pu-chia Từ ngày 30 – 4 đến ngày 30-6-1970"", ""Đập tan cuộc hành quân xâm lược của Mỹ và quân đội Sài Gòn vào Cam-pu-chia Cam-pu-chia"", ""Đập tan cuộc hành quân xâm lược của Mỹ và quân đội Sài Gòn vào Cam-pu-chia Diễn ra từ 30-4 đến 30-6-1970 Đánh bại 10 vạn quân Mỹ và quân đội Sài Gòn"", ""Đập tan cuộc hành quân xâm lược của Mỹ và quân đội Sài Gòn vào Cam-pu-chia ảnh tư liệu"", ""Đập tan cuộc hành quân xâm lược của Mỹ và quân đội Sài Gòn vào Cam-pu-chia chiến dịch""]",not_attempted,[],,,Needs manual trusted-source/image search.,False
182,hoi-nghi-cap-cao-ba-nuoc-viet-nam-lao-cam-pu-chia,Hội nghị cấp cao ba nước Việt Nam - Lào - Cam-pu-chia,Tháng 4 – 1970,"Tháng 4 – 1970, Hội nghị cấp cao ba nước Việt Nam - Lào - Cam-pu-chia được tổ chức, biểu thị quyết tâm chống Mỹ.","[""Cam-pu-chia"", ""Lào"", ""Việt Nam"", ""Đông Dương""]",[],"[""Hội nghị cấp cao ba nước Việt Nam - Lào - Cam-pu-chia"", ""Hội nghị cấp cao ba nước Việt Nam - Lào - Cam-pu-chia Tháng 4 – 1970"", ""Hội nghị cấp cao ba nước Việt Nam - Lào - Cam-pu-chia Cam-pu-chia"", ""Hội nghị cấp cao ba nước Việt Nam - Lào - Cam-pu-chia Gồm Việt Nam, Lào, Cam-pu-chia Tổ chức tháng 4-1970"", ""Hội nghị cấp cao ba nước Việt Nam - Lào - Cam-pu-chia ảnh tư liệu"", ""Hội nghị cấp cao ba nước Việt Nam - Lào - Cam-pu-chia chiến dịch""]","[""btlsqsvn.org.vn"", ""qdnd.vn"", ""nhandan.vn"", ""vietnamplus.vn"", ""hochiminh.vn"", ""baotanglichsu.vn"", ""luutru.gov.vn"", ""loc.gov"", ""archives.gov""]","[""Hội nghị cấp cao ba nước Việt Nam - Lào - Cam-pu-chia"", ""Hội nghị cấp cao ba nước Việt Nam - Lào - Cam-pu-chia Tháng 4 – 1970"", ""Hội nghị cấp cao ba nước Việt Nam - Lào - Cam-pu-chia Cam-pu-chia"", ""Hội nghị cấp cao ba nước Việt Nam - Lào - Cam-pu-chia Gồm Việt Nam, Lào, Cam-pu-chia Tổ chức tháng 4-1970"", ""Hội nghị cấp cao ba nước Việt Nam - Lào - Cam-pu-chia ảnh tư liệu"", ""Hội nghị cấp cao ba nước Việt Nam - Lào - Cam-pu-chia chiến dịch""]",not_attempted,[],,,Needs manual trusted-source/image search.,False
183,chien-dich-duong-9-nam-lao,Chiến dịch Đường 9 – Nam Lào,Từ tháng 2 đến tháng 3 – 1971,"Trong hơn 1 tháng (từ tháng 2 đến tháng 3 – 1971), quân dân Việt Nam có sự phối hợp của quân đội Lào đã giành thắng lợi trong chiến dịch Đường 9 – Nam Lào, giữ vững hành lang chiến lược của cách mạng Đông Dương, trực tiếp mở ra thế tiến công mới cho cách mạng.","[""Lào"", ""Đường 9 – Nam Lào"", ""Đông Dương""]",[],"[""Chiến dịch Đường 9 – Nam Lào"", ""Chiến dịch Đường 9 – Nam Lào Từ tháng 2 đến tháng 3 – 1971"", ""Chiến dịch Đường 9 – Nam Lào Lào"", ""Chiến dịch Đường 9 – Nam Lào Diễn ra từ tháng 2 đến tháng 3-1971 Giữ vững hành lang chiến lược của cách mạng Đông Dương"", ""Chiến dịch Đường 9 – Nam Lào ảnh tư liệu"", ""Chiến dịch Đường 9 – Nam Lào chiến dịch""]","[""btlsqsvn.org.vn"", ""qdnd.vn"", ""nhandan.vn"", ""vietnamplus.vn"", ""hochiminh.vn"", ""baotanglichsu.vn"", ""luutru.gov.vn"", ""loc.gov"", ""archives.gov""]","[""Chiến dịch Đường 9 – Nam Lào"", ""Chiến dịch Đường 9 – Nam Lào Từ tháng 2 đến tháng 3 – 1971"", ""Chiến dịch Đường 9 – Nam Lào Lào"", ""Chiến dịch Đường 9 – Nam Lào Diễn ra từ tháng 2 đến tháng 3-1971 Giữ vững hành lang chiến lược của cách mạng Đông Dương"", ""Chiến dịch Đường 9 – Nam Lào ảnh tư liệu"", ""Chiến dịch Đường 9 – Nam Lào chiến dịch""]",not_attempted,[],,,Needs manual trusted-source/image search.,False
184,philippin-chiem-dong-9-dao-truong-sa,Phi-líp-pin chiếm đóng 9 đảo thuộc quần đảo Trường Sa,Từ năm 1971 đến năm 1980,"Phi-líp-pin - Từ năm 1971 đến năm 1980, chiếm đóng 9 đảo thuộc quần đảo Trường Sa.","[""quần đảo Trường Sa""]",[],"[""Phi-líp-pin chiếm đóng 9 đảo thuộc quần đảo Trường Sa"", ""Phi-líp-pin chiếm đóng 9 đảo thuộc quần đảo Trường Sa Từ năm 1971 đến năm 1980"", ""Phi-líp-pin chiếm đóng 9 đảo thuộc quần đảo Trường Sa quần đảo Trường Sa"", ""Phi-líp-pin chiếm đóng 9 đảo thuộc quần đảo Trường Sa Chủ thể: Phi-líp-pin Diễn ra từ 1971 đến 1980"", ""Phi-líp-pin chiếm đóng 9 đảo thuộc quần đảo Trường Sa bản đồ"", ""Phi-líp-pin chiếm đóng 9 đảo thuộc quần đảo Trường Sa hải đồ""]","[""mofa.gov.vn"", ""biengioilanhtho.gov.vn"", ""mod.gov.vn"", ""qdnd.vn"", ""chinhphu.vn"", ""vietnamplus.vn"", ""luutru.gov.vn""]","[""Phi-líp-pin chiếm đóng 9 đảo thuộc quần đảo Trường Sa"", ""Phi-líp-pin chiếm đóng 9 đảo thuộc quần đảo Trường Sa Từ năm 1971 đến năm 1980"", ""Phi-líp-pin chiếm đóng 9 đảo thuộc quần đảo Trường Sa quần đảo Trường Sa"", ""Phi-líp-pin chiếm đóng 9 đảo thuộc quần đảo Trường Sa Chủ thể: Phi-líp-pin Diễn ra từ 1971 đến 1980"", ""Phi-líp-pin chiếm đóng 9 đảo thuộc quần đảo Trường Sa bản đồ"", ""Phi-líp-pin chiếm đóng 9 đảo thuộc quần đảo Trường Sa hải đồ""]",not_attempted,[],,,Needs manual trusted-source/image search.,False
185,cuoc-tien-cong-chien-luoc-nam-1972,Cuộc Tiến công chiến lược năm 1972,Từ tháng 3 – 1972,"Từ tháng 3 – 1972, quân đội Việt Nam mở cuộc Tiến công chiến lược vào Quảng Trị rồi phát triển rộng khắp chiến trường miền Nam, chọc thủng ba phòng tuyến của địch ở Quảng Trị, Tây Nguyên và Đông Nam Bộ. Cuộc Tiến công chiến lược năm 1972 đã buộc Mỹ phải thừa nhận thất bại của chiến lược “Việt Nam hoá chiến tranh"".","[""miền Nam""]",[],"[""Cuộc Tiến công chiến lược năm 1972"", ""Cuộc Tiến công chiến lược năm 1972 Từ tháng 3 – 1972"", ""Cuộc Tiến công chiến lược năm 1972 miền Nam"", ""Cuộc Tiến công chiến lược năm 1972 Buộc Mỹ thừa nhận thất bại của 'Việt Nam hoá chiến tranh' Chọc thủng ba phòng tuyến của địch"", ""Cuộc Tiến công chiến lược năm 1972 ảnh tư liệu"", ""Cuộc Tiến công chiến lược năm 1972 chiến dịch""]","[""btlsqsvn.org.vn"", ""qdnd.vn"", ""nhandan.vn"", ""vietnamplus.vn"", ""hochiminh.vn"", ""baotanglichsu.vn"", ""luutru.gov.vn"", ""loc.gov"", ""archives.gov""]","[""Cuộc Tiến công chiến lược năm 1972"", ""Cuộc Tiến công chiến lược năm 1972 Từ tháng 3 – 1972"", ""Cuộc Tiến công chiến lược năm 1972 miền Nam"", ""Cuộc Tiến công chiến lược năm 1972 Buộc Mỹ thừa nhận thất bại của 'Việt Nam hoá chiến tranh' Chọc thủng ba phòng tuyến của địch"", ""Cuộc Tiến công chiến lược năm 1972 ảnh tư liệu"", ""Cuộc Tiến công chiến lược năm 1972 chiến dịch""]",not_attempted,[],,,Needs manual trusted-source/image search.,False
186,chien-tranh-pha-hoai-mien-bac-lan-thu-hai,Chiến tranh phá hoại miền Bắc lần thứ hai của Mỹ,Từ ngày 16-4-1972 đến 29-12-1972,"Với tư thế luôn sẵn sàng chiến đấu, quân dân miền Bắc đã chủ động, kịp thời giáng trả ngay từ trận đầu cuộc chiến tranh phá hoại lần thứ hai bằng không quân và hải quân của Mỹ (bắt đầu từ ngày 16-4-1972), đặc biệt đã đánh bại hoàn toàn cuộc tập kích chiến lược bằng máy bay B52 của Mỹ vào Hà Nội, Hải Phòng và một số thành phố trong 12 ngày đêm (từ 18 đến 29 – 12 – 1972).","[""miền Bắc""]",[],"[""Chiến tranh phá hoại miền Bắc lần thứ hai của Mỹ"", ""Chiến tranh phá hoại miền Bắc lần thứ hai của Mỹ Từ ngày 16-4-1972 đến 29-12-1972"", ""Chiến tranh phá hoại miền Bắc lần thứ hai của Mỹ miền Bắc"", ""Chiến tranh phá hoại miền Bắc lần thứ hai của Mỹ Bắt đầu từ 16-4-1972 Buộc Mỹ trở lại bàn hội nghị và kí Hiệp định Pa-ri"", ""Chiến tranh phá hoại miền Bắc lần thứ hai của Mỹ ảnh tư liệu"", ""Chiến tranh phá hoại miền Bắc lần thứ hai của Mỹ chiến dịch""]","[""btlsqsvn.org.vn"", ""qdnd.vn"", ""nhandan.vn"", ""vietnamplus.vn"", ""hochiminh.vn"", ""baotanglichsu.vn"", ""luutru.gov.vn"", ""loc.gov"", ""archives.gov""]","[""Chiến tranh phá hoại miền Bắc lần thứ hai của Mỹ"", ""Chiến tranh phá hoại miền Bắc lần thứ hai của Mỹ Từ ngày 16-4-1972 đến 29-12-1972"", ""Chiến tranh phá hoại miền Bắc lần thứ hai của Mỹ miền Bắc"", ""Chiến tranh phá hoại miền Bắc lần thứ hai của Mỹ Bắt đầu từ 16-4-1972 Buộc Mỹ trở lại bàn hội nghị và kí Hiệp định Pa-ri"", ""Chiến tranh phá hoại miền Bắc lần thứ hai của Mỹ ảnh tư liệu"", ""Chiến tranh phá hoại miền Bắc lần thứ hai của Mỹ chiến dịch""]",not_attempted,[],,,Needs manual trusted-source/image search.,False
187,hoi-nghi-ban-chap-hanh-trung-uong-dang-lan-thu-21,Hội nghị Ban Chấp hành Trung ương Đảng lần thứ 21,Tháng 7 – 1973,"Tháng 7 – 1973, Hội nghị Ban Chấp hành Trung ương Đảng lần thứ 21 nhấn mạnh: Trong bất cứ tình hình nào cũng phải tiếp tục con đường bạo lực cách mạng, phải nắm vững chiến lược tiến công, kiên quyết đấu tranh trên ba mặt trận: quân sự, chính trị, ngoại giao.",[],[],"[""Hội nghị Ban Chấp hành Trung ương Đảng lần thứ 21"", ""Hội nghị Ban Chấp hành Trung ương Đảng lần thứ 21 Tháng 7 – 1973"", ""Hội nghị Ban Chấp hành Trung ương Đảng lần thứ 21 Việt Nam từ năm 1954 đến năm 1975"", ""Hội nghị Ban Chấp hành Trung ương Đảng lần thứ 21 Nắm vững chiến lược tiến công Nhấn mạnh tiếp tục con đường bạo lực cách mạng"", ""Hội nghị Ban Chấp hành Trung ương Đảng lần thứ 21 ảnh tư liệu"", ""Hội nghị Ban Chấp hành Trung ương Đảng lần thứ 21 chiến dịch""]","[""btlsqsvn.org.vn"", ""qdnd.vn"", ""nhandan.vn"", ""vietnamplus.vn"", ""hochiminh.vn"", ""baotanglichsu.vn"", ""luutru.gov.vn"", ""loc.gov"", ""archives.gov""]","[""Hội nghị Ban Chấp hành Trung ương Đảng lần thứ 21"", ""Hội nghị Ban Chấp hành Trung ương Đảng lần thứ 21 Tháng 7 – 1973"", ""Hội nghị Ban Chấp hành Trung ương Đảng lần thứ 21 Việt Nam từ năm 1954 đến năm 1975"", ""Hội nghị Ban Chấp hành Trung ương Đảng lần thứ 21 Nắm vững chiến lược tiến công Nhấn mạnh tiếp tục con đường bạo lực cách mạng"", ""Hội nghị Ban Chấp hành Trung ương Đảng lần thứ 21 ảnh tư liệu"", ""Hội nghị Ban Chấp hành Trung ương Đảng lần thứ 21 chiến dịch""]",not_attempted,[],,,Needs manual trusted-source/image search.,False
188,quan-doi-sai-gon-that-bai-bao-ve-hoang-sa,Quân đội Sài Gòn thất bại trong chiến đấu bảo vệ quần đảo Hoàng Sa,Tháng 1 năm 1974,"Tháng 1 – 1974, quân đội Sài Gòn thất bại trong chiến đấu bảo vệ quần đảo Hoàng Sa trước cuộc tấn công của quân đội Trung Quốc.",[],[],"[""Quân đội Sài Gòn thất bại trong chiến đấu bảo vệ quần đảo Hoàng Sa"", ""Quân đội Sài Gòn thất bại trong chiến đấu bảo vệ quần đảo Hoàng Sa Tháng 1 năm 1974"", ""Quân đội Sài Gòn thất bại trong chiến đấu bảo vệ quần đảo Hoàng Sa Chủ quyền biển đảo Việt Nam 1954-1975"", ""Quân đội Sài Gòn thất bại trong chiến đấu bảo vệ quần đảo Hoàng Sa Đối thủ: quân đội Trung Quốc Diễn ra tháng 1 năm 1974"", ""Quân đội Sài Gòn thất bại trong chiến đấu bảo vệ quần đảo Hoàng Sa bản đồ"", ""Quân đội Sài Gòn thất bại trong chiến đấu bảo vệ quần đảo Hoàng Sa hải đồ""]","[""mofa.gov.vn"", ""biengioilanhtho.gov.vn"", ""mod.gov.vn"", ""qdnd.vn"", ""chinhphu.vn"", ""vietnamplus.vn"", ""luutru.gov.vn""]","[""Quân đội Sài Gòn thất bại trong chiến đấu bảo vệ quần đảo Hoàng Sa"", ""Quân đội Sài Gòn thất bại trong chiến đấu bảo vệ quần đảo Hoàng Sa Tháng 1 năm 1974"", ""Quân đội Sài Gòn thất bại trong chiến đấu bảo vệ quần đảo Hoàng Sa Chủ quyền biển đảo Việt Nam 1954-1975"", ""Quân đội Sài Gòn thất bại trong chiến đấu bảo vệ quần đảo Hoàng Sa Đối thủ: quân đội Trung Quốc Diễn ra tháng 1 năm 1974"", ""Quân đội Sài Gòn thất bại trong chiến đấu bảo vệ quần đảo Hoàng Sa bản đồ"", ""Quân đội Sài Gòn thất bại trong chiến đấu bảo vệ quần đảo Hoàng Sa hải đồ""]",not_attempted,[],,,Needs manual trusted-source/image search.,False
189,trung-quoc-danh-chiem-toan-bo-hoang-sa,Trung Quốc đánh chiếm toàn bộ quần đảo Hoàng Sa,Tháng 1 năm 1974,"Trung Quốc - Tháng 1 – 1974: đánh chiếm toàn bộ quần đảo Hoàng Sa. Tháng 1 – 1974, quân đội Sài Gòn thất bại trong chiến đấu bảo vệ quần đảo Hoàng Sa trước cuộc tấn công của quân đội Trung Quốc.",[],[],"[""Trung Quốc đánh chiếm toàn bộ quần đảo Hoàng Sa"", ""Trung Quốc đánh chiếm toàn bộ quần đảo Hoàng Sa Tháng 1 năm 1974"", ""Trung Quốc đánh chiếm toàn bộ quần đảo Hoàng Sa Chủ quyền biển đảo Việt Nam 1954-1975"", ""Trung Quốc đánh chiếm toàn bộ quần đảo Hoàng Sa Đối tượng: toàn bộ quần đảo Hoàng Sa Diễn ra tháng 1 năm 1974"", ""Trung Quốc đánh chiếm toàn bộ quần đảo Hoàng Sa bản đồ"", ""Trung Quốc đánh chiếm toàn bộ quần đảo Hoàng Sa hải đồ""]","[""mofa.gov.vn"", ""biengioilanhtho.gov.vn"", ""mod.gov.vn"", ""qdnd.vn"", ""chinhphu.vn"", ""vietnamplus.vn"", ""luutru.gov.vn""]","[""Trung Quốc đánh chiếm toàn bộ quần đảo Hoàng Sa"", ""Trung Quốc đánh chiếm toàn bộ quần đảo Hoàng Sa Tháng 1 năm 1974"", ""Trung Quốc đánh chiếm toàn bộ quần đảo Hoàng Sa Chủ quyền biển đảo Việt Nam 1954-1975"", ""Trung Quốc đánh chiếm toàn bộ quần đảo Hoàng Sa Đối tượng: toàn bộ quần đảo Hoàng Sa Diễn ra tháng 1 năm 1974"", ""Trung Quốc đánh chiếm toàn bộ quần đảo Hoàng Sa bản đồ"", ""Trung Quốc đánh chiếm toàn bộ quần đảo Hoàng Sa hải đồ""]",not_attempted,[],,,Needs manual trusted-source/image search.,False
190,chien-thang-duong-14-phuoc-long,Chiến thắng Đường 14 Phước Long,"Cuối năm 1974, đầu năm 1975","Cuối năm 1974, đầu năm 1975, quân dân miền Nam đã giành thắng lợi trong chiến dịch Đường 14 Phước Long. Chiến thắng này cùng những phản ứng của Mỹ và chính quyền Sài Gòn sau đó cho thấy rõ về sự lớn mạnh, khả năng thắng lớn của quân ta, sự suy yếu và bất lực của quân đội Sài Gòn, về khả năng can thiệp bằng quân sự trở lại của Mỹ là rất hạn chế.","[""Đường 14 Phước Long"", ""miền Nam""]",[],"[""Chiến thắng Đường 14 Phước Long"", ""Chiến thắng Đường 14 Phước Long Cuối năm 1974, đầu năm 1975"", ""Chiến thắng Đường 14 Phước Long Đường 14 Phước Long"", ""Chiến thắng Đường 14 Phước Long Cho thấy sự suy yếu của quân đội Sài Gòn Khả năng can thiệp quân sự của Mỹ rất hạn chế"", ""Chiến thắng Đường 14 Phước Long ảnh tư liệu"", ""Chiến thắng Đường 14 Phước Long chiến dịch""]","[""btlsqsvn.org.vn"", ""qdnd.vn"", ""nhandan.vn"", ""vietnamplus.vn"", ""hochiminh.vn"", ""baotanglichsu.vn"", ""luutru.gov.vn"", ""loc.gov"", ""archives.gov""]","[""Chiến thắng Đường 14 Phước Long"", ""Chiến thắng Đường 14 Phước Long Cuối năm 1974, đầu năm 1975"", ""Chiến thắng Đường 14 Phước Long Đường 14 Phước Long"", ""Chiến thắng Đường 14 Phước Long Cho thấy sự suy yếu của quân đội Sài Gòn Khả năng can thiệp quân sự của Mỹ rất hạn chế"", ""Chiến thắng Đường 14 Phước Long ảnh tư liệu"", ""Chiến thắng Đường 14 Phước Long chiến dịch""]",not_attempted,[],,,Needs manual trusted-source/image search.,False
191,chien-dich-tay-nguyen-1975,Chiến dịch Tây Nguyên,Từ ngày 10 – 3 đến ngày 24 – 3 – 1975,"Chiến dịch Tây Nguyên diễn ra từ ngày 10 – 3, đến ngày 24 – 3 thì kết thúc thắng lợi.",[],[],"[""Chiến dịch Tây Nguyên"", ""Chiến dịch Tây Nguyên Từ ngày 10 – 3 đến ngày 24 – 3 – 1975"", ""Chiến dịch Tây Nguyên Cuộc Tổng tiến công và nổi dậy Xuân 1975"", ""Chiến dịch Tây Nguyên Kết thúc thắng lợi Diễn ra từ 10-3 đến 24-3-1975"", ""Chiến dịch Tây Nguyên ảnh tư liệu"", ""Chiến dịch Tây Nguyên chiến dịch""]","[""btlsqsvn.org.vn"", ""qdnd.vn"", ""nhandan.vn"", ""vietnamplus.vn"", ""hochiminh.vn"", ""baotanglichsu.vn"", ""luutru.gov.vn"", ""loc.gov"", ""archives.gov""]","[""Chiến dịch Tây Nguyên"", ""Chiến dịch Tây Nguyên Từ ngày 10 – 3 đến ngày 24 – 3 – 1975"", ""Chiến dịch Tây Nguyên Cuộc Tổng tiến công và nổi dậy Xuân 1975"", ""Chiến dịch Tây Nguyên Kết thúc thắng lợi Diễn ra từ 10-3 đến 24-3-1975"", ""Chiến dịch Tây Nguyên ảnh tư liệu"", ""Chiến dịch Tây Nguyên chiến dịch""]",not_attempted,[],,,Needs manual trusted-source/image search.,False
192,giai-phong-hue-va-thua-thien,Giải phóng thành phố Huế và toàn tỉnh Thừa Thiên,Ngày 26 – 3 – 1975,"Ngày 26 – 3, thành phố Huế và toàn tỉnh Thừa Thiên được giải phóng.",[],[],"[""Giải phóng thành phố Huế và toàn tỉnh Thừa Thiên"", ""Giải phóng thành phố Huế và toàn tỉnh Thừa Thiên Ngày 26 – 3 – 1975"", ""Giải phóng thành phố Huế và toàn tỉnh Thừa Thiên Cuộc Tổng tiến công và nổi dậy Xuân 1975"", ""Giải phóng thành phố Huế và toàn tỉnh Thừa Thiên Giải phóng toàn tỉnh Thừa Thiên Diễn ra ngày 26-3-1975"", ""Giải phóng thành phố Huế và toàn tỉnh Thừa Thiên ảnh tư liệu"", ""Giải phóng thành phố Huế và toàn tỉnh Thừa Thiên chiến dịch""]","[""btlsqsvn.org.vn"", ""qdnd.vn"", ""nhandan.vn"", ""vietnamplus.vn"", ""hochiminh.vn"", ""baotanglichsu.vn"", ""luutru.gov.vn"", ""loc.gov"", ""archives.gov""]","[""Giải phóng thành phố Huế và toàn tỉnh Thừa Thiên"", ""Giải phóng thành phố Huế và toàn tỉnh Thừa Thiên Ngày 26 – 3 – 1975"", ""Giải phóng thành phố Huế và toàn tỉnh Thừa Thiên Cuộc Tổng tiến công và nổi dậy Xuân 1975"", ""Giải phóng thành phố Huế và toàn tỉnh Thừa Thiên Giải phóng toàn tỉnh Thừa Thiên Diễn ra ngày 26-3-1975"", ""Giải phóng thành phố Huế và toàn tỉnh Thừa Thiên ảnh tư liệu"", ""Giải phóng thành phố Huế và toàn tỉnh Thừa Thiên chiến dịch""]",not_attempted,[],,,Needs manual trusted-source/image search.,False
193,giai-phong-da-nang,Giải phóng Đà Nẵng,Chiều 29 – 3 – 1975,Đà Nẵng rơi vào thế cô lập và đến chiều 29 – 3 cũng được hoàn toàn giải phóng.,[],[],"[""Giải phóng Đà Nẵng"", ""Giải phóng Đà Nẵng Chiều 29 – 3 – 1975"", ""Giải phóng Đà Nẵng Cuộc Tổng tiến công và nổi dậy Xuân 1975"", ""Giải phóng Đà Nẵng Đà Nẵng được hoàn toàn giải phóng Diễn ra chiều 29-3-1975"", ""Giải phóng Đà Nẵng ảnh tư liệu"", ""Giải phóng Đà Nẵng chiến dịch""]","[""btlsqsvn.org.vn"", ""qdnd.vn"", ""nhandan.vn"", ""vietnamplus.vn"", ""hochiminh.vn"", ""baotanglichsu.vn"", ""luutru.gov.vn"", ""loc.gov"", ""archives.gov""]","[""Giải phóng Đà Nẵng"", ""Giải phóng Đà Nẵng Chiều 29 – 3 – 1975"", ""Giải phóng Đà Nẵng Cuộc Tổng tiến công và nổi dậy Xuân 1975"", ""Giải phóng Đà Nẵng Đà Nẵng được hoàn toàn giải phóng Diễn ra chiều 29-3-1975"", ""Giải phóng Đà Nẵng ảnh tư liệu"", ""Giải phóng Đà Nẵng chiến dịch""]",not_attempted,[],,,Needs manual trusted-source/image search.,False
194,quan-giai-phong-mien-nam-viet-nam-tiep-quan-truong-sa,Quân giải phóng miền Nam Việt Nam tiếp quản các đảo và triển khai lực lượng thực thi chủ quyền đối với quần đảo Trường Sa,Từ ngày 13 đến ngày 28 tháng 4 năm 1975,"Từ ngày 13 đến ngày 28-4-1975, Quân giải phóng miền Nam Việt Nam đã tiếp quản các đảo và triển khai lực lượng thực thi chủ quyền đối với quần đảo Trường Sa.",[],[],"[""Quân giải phóng miền Nam Việt Nam tiếp quản các đảo và triển khai lực lượng thực thi chủ quyền đối với quần đảo Trường Sa"", ""Quân giải phóng miền Nam Việt Nam tiếp quản các đảo và triển khai lực lượng thực thi chủ quyền đối với quần đảo Trường Sa Từ ngày 13 đến ngày 28 tháng 4 năm 1975"", ""Quân giải phóng miền Nam Việt Nam tiếp quản các đảo và triển khai lực lượng thực thi chủ quyền đối với quần đảo Trường Sa Chủ quyền biển đảo Việt Nam 1954-1975"", ""Quân giải phóng miền Nam Việt Nam tiếp quản các đảo và triển khai lực lượng thực thi chủ quyền đối với quần đảo Trường Sa Đối tượng: quần đảo Trường Sa Hành động: tiếp quản các đảo và triển khai lực lượng"", ""Quân giải phóng miền Nam Việt Nam tiếp quản các đảo và triển khai lực lượng thực thi chủ quyền đối với quần đảo Trường Sa bản đồ"", ""Quân giải phóng miền Nam Việt Nam tiếp quản các đảo và triển khai lực lượng thực thi chủ quyền đối với quần đảo Trường Sa hải đồ""]","[""mofa.gov.vn"", ""biengioilanhtho.gov.vn"", ""mod.gov.vn"", ""qdnd.vn"", ""chinhphu.vn"", ""vietnamplus.vn"", ""luutru.gov.vn""]","[""Quân giải phóng miền Nam Việt Nam tiếp quản các đảo và triển khai lực lượng thực thi chủ quyền đối với quần đảo Trường Sa"", ""Quân giải phóng miền Nam Việt Nam tiếp quản các đảo và triển khai lực lượng thực thi chủ quyền đối với quần đảo Trường Sa Từ ngày 13 đến ngày 28 tháng 4 năm 1975"", ""Quân giải phóng miền Nam Việt Nam tiếp quản các đảo và triển khai lực lượng thực thi chủ quyền đối với quần đảo Trường Sa Chủ quyền biển đảo Việt Nam 1954-1975"", ""Quân giải phóng miền Nam Việt Nam tiếp quản các đảo và triển khai lực lượng thực thi chủ quyền đối với quần đảo Trường Sa Đối tượng: quần đảo Trường Sa Hành động: tiếp quản các đảo và triển khai lực lượng"", ""Quân giải phóng miền Nam Việt Nam tiếp quản các đảo và triển khai lực lượng thực thi chủ quyền đối với quần đảo Trường Sa bản đồ"", ""Quân giải phóng miền Nam Việt Nam tiếp quản các đảo và triển khai lực lượng thực thi chủ quyền đối với quần đảo Trường Sa hải đồ""]",not_attempted,[],,,Needs manual trusted-source/image search.,False
195,hoan-toan-giai-phong-mien-nam-viet-nam,Hoàn toàn giải phóng miền Nam Việt Nam,tháng 4-1975,"Sau khi hoàn toàn giải phóng miền Nam (tháng 4-1975) và thực hiện thống nhất đất nước (năm 1976), cả nước Việt Nam tiến lên xây dựng chủ nghĩa xã hội.",[],[],"[""Hoàn toàn giải phóng miền Nam Việt Nam"", ""Hoàn toàn giải phóng miền Nam Việt Nam tháng 4-1975"", ""Hoàn toàn giải phóng miền Nam Việt Nam Việt Nam từ năm 1954 đến năm 1975"", ""Hoàn toàn giải phóng miền Nam Việt Nam Giải phóng miền Nam Việt Nam Dẫn đến thống nhất đất nước"", ""Hoàn toàn giải phóng miền Nam Việt Nam ảnh tư liệu"", ""Hoàn toàn giải phóng miền Nam Việt Nam chiến dịch""]","[""btlsqsvn.org.vn"", ""qdnd.vn"", ""nhandan.vn"", ""vietnamplus.vn"", ""hochiminh.vn"", ""baotanglichsu.vn"", ""luutru.gov.vn"", ""loc.gov"", ""archives.gov""]","[""Hoàn toàn giải phóng miền Nam Việt Nam"", ""Hoàn toàn giải phóng miền Nam Việt Nam tháng 4-1975"", ""Hoàn toàn giải phóng miền Nam Việt Nam Việt Nam từ năm 1954 đến năm 1975"", ""Hoàn toàn giải phóng miền Nam Việt Nam Giải phóng miền Nam Việt Nam Dẫn đến thống nhất đất nước"", ""Hoàn toàn giải phóng miền Nam Việt Nam ảnh tư liệu"", ""Hoàn toàn giải phóng miền Nam Việt Nam chiến dịch""]",not_attempted,[],,,Needs manual trusted-source/image search.,False
196,quoc-hoi-khoa-vi-doi-ten-sai-gon-thanh-thanh-pho-ho-chi-minh,Quốc hội khoá VI quyết định đổi tên Sài Gòn thành Thành phố Hồ Chí Minh,Năm 1976,"Sau khi đất nước thống nhất, năm 1976, Quốc hội khoá VI đã quyết định đổi tên thành phố Sài Gòn thành Thành phố Hồ Chí Minh. Trong nghị quyết về việc đặt tên, Quốc hội đã nêu rõ: “Xét rằng, nhân dân Thành phố Sài Gòn – Gia Định luôn luôn tỏ lòng kính yêu vô hạn đối với Chủ tịch Hồ Chí Minh và tha thiết với việc thành phố mang tên Người”.",[],[],"[""Quốc hội khoá VI quyết định đổi tên Sài Gòn thành Thành phố Hồ Chí Minh"", ""Quốc hội khoá VI quyết định đổi tên Sài Gòn thành Thành phố Hồ Chí Minh Năm 1976"", ""Quốc hội khoá VI quyết định đổi tên Sài Gòn thành Thành phố Hồ Chí Minh Việt Nam từ năm 1975 đến nay"", ""Quốc hội khoá VI quyết định đổi tên Sài Gòn thành Thành phố Hồ Chí Minh Năm: 1976 Cơ quan ra quyết định: Quốc hội khoá VI"", ""Quốc hội khoá VI quyết định đổi tên Sài Gòn thành Thành phố Hồ Chí Minh ảnh tư liệu"", ""Quốc hội khoá VI quyết định đổi tên Sài Gòn thành Thành phố Hồ Chí Minh lễ ký""]","[""chinhphu.vn"", ""dangcongsan.vn"", ""tulieuvankien.dangcongsan.vn"", ""quochoi.vn"", ""mofa.gov.vn"", ""vietnamplus.vn"", ""nhandan.vn"", ""un.org"", ""unphoto.un.org""]","[""Quốc hội khoá VI quyết định đổi tên Sài Gòn thành Thành phố Hồ Chí Minh"", ""Quốc hội khoá VI quyết định đổi tên Sài Gòn thành Thành phố Hồ Chí Minh Năm 1976"", ""Quốc hội khoá VI quyết định đổi tên Sài Gòn thành Thành phố Hồ Chí Minh Việt Nam từ năm 1975 đến nay"", ""Quốc hội khoá VI quyết định đổi tên Sài Gòn thành Thành phố Hồ Chí Minh Năm: 1976 Cơ quan ra quyết định: Quốc hội khoá VI"", ""Quốc hội khoá VI quyết định đổi tên Sài Gòn thành Thành phố Hồ Chí Minh ảnh tư liệu"", ""Quốc hội khoá VI quyết định đổi tên Sài Gòn thành Thành phố Hồ Chí Minh lễ ký""]",not_attempted,[],,,Needs manual trusted-source/image search.,False
197,thuc-hien-thong-nhat-dat-nuoc-viet-nam,Thực hiện thống nhất đất nước Việt Nam,năm 1976,"Sau khi hoàn toàn giải phóng miền Nam (tháng 4-1975) và thực hiện thống nhất đất nước (năm 1976), cả nước Việt Nam tiến lên xây dựng chủ nghĩa xã hội.","[""Việt Nam""]",[],"[""Thực hiện thống nhất đất nước Việt Nam"", ""Thực hiện thống nhất đất nước Việt Nam năm 1976"", ""Thực hiện thống nhất đất nước Việt Nam Việt Nam"", ""Thực hiện thống nhất đất nước Việt Nam Sau giải phóng miền Nam Cả nước tiến lên xây dựng chủ nghĩa xã hội"", ""Thực hiện thống nhất đất nước Việt Nam ảnh tư liệu"", ""Thực hiện thống nhất đất nước Việt Nam lễ ký""]","[""chinhphu.vn"", ""dangcongsan.vn"", ""tulieuvankien.dangcongsan.vn"", ""quochoi.vn"", ""mofa.gov.vn"", ""vietnamplus.vn"", ""nhandan.vn"", ""un.org"", ""unphoto.un.org""]","[""Thực hiện thống nhất đất nước Việt Nam"", ""Thực hiện thống nhất đất nước Việt Nam năm 1976"", ""Thực hiện thống nhất đất nước Việt Nam Việt Nam"", ""Thực hiện thống nhất đất nước Việt Nam Sau giải phóng miền Nam Cả nước tiến lên xây dựng chủ nghĩa xã hội"", ""Thực hiện thống nhất đất nước Việt Nam ảnh tư liệu"", ""Thực hiện thống nhất đất nước Việt Nam lễ ký""]",not_attempted,[],,,Needs manual trusted-source/image search.,False
198,viet-nam-ban-hanh-tuyen-bo-vung-bien-them-luc-dia,Việt Nam ban hành Tuyên bố về các vùng biển và thềm lục địa Việt Nam,Tháng 5 năm 1977,Ban hành văn bản pháp luật khẳng định chủ quyền: Tuyên bố về các vùng biển và thềm lục địa Việt Nam (5 – 1977).,[],[],"[""Việt Nam ban hành Tuyên bố về các vùng biển và thềm lục địa Việt Nam"", ""Việt Nam ban hành Tuyên bố về các vùng biển và thềm lục địa Việt Nam Tháng 5 năm 1977"", ""Việt Nam ban hành Tuyên bố về các vùng biển và thềm lục địa Việt Nam Chủ quyền biển đảo Việt Nam 1975 đến nay"", ""Việt Nam ban hành Tuyên bố về các vùng biển và thềm lục địa Việt Nam Nội dung: khẳng định chủ quyền đối với các vùng biển và thềm lục địa Việt Nam Ban hành tháng 5 năm 1977"", ""Việt Nam ban hành Tuyên bố về các vùng biển và thềm lục địa Việt Nam bản đồ"", ""Việt Nam ban hành Tuyên bố về các vùng biển và thềm lục địa Việt Nam hải đồ""]","[""mofa.gov.vn"", ""biengioilanhtho.gov.vn"", ""mod.gov.vn"", ""qdnd.vn"", ""chinhphu.vn"", ""vietnamplus.vn"", ""luutru.gov.vn""]","[""Việt Nam ban hành Tuyên bố về các vùng biển và thềm lục địa Việt Nam"", ""Việt Nam ban hành Tuyên bố về các vùng biển và thềm lục địa Việt Nam Tháng 5 năm 1977"", ""Việt Nam ban hành Tuyên bố về các vùng biển và thềm lục địa Việt Nam Chủ quyền biển đảo Việt Nam 1975 đến nay"", ""Việt Nam ban hành Tuyên bố về các vùng biển và thềm lục địa Việt Nam Nội dung: khẳng định chủ quyền đối với các vùng biển và thềm lục địa Việt Nam Ban hành tháng 5 năm 1977"", ""Việt Nam ban hành Tuyên bố về các vùng biển và thềm lục địa Việt Nam bản đồ"", ""Việt Nam ban hành Tuyên bố về các vùng biển và thềm lục địa Việt Nam hải đồ""]",not_attempted,[],,,Needs manual trusted-source/image search.,False
199,viet-nam-thanh-vien-lien-hop-quoc,Việt Nam trở thành thành viên chính thức của Liên hợp quốc,Ngày 20-9-1977,"Ngày 20-9-1977, Việt Nam trở thành thành viên chính thức của Liên hợp quốc.",[],[],"[""Việt Nam trở thành thành viên chính thức của Liên hợp quốc"", ""Việt Nam trở thành thành viên chính thức của Liên hợp quốc Ngày 20-9-1977"", ""Việt Nam trở thành thành viên chính thức của Liên hợp quốc Việt Nam từ năm 1975 đến nay"", ""Việt Nam trở thành thành viên chính thức của Liên hợp quốc Ngày 20-9-1977 Là thành viên chính thức của Liên hợp quốc"", ""Việt Nam trở thành thành viên chính thức của Liên hợp quốc lễ ký"", ""Việt Nam trở thành thành viên chính thức của Liên hợp quốc hội nghị""]","[""mofa.gov.vn"", ""chinhphu.vn"", ""vietnamplus.vn"", ""nhandan.vn"", ""un.org"", ""asean.org"", ""apec.org"", ""europa.eu""]","[""Việt Nam trở thành thành viên chính thức của Liên hợp quốc"", ""Việt Nam trở thành thành viên chính thức của Liên hợp quốc Ngày 20-9-1977"", ""Việt Nam trở thành thành viên chính thức của Liên hợp quốc Việt Nam từ năm 1975 đến nay"", ""Việt Nam trở thành thành viên chính thức của Liên hợp quốc Ngày 20-9-1977 Là thành viên chính thức của Liên hợp quốc"", ""Việt Nam trở thành thành viên chính thức của Liên hợp quốc lễ ký"", ""Việt Nam trở thành thành viên chính thức của Liên hợp quốc hội nghị""]",not_attempted,[],,,Needs manual trusted-source/image search.,False
200,lien-hop-quoc-vien-tro-viet-nam-1977-1986,Hệ thống phát triển Liên hợp quốc viện trợ không hoàn lại cho Việt Nam,Những năm 1977 – 1986,"Trong những năm 1977 – 1986, hệ thống phát triển Liên hợp quốc đã viện trợ không hoàn lại cho Việt Nam khoảng 527,9 triệu USD.",[],[],"[""Hệ thống phát triển Liên hợp quốc viện trợ không hoàn lại cho Việt Nam"", ""Hệ thống phát triển Liên hợp quốc viện trợ không hoàn lại cho Việt Nam Những năm 1977 – 1986"", ""Hệ thống phát triển Liên hợp quốc viện trợ không hoàn lại cho Việt Nam Việt Nam từ năm 1975 đến nay"", ""Hệ thống phát triển Liên hợp quốc viện trợ không hoàn lại cho Việt Nam Giai đoạn 1977 – 1986 Khoảng 527,9 triệu USD"", ""Hệ thống phát triển Liên hợp quốc viện trợ không hoàn lại cho Việt Nam lễ ký"", ""Hệ thống phát triển Liên hợp quốc viện trợ không hoàn lại cho Việt Nam hội nghị""]","[""mofa.gov.vn"", ""chinhphu.vn"", ""vietnamplus.vn"", ""nhandan.vn"", ""un.org"", ""asean.org"", ""apec.org"", ""europa.eu""]","[""Hệ thống phát triển Liên hợp quốc viện trợ không hoàn lại cho Việt Nam"", ""Hệ thống phát triển Liên hợp quốc viện trợ không hoàn lại cho Việt Nam Những năm 1977 – 1986"", ""Hệ thống phát triển Liên hợp quốc viện trợ không hoàn lại cho Việt Nam Việt Nam từ năm 1975 đến nay"", ""Hệ thống phát triển Liên hợp quốc viện trợ không hoàn lại cho Việt Nam Giai đoạn 1977 – 1986 Khoảng 527,9 triệu USD"", ""Hệ thống phát triển Liên hợp quốc viện trợ không hoàn lại cho Việt Nam lễ ký"", ""Hệ thống phát triển Liên hợp quốc viện trợ không hoàn lại cho Việt Nam hội nghị""]",not_attempted,[],,,Needs manual trusted-source/image search.,False
201,philippin-ban-hanh-sac-lenh-1596-tuyen-bo-chu-quyen-truong-sa,Phi-líp-pin ban hành Sắc lệnh 1596 tuyên bố chủ quyền đối với hầu hết các đảo thuộc quần đảo Trường Sa,Năm 1978,"Phi-líp-pin - Năm 1978, ban hành Sắc lệnh 1596 tuyên bố chủ quyền đối với hầu hết các đảo thuộc quần đảo Trường Sa.","[""quần đảo Trường Sa""]",[],"[""Phi-líp-pin ban hành Sắc lệnh 1596 tuyên bố chủ quyền đối với hầu hết các đảo thuộc quần đảo Trường Sa"", ""Phi-líp-pin ban hành Sắc lệnh 1596 tuyên bố chủ quyền đối với hầu hết các đảo thuộc quần đảo Trường Sa Năm 1978"", ""Phi-líp-pin ban hành Sắc lệnh 1596 tuyên bố chủ quyền đối với hầu hết các đảo thuộc quần đảo Trường Sa quần đảo Trường Sa"", ""Phi-líp-pin ban hành Sắc lệnh 1596 tuyên bố chủ quyền đối với hầu hết các đảo thuộc quần đảo Trường Sa Chủ thể: Phi-líp-pin Ban hành năm 1978"", ""Phi-líp-pin ban hành Sắc lệnh 1596 tuyên bố chủ quyền đối với hầu hết các đảo thuộc quần đảo Trường Sa bản đồ"", ""Phi-líp-pin ban hành Sắc lệnh 1596 tuyên bố chủ quyền đối với hầu hết các đảo thuộc quần đảo Trường Sa hải đồ""]","[""mofa.gov.vn"", ""biengioilanhtho.gov.vn"", ""mod.gov.vn"", ""qdnd.vn"", ""chinhphu.vn"", ""vietnamplus.vn"", ""luutru.gov.vn""]","[""Phi-líp-pin ban hành Sắc lệnh 1596 tuyên bố chủ quyền đối với hầu hết các đảo thuộc quần đảo Trường Sa"", ""Phi-líp-pin ban hành Sắc lệnh 1596 tuyên bố chủ quyền đối với hầu hết các đảo thuộc quần đảo Trường Sa Năm 1978"", ""Phi-líp-pin ban hành Sắc lệnh 1596 tuyên bố chủ quyền đối với hầu hết các đảo thuộc quần đảo Trường Sa quần đảo Trường Sa"", ""Phi-líp-pin ban hành Sắc lệnh 1596 tuyên bố chủ quyền đối với hầu hết các đảo thuộc quần đảo Trường Sa Chủ thể: Phi-líp-pin Ban hành năm 1978"", ""Phi-líp-pin ban hành Sắc lệnh 1596 tuyên bố chủ quyền đối với hầu hết các đảo thuộc quần đảo Trường Sa bản đồ"", ""Phi-líp-pin ban hành Sắc lệnh 1596 tuyên bố chủ quyền đối với hầu hết các đảo thuộc quần đảo Trường Sa hải đồ""]",not_attempted,[],,,Needs manual trusted-source/image search.,False
202,viet-nam-gia-nhap-sev,Việt Nam gia nhập Hội đồng tương trợ kinh tế (SEV),Năm 1978,"Năm 1978, Việt Nam gia nhập Hội đồng tương trợ kinh tế (SEV).",[],[],"[""Việt Nam gia nhập Hội đồng tương trợ kinh tế (SEV)"", ""Việt Nam gia nhập Hội đồng tương trợ kinh tế (SEV) Năm 1978"", ""Việt Nam gia nhập Hội đồng tương trợ kinh tế (SEV) Việt Nam từ năm 1975 đến nay"", ""Việt Nam gia nhập Hội đồng tương trợ kinh tế (SEV) Năm 1978 Gia nhập Hội đồng tương trợ kinh tế (SEV)"", ""Việt Nam gia nhập Hội đồng tương trợ kinh tế (SEV) ảnh tư liệu"", ""Việt Nam gia nhập Hội đồng tương trợ kinh tế (SEV) lễ ký""]","[""chinhphu.vn"", ""dangcongsan.vn"", ""tulieuvankien.dangcongsan.vn"", ""quochoi.vn"", ""mofa.gov.vn"", ""vietnamplus.vn"", ""nhandan.vn"", ""un.org"", ""unphoto.un.org""]","[""Việt Nam gia nhập Hội đồng tương trợ kinh tế (SEV)"", ""Việt Nam gia nhập Hội đồng tương trợ kinh tế (SEV) Năm 1978"", ""Việt Nam gia nhập Hội đồng tương trợ kinh tế (SEV) Việt Nam từ năm 1975 đến nay"", ""Việt Nam gia nhập Hội đồng tương trợ kinh tế (SEV) Năm 1978 Gia nhập Hội đồng tương trợ kinh tế (SEV)"", ""Việt Nam gia nhập Hội đồng tương trợ kinh tế (SEV) ảnh tư liệu"", ""Việt Nam gia nhập Hội đồng tương trợ kinh tế (SEV) lễ ký""]",not_attempted,[],,,Needs manual trusted-source/image search.,False
203,go-ro-bat-co-pham-tuan-bay-vu-tru,V. Go-rơ-bát cô (Liên Xô) và Phạm Tuân (Việt Nam) cùng bay vào vũ trụ,1980,V. Go-rơ-bát cô (Liên Xô) và Phạm Tuân (Việt Nam) cùng bay vào vũ trụ (1980).,"[""Liên Xô"", ""Việt Nam""]",[],"[""V. Go-rơ-bát cô (Liên Xô) và Phạm Tuân (Việt Nam) cùng bay vào vũ trụ"", ""V. Go-rơ-bát cô (Liên Xô) và Phạm Tuân (Việt Nam) cùng bay vào vũ trụ 1980"", ""V. Go-rơ-bát cô (Liên Xô) và Phạm Tuân (Việt Nam) cùng bay vào vũ trụ Liên Xô"", ""V. Go-rơ-bát cô (Liên Xô) và Phạm Tuân (Việt Nam) cùng bay vào vũ trụ V. Go-rơ-bát cô (Liên Xô) Bay vào vũ trụ"", ""V. Go-rơ-bát cô (Liên Xô) và Phạm Tuân (Việt Nam) cùng bay vào vũ trụ ảnh tư liệu"", ""V. Go-rơ-bát cô (Liên Xô) và Phạm Tuân (Việt Nam) cùng bay vào vũ trụ lễ ký""]","[""chinhphu.vn"", ""dangcongsan.vn"", ""tulieuvankien.dangcongsan.vn"", ""quochoi.vn"", ""mofa.gov.vn"", ""vietnamplus.vn"", ""nhandan.vn"", ""un.org"", ""unphoto.un.org""]","[""V. Go-rơ-bát cô (Liên Xô) và Phạm Tuân (Việt Nam) cùng bay vào vũ trụ"", ""V. Go-rơ-bát cô (Liên Xô) và Phạm Tuân (Việt Nam) cùng bay vào vũ trụ 1980"", ""V. Go-rơ-bát cô (Liên Xô) và Phạm Tuân (Việt Nam) cùng bay vào vũ trụ Liên Xô"", ""V. Go-rơ-bát cô (Liên Xô) và Phạm Tuân (Việt Nam) cùng bay vào vũ trụ V. Go-rơ-bát cô (Liên Xô) Bay vào vũ trụ"", ""V. Go-rơ-bát cô (Liên Xô) và Phạm Tuân (Việt Nam) cùng bay vào vũ trụ ảnh tư liệu"", ""V. Go-rơ-bát cô (Liên Xô) và Phạm Tuân (Việt Nam) cùng bay vào vũ trụ lễ ký""]",not_attempted,[],,,Needs manual trusted-source/image search.,False
204,thanh-lap-huyen-hoang-sa-va-huyen-truong-sa,Thành lập huyện Hoàng Sa và huyện Trường Sa,Năm 1982,"Năm 1982, huyện Hoàng Sa thuộc tỉnh Quảng Nam - Đà Nẵng (từ năm 1997 thuộc thành phố Đà Nẵng) và huyện Trường Sa thuộc tỉnh Khánh Hoà được thành lập. Trong huyện Trường Sa có các đơn vị hành chính nhỏ hơn như: thị trấn Trường Sa (bao gồm đảo Trường Sa Lớn và phụ cận); xã Song Tử Tây (đảo Song Tử Tây và phụ cận); xã Sinh Tồn (đảo Sinh Tồn và phụ cận).","[""xã Song Tử Tây""]",[],"[""Thành lập huyện Hoàng Sa và huyện Trường Sa"", ""Thành lập huyện Hoàng Sa và huyện Trường Sa Năm 1982"", ""Thành lập huyện Hoàng Sa và huyện Trường Sa xã Song Tử Tây"", ""Thành lập huyện Hoàng Sa và huyện Trường Sa Huyện Hoàng Sa thuộc Quảng Nam - Đà Nẵng (nay Đà Nẵng) Trong huyện Trường Sa có các đơn vị hành chính nhỏ hơn"", ""Thành lập huyện Hoàng Sa và huyện Trường Sa bản đồ"", ""Thành lập huyện Hoàng Sa và huyện Trường Sa hải đồ""]","[""mofa.gov.vn"", ""biengioilanhtho.gov.vn"", ""mod.gov.vn"", ""qdnd.vn"", ""chinhphu.vn"", ""vietnamplus.vn"", ""luutru.gov.vn""]","[""Thành lập huyện Hoàng Sa và huyện Trường Sa"", ""Thành lập huyện Hoàng Sa và huyện Trường Sa Năm 1982"", ""Thành lập huyện Hoàng Sa và huyện Trường Sa xã Song Tử Tây"", ""Thành lập huyện Hoàng Sa và huyện Trường Sa Huyện Hoàng Sa thuộc Quảng Nam - Đà Nẵng (nay Đà Nẵng) Trong huyện Trường Sa có các đơn vị hành chính nhỏ hơn"", ""Thành lập huyện Hoàng Sa và huyện Trường Sa bản đồ"", ""Thành lập huyện Hoàng Sa và huyện Trường Sa hải đồ""]",not_attempted,[],,,Needs manual trusted-source/image search.,False
205,bru-nay-tuyen-bo-ranh-gioi-them-luc-dia,Bru-nây tuyên bố về ranh giới thềm lục địa 200 hải lí,Năm 1983,Bru-nây - Chưa chiếm giữ đảo nào nhưng đưa yêu sách chủ quyền lãnh thổ đối với quần đảo Trường Sa trong tuyên bố về ranh giới thềm lục địa 200 hải lí năm 1983 và về vùng đặc quyền kinh tế năm 1984.,"[""quần đảo Trường Sa""]",[],"[""Bru-nây tuyên bố về ranh giới thềm lục địa 200 hải lí"", ""Bru-nây tuyên bố về ranh giới thềm lục địa 200 hải lí Năm 1983"", ""Bru-nây tuyên bố về ranh giới thềm lục địa 200 hải lí quần đảo Trường Sa"", ""Bru-nây tuyên bố về ranh giới thềm lục địa 200 hải lí Diễn ra năm 1983 Nội dung: tuyên bố về ranh giới thềm lục địa 200 hải lí, đưa yêu sách chủ quyền Trường Sa"", ""Bru-nây tuyên bố về ranh giới thềm lục địa 200 hải lí bản đồ"", ""Bru-nây tuyên bố về ranh giới thềm lục địa 200 hải lí hải đồ""]","[""mofa.gov.vn"", ""biengioilanhtho.gov.vn"", ""mod.gov.vn"", ""qdnd.vn"", ""chinhphu.vn"", ""vietnamplus.vn"", ""luutru.gov.vn""]","[""Bru-nây tuyên bố về ranh giới thềm lục địa 200 hải lí"", ""Bru-nây tuyên bố về ranh giới thềm lục địa 200 hải lí Năm 1983"", ""Bru-nây tuyên bố về ranh giới thềm lục địa 200 hải lí quần đảo Trường Sa"", ""Bru-nây tuyên bố về ranh giới thềm lục địa 200 hải lí Diễn ra năm 1983 Nội dung: tuyên bố về ranh giới thềm lục địa 200 hải lí, đưa yêu sách chủ quyền Trường Sa"", ""Bru-nây tuyên bố về ranh giới thềm lục địa 200 hải lí bản đồ"", ""Bru-nây tuyên bố về ranh giới thềm lục địa 200 hải lí hải đồ""]",not_attempted,[],,,Needs manual trusted-source/image search.,False
206,bru-nay-tuyen-bo-vung-dac-quyen-kinh-te,Bru-nây tuyên bố về vùng đặc quyền kinh tế,Năm 1984,Bru-nây - Chưa chiếm giữ đảo nào nhưng đưa yêu sách chủ quyền lãnh thổ đối với quần đảo Trường Sa trong tuyên bố về ranh giới thềm lục địa 200 hải lí năm 1983 và về vùng đặc quyền kinh tế năm 1984.,"[""quần đảo Trường Sa""]",[],"[""Bru-nây tuyên bố về vùng đặc quyền kinh tế"", ""Bru-nây tuyên bố về vùng đặc quyền kinh tế Năm 1984"", ""Bru-nây tuyên bố về vùng đặc quyền kinh tế quần đảo Trường Sa"", ""Bru-nây tuyên bố về vùng đặc quyền kinh tế Chủ thể: Bru-nây Diễn ra năm 1984"", ""Bru-nây tuyên bố về vùng đặc quyền kinh tế ảnh tư liệu"", ""Bru-nây tuyên bố về vùng đặc quyền kinh tế lễ ký""]","[""chinhphu.vn"", ""dangcongsan.vn"", ""tulieuvankien.dangcongsan.vn"", ""quochoi.vn"", ""mofa.gov.vn"", ""vietnamplus.vn"", ""nhandan.vn"", ""un.org"", ""unphoto.un.org""]","[""Bru-nây tuyên bố về vùng đặc quyền kinh tế"", ""Bru-nây tuyên bố về vùng đặc quyền kinh tế Năm 1984"", ""Bru-nây tuyên bố về vùng đặc quyền kinh tế quần đảo Trường Sa"", ""Bru-nây tuyên bố về vùng đặc quyền kinh tế Chủ thể: Bru-nây Diễn ra năm 1984"", ""Bru-nây tuyên bố về vùng đặc quyền kinh tế ảnh tư liệu"", ""Bru-nây tuyên bố về vùng đặc quyền kinh tế lễ ký""]",not_attempted,[],,,Needs manual trusted-source/image search.,False
207,dai-hoi-dai-bieu-toan-quoc-lan-thu-vi-cua-dang-cong-san-viet-nam,Đại hội đại biểu toàn quốc lần thứ VI của Đảng Cộng sản Việt Nam,12 – 1986,Đại hội đại biểu toàn quốc lần thứ VI của Đảng Cộng sản Việt Nam diễn ra vào tháng 12 năm 1986.,"[""Việt Nam""]",[],"[""Đại hội đại biểu toàn quốc lần thứ VI của Đảng Cộng sản Việt Nam"", ""Đại hội đại biểu toàn quốc lần thứ VI của Đảng Cộng sản Việt Nam 12 – 1986"", ""Đại hội đại biểu toàn quốc lần thứ VI của Đảng Cộng sản Việt Nam Việt Nam"", ""Đại hội đại biểu toàn quốc lần thứ VI của Đảng Cộng sản Việt Nam Đánh dấu bước ngoặt cơ bản trong xây dựng chủ nghĩa xã hội Đề ra đường lối đổi mới toàn diện và đồng bộ"", ""Đại hội đại biểu toàn quốc lần thứ VI của Đảng Cộng sản Việt Nam ảnh tư liệu"", ""Đại hội đại biểu toàn quốc lần thứ VI của Đảng Cộng sản Việt Nam lễ ký""]","[""chinhphu.vn"", ""dangcongsan.vn"", ""tulieuvankien.dangcongsan.vn"", ""quochoi.vn"", ""mofa.gov.vn"", ""vietnamplus.vn"", ""nhandan.vn"", ""un.org"", ""unphoto.un.org""]","[""Đại hội đại biểu toàn quốc lần thứ VI của Đảng Cộng sản Việt Nam"", ""Đại hội đại biểu toàn quốc lần thứ VI của Đảng Cộng sản Việt Nam 12 – 1986"", ""Đại hội đại biểu toàn quốc lần thứ VI của Đảng Cộng sản Việt Nam Việt Nam"", ""Đại hội đại biểu toàn quốc lần thứ VI của Đảng Cộng sản Việt Nam Đánh dấu bước ngoặt cơ bản trong xây dựng chủ nghĩa xã hội Đề ra đường lối đổi mới toàn diện và đồng bộ"", ""Đại hội đại biểu toàn quốc lần thứ VI của Đảng Cộng sản Việt Nam ảnh tư liệu"", ""Đại hội đại biểu toàn quốc lần thứ VI của Đảng Cộng sản Việt Nam lễ ký""]",not_attempted,[],,,Needs manual trusted-source/image search.,False
208,bai-bo-che-do-tem-phieu-o-viet-nam,Bãi bỏ chế độ tem phiếu ở Việt Nam,Ngày 1-4-1989,"Ngày 1-4-1989, chế độ tem phiếu hoàn toàn được bãi bỏ ở Việt Nam. Đây là mốc kết thúc việc phát hành tem phiếu dùng để mua các mặt hàng thiết yếu của đời sống do Nhà nước phân phối.","[""Việt Nam""]",[],"[""Bãi bỏ chế độ tem phiếu ở Việt Nam"", ""Bãi bỏ chế độ tem phiếu ở Việt Nam Ngày 1-4-1989"", ""Bãi bỏ chế độ tem phiếu ở Việt Nam Việt Nam"", ""Bãi bỏ chế độ tem phiếu ở Việt Nam Kết thúc việc phát hành tem phiếu Ngày 1-4-1989"", ""Bãi bỏ chế độ tem phiếu ở Việt Nam ảnh tư liệu"", ""Bãi bỏ chế độ tem phiếu ở Việt Nam lễ ký""]","[""chinhphu.vn"", ""dangcongsan.vn"", ""tulieuvankien.dangcongsan.vn"", ""quochoi.vn"", ""mofa.gov.vn"", ""vietnamplus.vn"", ""nhandan.vn"", ""un.org"", ""unphoto.un.org""]","[""Bãi bỏ chế độ tem phiếu ở Việt Nam"", ""Bãi bỏ chế độ tem phiếu ở Việt Nam Ngày 1-4-1989"", ""Bãi bỏ chế độ tem phiếu ở Việt Nam Việt Nam"", ""Bãi bỏ chế độ tem phiếu ở Việt Nam Kết thúc việc phát hành tem phiếu Ngày 1-4-1989"", ""Bãi bỏ chế độ tem phiếu ở Việt Nam ảnh tư liệu"", ""Bãi bỏ chế độ tem phiếu ở Việt Nam lễ ký""]",not_attempted,[],,,Needs manual trusted-source/image search.,False
209,dai-hoi-dai-bieu-toan-quoc-lan-thu-vii-cua-dang-cong-san-viet-nam,Đại hội đại biểu toàn quốc lần thứ VII của Đảng Cộng sản Việt Nam,1991,Đại hội đại biểu toàn quốc lần thứ VII của Đảng Cộng sản Việt Nam diễn ra vào năm 1991.,"[""Việt Nam""]",[],"[""Đại hội đại biểu toàn quốc lần thứ VII của Đảng Cộng sản Việt Nam"", ""Đại hội đại biểu toàn quốc lần thứ VII của Đảng Cộng sản Việt Nam 1991"", ""Đại hội đại biểu toàn quốc lần thứ VII của Đảng Cộng sản Việt Nam Việt Nam"", ""Đại hội đại biểu toàn quốc lần thứ VII của Đảng Cộng sản Việt Nam Bổ sung đường lối đổi mới Diễn ra năm 1991"", ""Đại hội đại biểu toàn quốc lần thứ VII của Đảng Cộng sản Việt Nam ảnh tư liệu"", ""Đại hội đại biểu toàn quốc lần thứ VII của Đảng Cộng sản Việt Nam lễ ký""]","[""chinhphu.vn"", ""dangcongsan.vn"", ""tulieuvankien.dangcongsan.vn"", ""quochoi.vn"", ""mofa.gov.vn"", ""vietnamplus.vn"", ""nhandan.vn"", ""un.org"", ""unphoto.un.org""]","[""Đại hội đại biểu toàn quốc lần thứ VII của Đảng Cộng sản Việt Nam"", ""Đại hội đại biểu toàn quốc lần thứ VII của Đảng Cộng sản Việt Nam 1991"", ""Đại hội đại biểu toàn quốc lần thứ VII của Đảng Cộng sản Việt Nam Việt Nam"", ""Đại hội đại biểu toàn quốc lần thứ VII của Đảng Cộng sản Việt Nam Bổ sung đường lối đổi mới Diễn ra năm 1991"", ""Đại hội đại biểu toàn quốc lần thứ VII của Đảng Cộng sản Việt Nam ảnh tư liệu"", ""Đại hội đại biểu toàn quốc lần thứ VII của Đảng Cộng sản Việt Nam lễ ký""]",not_attempted,[],,,Needs manual trusted-source/image search.,False
210,viet-nam-binh-thuong-hoa-quan-he-trung-quoc,Việt Nam bình thường hoá quan hệ với Trung Quốc,Năm 1991,"Sau khi Hiệp định Pa-ri về Cam-pu-chia được kí kết (10 1991), Việt Nam đã bình thường hoá quan hệ với Trung Quốc (1991).","[""Trung Quốc""]",[],"[""Việt Nam bình thường hoá quan hệ với Trung Quốc"", ""Việt Nam bình thường hoá quan hệ với Trung Quốc Năm 1991"", ""Việt Nam bình thường hoá quan hệ với Trung Quốc Trung Quốc"", ""Việt Nam bình thường hoá quan hệ với Trung Quốc Bình thường hoá quan hệ Năm 1991"", ""Việt Nam bình thường hoá quan hệ với Trung Quốc lễ ký"", ""Việt Nam bình thường hoá quan hệ với Trung Quốc hội nghị""]","[""mofa.gov.vn"", ""chinhphu.vn"", ""vietnamplus.vn"", ""nhandan.vn"", ""un.org"", ""asean.org"", ""apec.org"", ""europa.eu""]","[""Việt Nam bình thường hoá quan hệ với Trung Quốc"", ""Việt Nam bình thường hoá quan hệ với Trung Quốc Năm 1991"", ""Việt Nam bình thường hoá quan hệ với Trung Quốc Trung Quốc"", ""Việt Nam bình thường hoá quan hệ với Trung Quốc Bình thường hoá quan hệ Năm 1991"", ""Việt Nam bình thường hoá quan hệ với Trung Quốc lễ ký"", ""Việt Nam bình thường hoá quan hệ với Trung Quốc hội nghị""]",not_attempted,[],,,Needs manual trusted-source/image search.,False
211,xay-dung-va-dong-dien-duong-day-500kv-bac-nam-mach-1,Xây dựng và đóng điện đường dây 500 kV Bắc - Nam (mạch 1),1992 - 1993,Công trình đường dây 500 kV Bắc - Nam (mạch 1) được khởi công thiết kế và xây dựng chỉ trong hai năm (1992 - 1993) từ khi khởi công đến khi đóng điện thành công.,"[""Việt Nam"", ""Bắc - Nam""]",[],"[""Xây dựng và đóng điện đường dây 500 kV Bắc - Nam (mạch 1)"", ""Xây dựng và đóng điện đường dây 500 kV Bắc - Nam (mạch 1) 1992 - 1993"", ""Xây dựng và đóng điện đường dây 500 kV Bắc - Nam (mạch 1) Việt Nam"", ""Xây dựng và đóng điện đường dây 500 kV Bắc - Nam (mạch 1) Khởi công và hoàn thành 1992-1993 Trục xương sống hệ thống điện Việt Nam"", ""Xây dựng và đóng điện đường dây 500 kV Bắc - Nam (mạch 1) ảnh tư liệu"", ""Xây dựng và đóng điện đường dây 500 kV Bắc - Nam (mạch 1) lễ ký""]","[""chinhphu.vn"", ""dangcongsan.vn"", ""tulieuvankien.dangcongsan.vn"", ""quochoi.vn"", ""mofa.gov.vn"", ""vietnamplus.vn"", ""nhandan.vn"", ""un.org"", ""unphoto.un.org""]","[""Xây dựng và đóng điện đường dây 500 kV Bắc - Nam (mạch 1)"", ""Xây dựng và đóng điện đường dây 500 kV Bắc - Nam (mạch 1) 1992 - 1993"", ""Xây dựng và đóng điện đường dây 500 kV Bắc - Nam (mạch 1) Việt Nam"", ""Xây dựng và đóng điện đường dây 500 kV Bắc - Nam (mạch 1) Khởi công và hoàn thành 1992-1993 Trục xương sống hệ thống điện Việt Nam"", ""Xây dựng và đóng điện đường dây 500 kV Bắc - Nam (mạch 1) ảnh tư liệu"", ""Xây dựng và đóng điện đường dây 500 kV Bắc - Nam (mạch 1) lễ ký""]",not_attempted,[],,,Needs manual trusted-source/image search.,False
212,dai-loan-chiem-bai-can-ran-san-ho-ban-than,Đài Loan chiếm bãi cạn rạn san hô Bàn Than,Năm 1995,"Đài Loan - Năm 1995, chiếm bãi cạn rạn san hô Bàn Than.","[""bãi cạn rạn san hô Bàn Than""]",[],"[""Đài Loan chiếm bãi cạn rạn san hô Bàn Than"", ""Đài Loan chiếm bãi cạn rạn san hô Bàn Than Năm 1995"", ""Đài Loan chiếm bãi cạn rạn san hô Bàn Than bãi cạn rạn san hô Bàn Than"", ""Đài Loan chiếm bãi cạn rạn san hô Bàn Than Diễn ra năm 1995 Đối tượng: bãi cạn rạn san hô Bàn Than"", ""Đài Loan chiếm bãi cạn rạn san hô Bàn Than ảnh tư liệu"", ""Đài Loan chiếm bãi cạn rạn san hô Bàn Than lễ ký""]","[""chinhphu.vn"", ""dangcongsan.vn"", ""tulieuvankien.dangcongsan.vn"", ""quochoi.vn"", ""mofa.gov.vn"", ""vietnamplus.vn"", ""nhandan.vn"", ""un.org"", ""unphoto.un.org""]","[""Đài Loan chiếm bãi cạn rạn san hô Bàn Than"", ""Đài Loan chiếm bãi cạn rạn san hô Bàn Than Năm 1995"", ""Đài Loan chiếm bãi cạn rạn san hô Bàn Than bãi cạn rạn san hô Bàn Than"", ""Đài Loan chiếm bãi cạn rạn san hô Bàn Than Diễn ra năm 1995 Đối tượng: bãi cạn rạn san hô Bàn Than"", ""Đài Loan chiếm bãi cạn rạn san hô Bàn Than ảnh tư liệu"", ""Đài Loan chiếm bãi cạn rạn san hô Bàn Than lễ ký""]",not_attempted,[],,,Needs manual trusted-source/image search.,False
213,trung-quoc-danh-chiem-da-vanh-khan,Trung Quốc đánh chiếm đá Vành Khăn,Năm 1995,Trung Quốc - Năm 1995: đánh chiếm đá Vành Khăn nằm về phía đông nam quần đảo Trường Sa.,[],[],"[""Trung Quốc đánh chiếm đá Vành Khăn"", ""Trung Quốc đánh chiếm đá Vành Khăn Năm 1995"", ""Trung Quốc đánh chiếm đá Vành Khăn Chủ quyền biển đảo Việt Nam 1975 đến nay"", ""Trung Quốc đánh chiếm đá Vành Khăn Diễn ra năm 1995 Chủ thể: Trung Quốc"", ""Trung Quốc đánh chiếm đá Vành Khăn ảnh tư liệu"", ""Trung Quốc đánh chiếm đá Vành Khăn lễ ký""]","[""chinhphu.vn"", ""dangcongsan.vn"", ""tulieuvankien.dangcongsan.vn"", ""quochoi.vn"", ""mofa.gov.vn"", ""vietnamplus.vn"", ""nhandan.vn"", ""un.org"", ""unphoto.un.org""]","[""Trung Quốc đánh chiếm đá Vành Khăn"", ""Trung Quốc đánh chiếm đá Vành Khăn Năm 1995"", ""Trung Quốc đánh chiếm đá Vành Khăn Chủ quyền biển đảo Việt Nam 1975 đến nay"", ""Trung Quốc đánh chiếm đá Vành Khăn Diễn ra năm 1995 Chủ thể: Trung Quốc"", ""Trung Quốc đánh chiếm đá Vành Khăn ảnh tư liệu"", ""Trung Quốc đánh chiếm đá Vành Khăn lễ ký""]",not_attempted,[],,,Needs manual trusted-source/image search.,False
214,viet-nam-binh-thuong-hoa-quan-he-my,Việt Nam bình thường hoá quan hệ với Mỹ,Năm 1995,Việt Nam đã bình thường hoá quan hệ với Mỹ (1995).,"[""Mỹ""]",[],"[""Việt Nam bình thường hoá quan hệ với Mỹ"", ""Việt Nam bình thường hoá quan hệ với Mỹ Năm 1995"", ""Việt Nam bình thường hoá quan hệ với Mỹ Mỹ"", ""Việt Nam bình thường hoá quan hệ với Mỹ Kí Nghị định thư chính thức thiết lập quan hệ ngoại giao (5-8-1995) Năm 1995"", ""Việt Nam bình thường hoá quan hệ với Mỹ lễ ký"", ""Việt Nam bình thường hoá quan hệ với Mỹ hội nghị""]","[""mofa.gov.vn"", ""chinhphu.vn"", ""vietnamplus.vn"", ""nhandan.vn"", ""un.org"", ""asean.org"", ""apec.org"", ""europa.eu""]","[""Việt Nam bình thường hoá quan hệ với Mỹ"", ""Việt Nam bình thường hoá quan hệ với Mỹ Năm 1995"", ""Việt Nam bình thường hoá quan hệ với Mỹ Mỹ"", ""Việt Nam bình thường hoá quan hệ với Mỹ Kí Nghị định thư chính thức thiết lập quan hệ ngoại giao (5-8-1995) Năm 1995"", ""Việt Nam bình thường hoá quan hệ với Mỹ lễ ký"", ""Việt Nam bình thường hoá quan hệ với Mỹ hội nghị""]",not_attempted,[],,,Needs manual trusted-source/image search.,False
215,dai-hoi-dai-bieu-toan-quoc-lan-thu-viii-cua-dang-cong-san-viet-nam,Đại hội đại biểu toàn quốc lần thứ VIII của Đảng Cộng sản Việt Nam,1996,Đại hội đại biểu toàn quốc lần thứ VIII của Đảng Cộng sản Việt Nam diễn ra vào năm 1996.,"[""Việt Nam""]",[],"[""Đại hội đại biểu toàn quốc lần thứ VIII của Đảng Cộng sản Việt Nam"", ""Đại hội đại biểu toàn quốc lần thứ VIII của Đảng Cộng sản Việt Nam 1996"", ""Đại hội đại biểu toàn quốc lần thứ VIII của Đảng Cộng sản Việt Nam Việt Nam"", ""Đại hội đại biểu toàn quốc lần thứ VIII của Đảng Cộng sản Việt Nam Xác định chuyển sang thời kì đẩy mạnh công nghiệp hóa, hiện đại hóa Diễn ra năm 1996"", ""Đại hội đại biểu toàn quốc lần thứ VIII của Đảng Cộng sản Việt Nam ảnh tư liệu"", ""Đại hội đại biểu toàn quốc lần thứ VIII của Đảng Cộng sản Việt Nam lễ ký""]","[""chinhphu.vn"", ""dangcongsan.vn"", ""tulieuvankien.dangcongsan.vn"", ""quochoi.vn"", ""mofa.gov.vn"", ""vietnamplus.vn"", ""nhandan.vn"", ""un.org"", ""unphoto.un.org""]","[""Đại hội đại biểu toàn quốc lần thứ VIII của Đảng Cộng sản Việt Nam"", ""Đại hội đại biểu toàn quốc lần thứ VIII của Đảng Cộng sản Việt Nam 1996"", ""Đại hội đại biểu toàn quốc lần thứ VIII của Đảng Cộng sản Việt Nam Việt Nam"", ""Đại hội đại biểu toàn quốc lần thứ VIII của Đảng Cộng sản Việt Nam Xác định chuyển sang thời kì đẩy mạnh công nghiệp hóa, hiện đại hóa Diễn ra năm 1996"", ""Đại hội đại biểu toàn quốc lần thứ VIII của Đảng Cộng sản Việt Nam ảnh tư liệu"", ""Đại hội đại biểu toàn quốc lần thứ VIII của Đảng Cộng sản Việt Nam lễ ký""]",not_attempted,[],,,Needs manual trusted-source/image search.,False
216,ki-tuyen-bo-ve-ung-xu-cua-cac-ben-o-bien-dong-doc,Kí Tuyên bố về ứng xử của các bên ở Biển Đông (DOC),Ngày 4 tháng 11 năm 2002,"Tuyên bố về Cách ứng xử của các bên ở Biển Đông (DOC) được các nước ASEAN và Trung Quốc kí ngày 4-11-2002 tại Thủ đô Phnôm Pênh, Cam-pu-chia.","[""Cam-pu-chia"", ""Phnôm Pênh""]",[],"[""Kí Tuyên bố về ứng xử của các bên ở Biển Đông (DOC)"", ""Kí Tuyên bố về ứng xử của các bên ở Biển Đông (DOC) Ngày 4 tháng 11 năm 2002"", ""Kí Tuyên bố về ứng xử của các bên ở Biển Đông (DOC) Cam-pu-chia"", ""Kí Tuyên bố về ứng xử của các bên ở Biển Đông (DOC) Mục tiêu: giải quyết tranh chấp bằng biện pháp hòa bình, không sử dụng vũ lực Kí ngày 4 tháng 11 năm 2002"", ""Kí Tuyên bố về ứng xử của các bên ở Biển Đông (DOC) ảnh tư liệu"", ""Kí Tuyên bố về ứng xử của các bên ở Biển Đông (DOC) lễ ký""]","[""chinhphu.vn"", ""dangcongsan.vn"", ""tulieuvankien.dangcongsan.vn"", ""quochoi.vn"", ""mofa.gov.vn"", ""vietnamplus.vn"", ""nhandan.vn"", ""un.org"", ""unphoto.un.org""]","[""Kí Tuyên bố về ứng xử của các bên ở Biển Đông (DOC)"", ""Kí Tuyên bố về ứng xử của các bên ở Biển Đông (DOC) Ngày 4 tháng 11 năm 2002"", ""Kí Tuyên bố về ứng xử của các bên ở Biển Đông (DOC) Cam-pu-chia"", ""Kí Tuyên bố về ứng xử của các bên ở Biển Đông (DOC) Mục tiêu: giải quyết tranh chấp bằng biện pháp hòa bình, không sử dụng vũ lực Kí ngày 4 tháng 11 năm 2002"", ""Kí Tuyên bố về ứng xử của các bên ở Biển Đông (DOC) ảnh tư liệu"", ""Kí Tuyên bố về ứng xử của các bên ở Biển Đông (DOC) lễ ký""]",not_attempted,[],,,Needs manual trusted-source/image search.,False
217,bo-chinh-tri-ban-hanh-chi-thi-06-ct-tw-ve-cuoc-van-dong-hoc-tap-va-lam-theo-tam-guong-dao-duc-ho-chi-minh,Bộ Chính trị ban hành Chỉ thị 06-CT/TW về Cuộc vận động “Học tập và làm theo tấm gương đạo đức Hồ Chí Minh”,Ngày 7-11-2006,"Ngày 7-11-2006, Bộ Chính trị Đảng Cộng sản Việt Nam khoá X ban hành Chỉ thị 06-CT/TW về tổ chức Cuộc vận động “Học tập và làm theo tấm gương đạo đức Hồ Chí Minh”.",[],[],"[""Bộ Chính trị ban hành Chỉ thị 06-CT/TW về Cuộc vận động “Học tập và làm theo tấm gương đạo đức Hồ Chí Minh”"", ""Bộ Chính trị ban hành Chỉ thị 06-CT/TW về Cuộc vận động “Học tập và làm theo tấm gương đạo đức Hồ Chí Minh” Ngày 7-11-2006"", ""Bộ Chính trị ban hành Chỉ thị 06-CT/TW về Cuộc vận động “Học tập và làm theo tấm gương đạo đức Hồ Chí Minh” Việt Nam từ năm 1975 đến nay"", ""Bộ Chính trị ban hành Chỉ thị 06-CT/TW về Cuộc vận động “Học tập và làm theo tấm gương đạo đức Hồ Chí Minh” Ngày ban hành: 7-11-2006 Cơ quan ban hành: Bộ Chính trị Đảng Cộng sản Việt Nam khoá X"", ""Bộ Chính trị ban hành Chỉ thị 06-CT/TW về Cuộc vận động “Học tập và làm theo tấm gương đạo đức Hồ Chí Minh” ảnh tư liệu"", ""Bộ Chính trị ban hành Chỉ thị 06-CT/TW về Cuộc vận động “Học tập và làm theo tấm gương đạo đức Hồ Chí Minh” lễ ký""]","[""chinhphu.vn"", ""dangcongsan.vn"", ""tulieuvankien.dangcongsan.vn"", ""quochoi.vn"", ""mofa.gov.vn"", ""vietnamplus.vn"", ""nhandan.vn"", ""un.org"", ""unphoto.un.org""]","[""Bộ Chính trị ban hành Chỉ thị 06-CT/TW về Cuộc vận động “Học tập và làm theo tấm gương đạo đức Hồ Chí Minh”"", ""Bộ Chính trị ban hành Chỉ thị 06-CT/TW về Cuộc vận động “Học tập và làm theo tấm gương đạo đức Hồ Chí Minh” Ngày 7-11-2006"", ""Bộ Chính trị ban hành Chỉ thị 06-CT/TW về Cuộc vận động “Học tập và làm theo tấm gương đạo đức Hồ Chí Minh” Việt Nam từ năm 1975 đến nay"", ""Bộ Chính trị ban hành Chỉ thị 06-CT/TW về Cuộc vận động “Học tập và làm theo tấm gương đạo đức Hồ Chí Minh” Ngày ban hành: 7-11-2006 Cơ quan ban hành: Bộ Chính trị Đảng Cộng sản Việt Nam khoá X"", ""Bộ Chính trị ban hành Chỉ thị 06-CT/TW về Cuộc vận động “Học tập và làm theo tấm gương đạo đức Hồ Chí Minh” ảnh tư liệu"", ""Bộ Chính trị ban hành Chỉ thị 06-CT/TW về Cuộc vận động “Học tập và làm theo tấm gương đạo đức Hồ Chí Minh” lễ ký""]",not_attempted,[],,,Needs manual trusted-source/image search.,False
218,dai-hoi-dai-bieu-toan-quoc-lan-thu-x-cua-dang-cong-san-viet-nam,Đại hội đại biểu toàn quốc lần thứ X của Đảng Cộng sản Việt Nam,2006,Đại hội đại biểu toàn quốc lần thứ X của Đảng Cộng sản Việt Nam diễn ra vào năm 2006.,"[""Việt Nam""]",[],"[""Đại hội đại biểu toàn quốc lần thứ X của Đảng Cộng sản Việt Nam"", ""Đại hội đại biểu toàn quốc lần thứ X của Đảng Cộng sản Việt Nam 2006"", ""Đại hội đại biểu toàn quốc lần thứ X của Đảng Cộng sản Việt Nam Việt Nam"", ""Đại hội đại biểu toàn quốc lần thứ X của Đảng Cộng sản Việt Nam Mục tiêu đưa Việt Nam ra khỏi tình trạng kém phát triển Chủ trương đẩy mạnh toàn diện công cuộc Đổi mới"", ""Đại hội đại biểu toàn quốc lần thứ X của Đảng Cộng sản Việt Nam ảnh tư liệu"", ""Đại hội đại biểu toàn quốc lần thứ X của Đảng Cộng sản Việt Nam lễ ký""]","[""chinhphu.vn"", ""dangcongsan.vn"", ""tulieuvankien.dangcongsan.vn"", ""quochoi.vn"", ""mofa.gov.vn"", ""vietnamplus.vn"", ""nhandan.vn"", ""un.org"", ""unphoto.un.org""]","[""Đại hội đại biểu toàn quốc lần thứ X của Đảng Cộng sản Việt Nam"", ""Đại hội đại biểu toàn quốc lần thứ X của Đảng Cộng sản Việt Nam 2006"", ""Đại hội đại biểu toàn quốc lần thứ X của Đảng Cộng sản Việt Nam Việt Nam"", ""Đại hội đại biểu toàn quốc lần thứ X của Đảng Cộng sản Việt Nam Mục tiêu đưa Việt Nam ra khỏi tình trạng kém phát triển Chủ trương đẩy mạnh toàn diện công cuộc Đổi mới"", ""Đại hội đại biểu toàn quốc lần thứ X của Đảng Cộng sản Việt Nam ảnh tư liệu"", ""Đại hội đại biểu toàn quốc lần thứ X của Đảng Cộng sản Việt Nam lễ ký""]",not_attempted,[],,,Needs manual trusted-source/image search.,False
219,viet-nam-thong-qua-luat-bien-viet-nam,Việt Nam thông qua Luật Biển Việt Nam,Năm 2012,Thông qua Luật Biển Việt Nam năm 2012.,[],[],"[""Việt Nam thông qua Luật Biển Việt Nam"", ""Việt Nam thông qua Luật Biển Việt Nam Năm 2012"", ""Việt Nam thông qua Luật Biển Việt Nam Chủ quyền biển đảo Việt Nam 1975 đến nay"", ""Việt Nam thông qua Luật Biển Việt Nam Nội dung: quy định về các vùng biển, thềm lục địa và chủ quyền của Việt Nam Thông qua năm 2012"", ""Việt Nam thông qua Luật Biển Việt Nam ảnh tư liệu"", ""Việt Nam thông qua Luật Biển Việt Nam lễ ký""]","[""chinhphu.vn"", ""dangcongsan.vn"", ""tulieuvankien.dangcongsan.vn"", ""quochoi.vn"", ""mofa.gov.vn"", ""vietnamplus.vn"", ""nhandan.vn"", ""un.org"", ""unphoto.un.org""]","[""Việt Nam thông qua Luật Biển Việt Nam"", ""Việt Nam thông qua Luật Biển Việt Nam Năm 2012"", ""Việt Nam thông qua Luật Biển Việt Nam Chủ quyền biển đảo Việt Nam 1975 đến nay"", ""Việt Nam thông qua Luật Biển Việt Nam Nội dung: quy định về các vùng biển, thềm lục địa và chủ quyền của Việt Nam Thông qua năm 2012"", ""Việt Nam thông qua Luật Biển Việt Nam ảnh tư liệu"", ""Việt Nam thông qua Luật Biển Việt Nam lễ ký""]",not_attempted,[],,,Needs manual trusted-source/image search.,False
220,hien-phap-cong-hoa-xa-hoi-chu-nghia-viet-nam-2013,Hiến pháp nước Cộng hoà xã hội chủ nghĩa Việt Nam năm 2013,Năm 2013,"Điều 5, Hiến pháp nước Cộng hoà xã hội chủ nghĩa Việt Nam, năm 2013, có đoạn: “Nước Cộng hoà xã hội chủ nghĩa Việt Nam là quốc gia thống nhất của các dân tộc củng sinh sống trên đất nước Việt Nam. Các dân tộc bình đẳng, đoàn kết, tôn trọng và giúp nhau cùng phát triển; nghiêm cấm mọi hành vi kì thị, chia rẽ dân tộc”.","[""Việt Nam""]",[],"[""Hiến pháp nước Cộng hoà xã hội chủ nghĩa Việt Nam năm 2013"", ""Hiến pháp nước Cộng hoà xã hội chủ nghĩa Việt Nam năm 2013 Năm 2013"", ""Hiến pháp nước Cộng hoà xã hội chủ nghĩa Việt Nam năm 2013 Việt Nam"", ""Hiến pháp nước Cộng hoà xã hội chủ nghĩa Việt Nam năm 2013 Các dân tộc bình đẳng, đoàn kết, tôn trọng và giúp nhau cùng phát triển Ban hành năm 2013"", ""Hiến pháp nước Cộng hoà xã hội chủ nghĩa Việt Nam năm 2013 ảnh tư liệu"", ""Hiến pháp nước Cộng hoà xã hội chủ nghĩa Việt Nam năm 2013 lễ ký""]","[""chinhphu.vn"", ""dangcongsan.vn"", ""tulieuvankien.dangcongsan.vn"", ""quochoi.vn"", ""mofa.gov.vn"", ""vietnamplus.vn"", ""nhandan.vn"", ""un.org"", ""unphoto.un.org""]","[""Hiến pháp nước Cộng hoà xã hội chủ nghĩa Việt Nam năm 2013"", ""Hiến pháp nước Cộng hoà xã hội chủ nghĩa Việt Nam năm 2013 Năm 2013"", ""Hiến pháp nước Cộng hoà xã hội chủ nghĩa Việt Nam năm 2013 Việt Nam"", ""Hiến pháp nước Cộng hoà xã hội chủ nghĩa Việt Nam năm 2013 Các dân tộc bình đẳng, đoàn kết, tôn trọng và giúp nhau cùng phát triển Ban hành năm 2013"", ""Hiến pháp nước Cộng hoà xã hội chủ nghĩa Việt Nam năm 2013 ảnh tư liệu"", ""Hiến pháp nước Cộng hoà xã hội chủ nghĩa Việt Nam năm 2013 lễ ký""]",not_attempted,[],,,Needs manual trusted-source/image search.,False
221,viet-nam-hoan-tat-muc-tieu-thien-nien-ki,Việt Nam hoàn tất việc thực hiện các Mục tiêu Thiên niên kỉ (MDGs) của Liên hợp quốc,Đến năm 2015,"Đến 2015, Việt Nam đã hoàn tất việc thực hiện các Mục tiêu Thiên niên kỉ (MDGs) của Liên hợp quốc như: xoá đói, giảm nghèo, đạt phổ cập giáo dục tiểu học, thúc đẩy bình đẳng giới và đạt nhiều tiến bộ trong chỉ tiêu về y tế.","[""Việt Nam""]",[],"[""Việt Nam hoàn tất việc thực hiện các Mục tiêu Thiên niên kỉ (MDGs) của Liên hợp quốc"", ""Việt Nam hoàn tất việc thực hiện các Mục tiêu Thiên niên kỉ (MDGs) của Liên hợp quốc Đến năm 2015"", ""Việt Nam hoàn tất việc thực hiện các Mục tiêu Thiên niên kỉ (MDGs) của Liên hợp quốc Việt Nam"", ""Việt Nam hoàn tất việc thực hiện các Mục tiêu Thiên niên kỉ (MDGs) của Liên hợp quốc Thành tựu về xoá đói giảm nghèo, phổ cập giáo dục, bình đẳng giới, y tế Thực hiện các Mục tiêu Thiên niên kỉ của Liên hợp quốc"", ""Việt Nam hoàn tất việc thực hiện các Mục tiêu Thiên niên kỉ (MDGs) của Liên hợp quốc lễ ký"", ""Việt Nam hoàn tất việc thực hiện các Mục tiêu Thiên niên kỉ (MDGs) của Liên hợp quốc hội nghị""]","[""mofa.gov.vn"", ""chinhphu.vn"", ""vietnamplus.vn"", ""nhandan.vn"", ""un.org"", ""asean.org"", ""apec.org"", ""europa.eu""]","[""Việt Nam hoàn tất việc thực hiện các Mục tiêu Thiên niên kỉ (MDGs) của Liên hợp quốc"", ""Việt Nam hoàn tất việc thực hiện các Mục tiêu Thiên niên kỉ (MDGs) của Liên hợp quốc Đến năm 2015"", ""Việt Nam hoàn tất việc thực hiện các Mục tiêu Thiên niên kỉ (MDGs) của Liên hợp quốc Việt Nam"", ""Việt Nam hoàn tất việc thực hiện các Mục tiêu Thiên niên kỉ (MDGs) của Liên hợp quốc Thành tựu về xoá đói giảm nghèo, phổ cập giáo dục, bình đẳng giới, y tế Thực hiện các Mục tiêu Thiên niên kỉ của Liên hợp quốc"", ""Việt Nam hoàn tất việc thực hiện các Mục tiêu Thiên niên kỉ (MDGs) của Liên hợp quốc lễ ký"", ""Việt Nam hoàn tất việc thực hiện các Mục tiêu Thiên niên kỉ (MDGs) của Liên hợp quốc hội nghị""]",not_attempted,[],,,Needs manual trusted-source/image search.,False
222,bo-chinh-tri-ban-hanh-chi-thi-05-ct-tw-ve-day-manh-hoc-tap-va-lam-theo-tu-tuong-dao-duc-phong-cach-ho-chi-minh,"Bộ Chính trị ban hành Chỉ thị 05-CT/TW về “đẩy mạnh học tập và làm theo tư tưởng, đạo đức, phong cách Hồ Chí Minh”",Ngày 15 – 5 – 2016,"Ngày 15 – 5 – 2016, Bộ Chính trị ban hành Chỉ thị 05-CT/TW về “đẩy mạnh học tập và làm theo tư tưởng, đạo đức, phong cách Hồ Chí Minh. Đến nay, cuộc vận động đã và đang được lan toả đến các thế hệ cán bộ đảng viên và quần chúng nhân dân.",[],[],"[""Bộ Chính trị ban hành Chỉ thị 05-CT/TW về “đẩy mạnh học tập và làm theo tư tưởng, đạo đức, phong cách Hồ Chí Minh”"", ""Bộ Chính trị ban hành Chỉ thị 05-CT/TW về “đẩy mạnh học tập và làm theo tư tưởng, đạo đức, phong cách Hồ Chí Minh” Ngày 15 – 5 – 2016"", ""Bộ Chính trị ban hành Chỉ thị 05-CT/TW về “đẩy mạnh học tập và làm theo tư tưởng, đạo đức, phong cách Hồ Chí Minh” Việt Nam từ năm 1975 đến nay"", ""Bộ Chính trị ban hành Chỉ thị 05-CT/TW về “đẩy mạnh học tập và làm theo tư tưởng, đạo đức, phong cách Hồ Chí Minh” Cơ quan ban hành: Bộ Chính trị Ngày ban hành: 15-5-2016"", ""Bộ Chính trị ban hành Chỉ thị 05-CT/TW về “đẩy mạnh học tập và làm theo tư tưởng, đạo đức, phong cách Hồ Chí Minh” ảnh tư liệu"", ""Bộ Chính trị ban hành Chỉ thị 05-CT/TW về “đẩy mạnh học tập và làm theo tư tưởng, đạo đức, phong cách Hồ Chí Minh” lễ ký""]","[""chinhphu.vn"", ""dangcongsan.vn"", ""tulieuvankien.dangcongsan.vn"", ""quochoi.vn"", ""mofa.gov.vn"", ""vietnamplus.vn"", ""nhandan.vn"", ""un.org"", ""unphoto.un.org""]","[""Bộ Chính trị ban hành Chỉ thị 05-CT/TW về “đẩy mạnh học tập và làm theo tư tưởng, đạo đức, phong cách Hồ Chí Minh”"", ""Bộ Chính trị ban hành Chỉ thị 05-CT/TW về “đẩy mạnh học tập và làm theo tư tưởng, đạo đức, phong cách Hồ Chí Minh” Ngày 15 – 5 – 2016"", ""Bộ Chính trị ban hành Chỉ thị 05-CT/TW về “đẩy mạnh học tập và làm theo tư tưởng, đạo đức, phong cách Hồ Chí Minh” Việt Nam từ năm 1975 đến nay"", ""Bộ Chính trị ban hành Chỉ thị 05-CT/TW về “đẩy mạnh học tập và làm theo tư tưởng, đạo đức, phong cách Hồ Chí Minh” Cơ quan ban hành: Bộ Chính trị Ngày ban hành: 15-5-2016"", ""Bộ Chính trị ban hành Chỉ thị 05-CT/TW về “đẩy mạnh học tập và làm theo tư tưởng, đạo đức, phong cách Hồ Chí Minh” ảnh tư liệu"", ""Bộ Chính trị ban hành Chỉ thị 05-CT/TW về “đẩy mạnh học tập và làm theo tư tưởng, đạo đức, phong cách Hồ Chí Minh” lễ ký""]",not_attempted,[],,,Needs manual trusted-source/image search.,False
223,quan-he-viet-nam-my-doi-tac-chien-luoc-toan-dien,Quan hệ Việt Nam - Mỹ lên tầm đối tác chiến lược toàn diện,Năm 2023,Chuyến thăm của Tổng thống Mỹ đến Việt Nam đánh dấu quan hệ hợp tác giữa hai nước lên tầm đối tác chiến lược toàn diện (2023).,"[""Mỹ"", ""Việt Nam""]",[],"[""Quan hệ Việt Nam - Mỹ lên tầm đối tác chiến lược toàn diện"", ""Quan hệ Việt Nam - Mỹ lên tầm đối tác chiến lược toàn diện Năm 2023"", ""Quan hệ Việt Nam - Mỹ lên tầm đối tác chiến lược toàn diện Mỹ"", ""Quan hệ Việt Nam - Mỹ lên tầm đối tác chiến lược toàn diện Tổng thống Mỹ thăm Việt Nam Quan hệ lên tầm đối tác chiến lược toàn diện"", ""Quan hệ Việt Nam - Mỹ lên tầm đối tác chiến lược toàn diện lễ ký"", ""Quan hệ Việt Nam - Mỹ lên tầm đối tác chiến lược toàn diện hội nghị""]","[""mofa.gov.vn"", ""chinhphu.vn"", ""vietnamplus.vn"", ""nhandan.vn"", ""un.org"", ""asean.org"", ""apec.org"", ""europa.eu""]","[""Quan hệ Việt Nam - Mỹ lên tầm đối tác chiến lược toàn diện"", ""Quan hệ Việt Nam - Mỹ lên tầm đối tác chiến lược toàn diện Năm 2023"", ""Quan hệ Việt Nam - Mỹ lên tầm đối tác chiến lược toàn diện Mỹ"", ""Quan hệ Việt Nam - Mỹ lên tầm đối tác chiến lược toàn diện Tổng thống Mỹ thăm Việt Nam Quan hệ lên tầm đối tác chiến lược toàn diện"", ""Quan hệ Việt Nam - Mỹ lên tầm đối tác chiến lược toàn diện lễ ký"", ""Quan hệ Việt Nam - Mỹ lên tầm đối tác chiến lược toàn diện hội nghị""]",not_attempted,[],,,Needs manual trusted-source/image search.,False
224,chien-luoc-vua-danh-vua-dam-va-van-dong-quoc-te-cong-nhan-mat-tran-dan-toc-giai-phong-mien-nam-viet-nam,"Chiến lược ""vừa đánh, vừa đàm"" và vận động quốc tế công nhận Mặt trận Dân tộc giải phóng miền Nam Việt Nam",Trong kháng chiến chống Mỹ (1954-1975),"Cùng với những thắng lợi quân sự, Chính phủ Việt Nam Dân chủ Cộng hoà chủ động kết hợp “vừa đánh, vừa đàm, cung cấp tư liệu về cuộc chiến tranh phi nghĩa mà Mỹ tiến hành ở miền Nam Việt Nam, tranh thủ sự ủng hộ của nhân dân tiến bộ trên thế giới, đòi Mỹ chấm dứt chiến tranh; đồng thời, tích cực vận động quốc tế công nhận Mặt trận Dân tộc giải phóng miền Nam Việt Nam.",[],[],"[""Chiến lược \""vừa đánh, vừa đàm\"" và vận động quốc tế công nhận Mặt trận Dân tộc giải phóng miền Nam Việt Nam"", ""Chiến lược \""vừa đánh, vừa đàm\"" và vận động quốc tế công nhận Mặt trận Dân tộc giải phóng miền Nam Việt Nam Trong kháng chiến chống Mỹ (1954-1975)"", ""Chiến lược \""vừa đánh, vừa đàm\"" và vận động quốc tế công nhận Mặt trận Dân tộc giải phóng miền Nam Việt Nam Cuộc kháng chiến chống Mỹ, cứu nước"", ""Chiến lược \""vừa đánh, vừa đàm\"" và vận động quốc tế công nhận Mặt trận Dân tộc giải phóng miền Nam Việt Nam Tranh thủ ủng hộ quốc tế Cung cấp tư liệu về chiến tranh phi nghĩa của Mỹ"", ""Chiến lược \""vừa đánh, vừa đàm\"" và vận động quốc tế công nhận Mặt trận Dân tộc giải phóng miền Nam Việt Nam ảnh tư liệu"", ""Chiến lược \""vừa đánh, vừa đàm\"" và vận động quốc tế công nhận Mặt trận Dân tộc giải phóng miền Nam Việt Nam chiến dịch""]","[""btlsqsvn.org.vn"", ""qdnd.vn"", ""nhandan.vn"", ""vietnamplus.vn"", ""hochiminh.vn"", ""baotanglichsu.vn"", ""luutru.gov.vn"", ""loc.gov"", ""archives.gov""]","[""Chiến lược \""vừa đánh, vừa đàm\"" và vận động quốc tế công nhận Mặt trận Dân tộc giải phóng miền Nam Việt Nam"", ""Chiến lược \""vừa đánh, vừa đàm\"" và vận động quốc tế công nhận Mặt trận Dân tộc giải phóng miền Nam Việt Nam Trong kháng chiến chống Mỹ (1954-1975)"", ""Chiến lược \""vừa đánh, vừa đàm\"" và vận động quốc tế công nhận Mặt trận Dân tộc giải phóng miền Nam Việt Nam Cuộc kháng chiến chống Mỹ, cứu nước"", ""Chiến lược \""vừa đánh, vừa đàm\"" và vận động quốc tế công nhận Mặt trận Dân tộc giải phóng miền Nam Việt Nam Tranh thủ ủng hộ quốc tế Cung cấp tư liệu về chiến tranh phi nghĩa của Mỹ"", ""Chiến lược \""vừa đánh, vừa đàm\"" và vận động quốc tế công nhận Mặt trận Dân tộc giải phóng miền Nam Việt Nam ảnh tư liệu"", ""Chiến lược \""vừa đánh, vừa đàm\"" và vận động quốc tế công nhận Mặt trận Dân tộc giải phóng miền Nam Việt Nam chiến dịch""]",not_attempted,[],,,Needs manual trusted-source/image search.,False
225,chinh-quyen-phap-cai-cach-huong-chinh,Chính quyền thực dân Pháp thực hiện cải cách hương chính,Thời Pháp thuộc,"Thời Pháp thuộc: Chính quyền thực dân Pháp thực hiện nhiều biện pháp cải cách nhằm tăng cường quản lí hành chính (như chính sách ""cải lương hương chính"") nhưng không thành công.",[],[],"[""Chính quyền thực dân Pháp thực hiện cải cách hương chính"", ""Chính quyền thực dân Pháp thực hiện cải cách hương chính Thời Pháp thuộc"", ""Chính quyền thực dân Pháp thực hiện cải cách hương chính Việt Nam từ năm 1858 đến năm 1918"", ""Chính quyền thực dân Pháp thực hiện cải cách hương chính Chính sách \""cải lương hương chính\"" Nhằm tăng cường quản lí hành chính"", ""Chính quyền thực dân Pháp thực hiện cải cách hương chính ảnh tư liệu"", ""Chính quyền thực dân Pháp thực hiện cải cách hương chính chân dung""]","[""baotanglichsu.vn"", ""luutru.gov.vn"", ""hochiminh.vn"", ""nhandan.vn"", ""qdnd.vn"", ""vietnamplus.vn"", ""gallica.bnf.fr"", ""loc.gov""]","[""Chính quyền thực dân Pháp thực hiện cải cách hương chính"", ""Chính quyền thực dân Pháp thực hiện cải cách hương chính Thời Pháp thuộc"", ""Chính quyền thực dân Pháp thực hiện cải cách hương chính Việt Nam từ năm 1858 đến năm 1918"", ""Chính quyền thực dân Pháp thực hiện cải cách hương chính Chính sách \""cải lương hương chính\"" Nhằm tăng cường quản lí hành chính"", ""Chính quyền thực dân Pháp thực hiện cải cách hương chính ảnh tư liệu"", ""Chính quyền thực dân Pháp thực hiện cải cách hương chính chân dung""]",not_attempted,[],,,Needs manual trusted-source/image search.,False
226,chu-nom-su-dung-rong-rai,Chữ Nôm được sử dụng rộng rãi,Từ thế kỉ XIII,"Trên cơ sở chữ Hán, chữ Nôm được người Việt sáng tạo và được sử dụng rộng rãi từ thế kỉ XIII.",[],[],"[""Chữ Nôm được sử dụng rộng rãi"", ""Chữ Nôm được sử dụng rộng rãi Từ thế kỉ XIII"", ""Chữ Nôm được sử dụng rộng rãi Việt Nam từ thế kỉ X đến thế kỉ XV"", ""Chữ Nôm được sử dụng rộng rãi Sáng tạo trên cơ sở chữ Hán Được người Việt sáng tạo"", ""Chữ Nôm được sử dụng rộng rãi hiện vật"", ""Chữ Nôm được sử dụng rộng rãi di sản""]","[""baotanglichsu.vn"", ""bvhttdl.gov.vn"", ""disanvanhoa.gov.vn"", ""vnfam.vn"", ""unesco.org""]","[""Chữ Nôm được sử dụng rộng rãi"", ""Chữ Nôm được sử dụng rộng rãi Từ thế kỉ XIII"", ""Chữ Nôm được sử dụng rộng rãi Việt Nam từ thế kỉ X đến thế kỉ XV"", ""Chữ Nôm được sử dụng rộng rãi Sáng tạo trên cơ sở chữ Hán Được người Việt sáng tạo"", ""Chữ Nôm được sử dụng rộng rãi hiện vật"", ""Chữ Nôm được sử dụng rộng rãi di sản""]",not_attempted,[],,,Needs manual trusted-source/image search.,False
227,chu-quoc-ngu-xuat-hien,Chữ Quốc ngữ xuất hiện và dần được hoàn thiện,Từ đầu thế kỉ XVI,"Từ đầu thế kỉ XVI, cùng với sự du nhập của Công giáo, chữ Quốc ngữ đã xuất hiện và dần được hoàn thiện.",[],[],"[""Chữ Quốc ngữ xuất hiện và dần được hoàn thiện"", ""Chữ Quốc ngữ xuất hiện và dần được hoàn thiện Từ đầu thế kỉ XVI"", ""Chữ Quốc ngữ xuất hiện và dần được hoàn thiện Việt Nam từ thế kỉ XVI đến thế kỉ XIX"", ""Chữ Quốc ngữ xuất hiện và dần được hoàn thiện Dần được hoàn thiện Xuất hiện từ đầu thế kỉ XVI"", ""Chữ Quốc ngữ xuất hiện và dần được hoàn thiện hiện vật"", ""Chữ Quốc ngữ xuất hiện và dần được hoàn thiện di sản""]","[""baotanglichsu.vn"", ""bvhttdl.gov.vn"", ""disanvanhoa.gov.vn"", ""vnfam.vn"", ""unesco.org""]","[""Chữ Quốc ngữ xuất hiện và dần được hoàn thiện"", ""Chữ Quốc ngữ xuất hiện và dần được hoàn thiện Từ đầu thế kỉ XVI"", ""Chữ Quốc ngữ xuất hiện và dần được hoàn thiện Việt Nam từ thế kỉ XVI đến thế kỉ XIX"", ""Chữ Quốc ngữ xuất hiện và dần được hoàn thiện Dần được hoàn thiện Xuất hiện từ đầu thế kỉ XVI"", ""Chữ Quốc ngữ xuất hiện và dần được hoàn thiện hiện vật"", ""Chữ Quốc ngữ xuất hiện và dần được hoàn thiện di sản""]",not_attempted,[],,,Needs manual trusted-source/image search.,False
228,dau-tranh-chong-phong-kien-phuong-bac,"Đấu tranh chống sự thống trị, đồng hoá của các triều đại phong kiến phương Bắc",Hơn 1000 năm Bắc thuộc,"Khối đại đoàn kết dân tộc ở Việt Nam ngày càng được củng cố qua cuộc đấu tranh bền bỉ trong hơn 1 000 năm chống lại sự thống trị, đồng hoá của các triều đại phong kiến phương Bắc, giành lại độc lập dân tộc.","[""phương Bắc"", ""Việt Nam""]",[],"[""Đấu tranh chống sự thống trị, đồng hoá của các triều đại phong kiến phương Bắc"", ""Đấu tranh chống sự thống trị, đồng hoá của các triều đại phong kiến phương Bắc Hơn 1000 năm Bắc thuộc"", ""Đấu tranh chống sự thống trị, đồng hoá của các triều đại phong kiến phương Bắc phương Bắc"", ""Đấu tranh chống sự thống trị, đồng hoá của các triều đại phong kiến phương Bắc Chống lại sự thống trị và đồng hóa Củng cố khối đại đoàn kết dân tộc"", ""Đấu tranh chống sự thống trị, đồng hoá của các triều đại phong kiến phương Bắc hiện vật"", ""Đấu tranh chống sự thống trị, đồng hoá của các triều đại phong kiến phương Bắc di tích""]","[""baotanglichsu.vn"", ""disanvanhoa.gov.vn"", ""bvhttdl.gov.vn"", ""qdnd.vn"", ""nhandan.vn"", ""unesco.org"", ""whc.unesco.org""]","[""Đấu tranh chống sự thống trị, đồng hoá của các triều đại phong kiến phương Bắc"", ""Đấu tranh chống sự thống trị, đồng hoá của các triều đại phong kiến phương Bắc Hơn 1000 năm Bắc thuộc"", ""Đấu tranh chống sự thống trị, đồng hoá của các triều đại phong kiến phương Bắc phương Bắc"", ""Đấu tranh chống sự thống trị, đồng hoá của các triều đại phong kiến phương Bắc Chống lại sự thống trị và đồng hóa Củng cố khối đại đoàn kết dân tộc"", ""Đấu tranh chống sự thống trị, đồng hoá của các triều đại phong kiến phương Bắc hiện vật"", ""Đấu tranh chống sự thống trị, đồng hoá của các triều đại phong kiến phương Bắc di tích""]",not_attempted,[],,,Needs manual trusted-source/image search.,False
229,dinh-tien-le-dong-do-hoa-lu,Triều Đinh và Tiền Lê đóng đô ở Hoa Lư,Thời Đinh – Tiền Lê,Triều Định và Tiền Lê đóng đô ở Hoa Lư (Ninh Bình); kinh tế và văn hoá dân tộc bước đầu phát triển.,[],[],"[""Triều Đinh và Tiền Lê đóng đô ở Hoa Lư"", ""Triều Đinh và Tiền Lê đóng đô ở Hoa Lư Thời Đinh – Tiền Lê"", ""Triều Đinh và Tiền Lê đóng đô ở Hoa Lư Việt Nam từ thế kỉ X đến thế kỉ XV"", ""Triều Đinh và Tiền Lê đóng đô ở Hoa Lư Đóng đô ở Hoa Lư (Ninh Bình) Kinh tế và văn hoá bước đầu phát triển"", ""Triều Đinh và Tiền Lê đóng đô ở Hoa Lư hiện vật"", ""Triều Đinh và Tiền Lê đóng đô ở Hoa Lư di tích""]","[""baotanglichsu.vn"", ""disanvanhoa.gov.vn"", ""bvhttdl.gov.vn"", ""qdnd.vn"", ""nhandan.vn"", ""unesco.org"", ""whc.unesco.org""]","[""Triều Đinh và Tiền Lê đóng đô ở Hoa Lư"", ""Triều Đinh và Tiền Lê đóng đô ở Hoa Lư Thời Đinh – Tiền Lê"", ""Triều Đinh và Tiền Lê đóng đô ở Hoa Lư Việt Nam từ thế kỉ X đến thế kỉ XV"", ""Triều Đinh và Tiền Lê đóng đô ở Hoa Lư Đóng đô ở Hoa Lư (Ninh Bình) Kinh tế và văn hoá bước đầu phát triển"", ""Triều Đinh và Tiền Lê đóng đô ở Hoa Lư hiện vật"", ""Triều Đinh và Tiền Lê đóng đô ở Hoa Lư di tích""]",not_attempted,[],,,Needs manual trusted-source/image search.,False
230,khang-chien-thang-loi,Kháng chiến thắng lợi,Thời kì kháng chiến,Lực lượng đoàn kết đã giúp kháng chiến thắng lợi.,[],[],"[""Kháng chiến thắng lợi"", ""Kháng chiến thắng lợi Thời kì kháng chiến"", ""Kháng chiến thắng lợi Việt Nam từ năm 1945 đến năm 1954"", ""Kháng chiến thắng lợi Thắng lợi nhờ lực lượng đoàn kết"", ""Kháng chiến thắng lợi ảnh tư liệu"", ""Kháng chiến thắng lợi chiến dịch""]","[""btlsqsvn.org.vn"", ""qdnd.vn"", ""nhandan.vn"", ""vietnamplus.vn"", ""hochiminh.vn"", ""baotanglichsu.vn"", ""luutru.gov.vn"", ""loc.gov"", ""archives.gov""]","[""Kháng chiến thắng lợi"", ""Kháng chiến thắng lợi Thời kì kháng chiến"", ""Kháng chiến thắng lợi Việt Nam từ năm 1945 đến năm 1954"", ""Kháng chiến thắng lợi Thắng lợi nhờ lực lượng đoàn kết"", ""Kháng chiến thắng lợi ảnh tư liệu"", ""Kháng chiến thắng lợi chiến dịch""]",not_attempted,[],,,Needs manual trusted-source/image search.,False
231,lang-co-ten-nom-xuat-hien-som-thoi-ly-tran,Những làng có tên nôm xuất hiện sớm vào thời Lý – Trần,Thời Lý – Trần,Những làng có tên nôm thường là những làng xuất hiện sớm vào thời Lý – Trần.,[],[],"[""Những làng có tên nôm xuất hiện sớm vào thời Lý – Trần"", ""Những làng có tên nôm xuất hiện sớm vào thời Lý – Trần Thời Lý – Trần"", ""Những làng có tên nôm xuất hiện sớm vào thời Lý – Trần Việt Nam từ thế kỉ X đến thế kỉ XV"", ""Những làng có tên nôm xuất hiện sớm vào thời Lý – Trần Thời Lý – Trần Xuất hiện sớm"", ""Những làng có tên nôm xuất hiện sớm vào thời Lý – Trần hiện vật"", ""Những làng có tên nôm xuất hiện sớm vào thời Lý – Trần di tích""]","[""baotanglichsu.vn"", ""disanvanhoa.gov.vn"", ""bvhttdl.gov.vn"", ""qdnd.vn"", ""nhandan.vn"", ""unesco.org"", ""whc.unesco.org""]","[""Những làng có tên nôm xuất hiện sớm vào thời Lý – Trần"", ""Những làng có tên nôm xuất hiện sớm vào thời Lý – Trần Thời Lý – Trần"", ""Những làng có tên nôm xuất hiện sớm vào thời Lý – Trần Việt Nam từ thế kỉ X đến thế kỉ XV"", ""Những làng có tên nôm xuất hiện sớm vào thời Lý – Trần Thời Lý – Trần Xuất hiện sớm"", ""Những làng có tên nôm xuất hiện sớm vào thời Lý – Trần hiện vật"", ""Những làng có tên nôm xuất hiện sớm vào thời Lý – Trần di tích""]",not_attempted,[],,,Needs manual trusted-source/image search.,False
232,nha-ly-su-dung-thi-cu-nho-hoc,Nhà Lý chính thức sử dụng chế độ thi cử Nho học,Thời Lý,Nhà Lý là triều đại đầu tiên chính thức sử dụng chế độ thi cử Nho học để tuyển chọn quan lại.,[],[],"[""Nhà Lý chính thức sử dụng chế độ thi cử Nho học"", ""Nhà Lý chính thức sử dụng chế độ thi cử Nho học Thời Lý"", ""Nhà Lý chính thức sử dụng chế độ thi cử Nho học Việt Nam từ thế kỉ X đến thế kỉ XV"", ""Nhà Lý chính thức sử dụng chế độ thi cử Nho học Chính thức sử dụng chế độ thi cử Nho học Để tuyển chọn quan lại"", ""Nhà Lý chính thức sử dụng chế độ thi cử Nho học hiện vật"", ""Nhà Lý chính thức sử dụng chế độ thi cử Nho học di tích""]","[""baotanglichsu.vn"", ""disanvanhoa.gov.vn"", ""bvhttdl.gov.vn"", ""qdnd.vn"", ""nhandan.vn"", ""unesco.org"", ""whc.unesco.org""]","[""Nhà Lý chính thức sử dụng chế độ thi cử Nho học"", ""Nhà Lý chính thức sử dụng chế độ thi cử Nho học Thời Lý"", ""Nhà Lý chính thức sử dụng chế độ thi cử Nho học Việt Nam từ thế kỉ X đến thế kỉ XV"", ""Nhà Lý chính thức sử dụng chế độ thi cử Nho học Chính thức sử dụng chế độ thi cử Nho học Để tuyển chọn quan lại"", ""Nhà Lý chính thức sử dụng chế độ thi cử Nho học hiện vật"", ""Nhà Lý chính thức sử dụng chế độ thi cử Nho học di tích""]",not_attempted,[],,,Needs manual trusted-source/image search.,False
233,nha-ly-to-chuc-khoa-thi-nho-hoc-dau-tien,Nhà Lý tổ chức khoa thi Nho học đầu tiên,Thời nhà Lý,Nhà Lý cho... tổ chức khoa thi Nho học đầu tiên để tuyển dụng quan lại.,"[""Việt Nam""]",[],"[""Nhà Lý tổ chức khoa thi Nho học đầu tiên"", ""Nhà Lý tổ chức khoa thi Nho học đầu tiên Thời nhà Lý"", ""Nhà Lý tổ chức khoa thi Nho học đầu tiên Việt Nam"", ""Nhà Lý tổ chức khoa thi Nho học đầu tiên Tổ chức bởi nhà Lý Mục đích tuyển dụng quan lại"", ""Nhà Lý tổ chức khoa thi Nho học đầu tiên hiện vật"", ""Nhà Lý tổ chức khoa thi Nho học đầu tiên di tích""]","[""baotanglichsu.vn"", ""disanvanhoa.gov.vn"", ""bvhttdl.gov.vn"", ""qdnd.vn"", ""nhandan.vn"", ""unesco.org"", ""whc.unesco.org""]","[""Nhà Lý tổ chức khoa thi Nho học đầu tiên"", ""Nhà Lý tổ chức khoa thi Nho học đầu tiên Thời nhà Lý"", ""Nhà Lý tổ chức khoa thi Nho học đầu tiên Việt Nam"", ""Nhà Lý tổ chức khoa thi Nho học đầu tiên Tổ chức bởi nhà Lý Mục đích tuyển dụng quan lại"", ""Nhà Lý tổ chức khoa thi Nho học đầu tiên hiện vật"", ""Nhà Lý tổ chức khoa thi Nho học đầu tiên di tích""]",not_attempted,[],,,Needs manual trusted-source/image search.,False
234,nho-giao-du-nhap-viet-nam,Nho giáo du nhập vào Việt Nam,Thời Bắc thuộc,Nho giáo (Trung Quốc) du nhập vào Việt Nam từ thời Bắc thuộc.,"[""Việt Nam"", ""Trung Quốc""]",[],"[""Nho giáo du nhập vào Việt Nam"", ""Nho giáo du nhập vào Việt Nam Thời Bắc thuộc"", ""Nho giáo du nhập vào Việt Nam Việt Nam"", ""Nho giáo du nhập vào Việt Nam Ảnh hưởng đến Việt Nam Du nhập thời Bắc thuộc"", ""Nho giáo du nhập vào Việt Nam hiện vật"", ""Nho giáo du nhập vào Việt Nam di sản""]","[""baotanglichsu.vn"", ""bvhttdl.gov.vn"", ""disanvanhoa.gov.vn"", ""vnfam.vn"", ""unesco.org""]","[""Nho giáo du nhập vào Việt Nam"", ""Nho giáo du nhập vào Việt Nam Thời Bắc thuộc"", ""Nho giáo du nhập vào Việt Nam Việt Nam"", ""Nho giáo du nhập vào Việt Nam Ảnh hưởng đến Việt Nam Du nhập thời Bắc thuộc"", ""Nho giáo du nhập vào Việt Nam hiện vật"", ""Nho giáo du nhập vào Việt Nam di sản""]",not_attempted,[],,,Needs manual trusted-source/image search.,False
235,phong-trao-can-vuong,Phong trào Cần Vương,Phong trào Cần Vương,Nút collection dẫn xuất từ force_parent.json cho nhóm Phong trào Cần Vương.,"[""Việt Nam""]",[],"[""Phong trào Cần Vương"", ""Phong trào Cần Vương Phong trào Cần Vương"", ""Phong trào Cần Vương Việt Nam"", ""Phong trào Cần Vương ảnh tư liệu"", ""Phong trào Cần Vương chân dung""]","[""baotanglichsu.vn"", ""luutru.gov.vn"", ""hochiminh.vn"", ""nhandan.vn"", ""qdnd.vn"", ""vietnamplus.vn"", ""gallica.bnf.fr"", ""loc.gov""]","[""Phong trào Cần Vương"", ""Phong trào Cần Vương Phong trào Cần Vương"", ""Phong trào Cần Vương Việt Nam"", ""Phong trào Cần Vương ảnh tư liệu"", ""Phong trào Cần Vương chân dung""]",not_attempted,[],,,Needs manual trusted-source/image search.,False
236,tan-cong-champa-dai-viet-cuoi-tk14,Các cuộc tấn công của Chăm-pa vào Đại Việt,Trong khoảng 30 năm cuối thế kỉ XIV,"Trong khoảng 30 năm cuối thế kỉ XIV, Chăm-pa đã 16 lần tấn công Đại Việt. Nhiều lần nhà Trần đem quân chống cự nhưng cũng ít lần bị thất bại.",[],[],"[""Các cuộc tấn công của Chăm-pa vào Đại Việt"", ""Các cuộc tấn công của Chăm-pa vào Đại Việt Trong khoảng 30 năm cuối thế kỉ XIV"", ""Các cuộc tấn công của Chăm-pa vào Đại Việt Việt Nam từ thế kỉ X đến thế kỉ XV"", ""Các cuộc tấn công của Chăm-pa vào Đại Việt 16 lần tấn công Nhà Trần thất bại nhiều lần"", ""Các cuộc tấn công của Chăm-pa vào Đại Việt hiện vật"", ""Các cuộc tấn công của Chăm-pa vào Đại Việt di tích""]","[""baotanglichsu.vn"", ""disanvanhoa.gov.vn"", ""bvhttdl.gov.vn"", ""qdnd.vn"", ""nhandan.vn"", ""unesco.org"", ""whc.unesco.org""]","[""Các cuộc tấn công của Chăm-pa vào Đại Việt"", ""Các cuộc tấn công của Chăm-pa vào Đại Việt Trong khoảng 30 năm cuối thế kỉ XIV"", ""Các cuộc tấn công của Chăm-pa vào Đại Việt Việt Nam từ thế kỉ X đến thế kỉ XV"", ""Các cuộc tấn công của Chăm-pa vào Đại Việt 16 lần tấn công Nhà Trần thất bại nhiều lần"", ""Các cuộc tấn công của Chăm-pa vào Đại Việt hiện vật"", ""Các cuộc tấn công của Chăm-pa vào Đại Việt di tích""]",not_attempted,[],,,Needs manual trusted-source/image search.,False
237,thanh-lap-quoc-su-quan-trieu-nguyen,Thành lập Quốc sử quán triều Nguyễn,Thời Nguyễn,"Triều Nguyễn thành lập Quốc sử quản, biên soạn nhiều công trình sử học, tiêu biểu như: Đại Nam thực lục, Khâm định Việt sử thông giám cương mục,...",[],[],"[""Thành lập Quốc sử quán triều Nguyễn"", ""Thành lập Quốc sử quán triều Nguyễn Thời Nguyễn"", ""Thành lập Quốc sử quán triều Nguyễn Việt Nam từ thế kỉ XVI đến thế kỉ XIX"", ""Thành lập Quốc sử quán triều Nguyễn Triều Nguyễn thành lập Quốc sử quán Biên soạn nhiều công trình sử học"", ""Thành lập Quốc sử quán triều Nguyễn hiện vật"", ""Thành lập Quốc sử quán triều Nguyễn di sản""]","[""baotanglichsu.vn"", ""bvhttdl.gov.vn"", ""disanvanhoa.gov.vn"", ""vnfam.vn"", ""unesco.org""]","[""Thành lập Quốc sử quán triều Nguyễn"", ""Thành lập Quốc sử quán triều Nguyễn Thời Nguyễn"", ""Thành lập Quốc sử quán triều Nguyễn Việt Nam từ thế kỉ XVI đến thế kỉ XIX"", ""Thành lập Quốc sử quán triều Nguyễn Triều Nguyễn thành lập Quốc sử quán Biên soạn nhiều công trình sử học"", ""Thành lập Quốc sử quán triều Nguyễn hiện vật"", ""Thành lập Quốc sử quán triều Nguyễn di sản""]",not_attempted,[],,,Needs manual trusted-source/image search.,False
238,thoi-tran-dat-chuc-xa-quan,Thời Trần đặt chức xã quan,Thời Trần,"Thời Trần: Đặt chức xã quan và các chức đứng đầu bộ máy quản lí cấp xã (đại tư xã, tiểu tư xã,..).",[],[],"[""Thời Trần đặt chức xã quan"", ""Thời Trần đặt chức xã quan Thời Trần"", ""Thời Trần đặt chức xã quan Việt Nam từ thế kỉ X đến thế kỉ XV"", ""Thời Trần đặt chức xã quan Diễn ra thời Trần Đặt chức xã quan"", ""Thời Trần đặt chức xã quan hiện vật"", ""Thời Trần đặt chức xã quan di tích""]","[""baotanglichsu.vn"", ""disanvanhoa.gov.vn"", ""bvhttdl.gov.vn"", ""qdnd.vn"", ""nhandan.vn"", ""unesco.org"", ""whc.unesco.org""]","[""Thời Trần đặt chức xã quan"", ""Thời Trần đặt chức xã quan Thời Trần"", ""Thời Trần đặt chức xã quan Việt Nam từ thế kỉ X đến thế kỉ XV"", ""Thời Trần đặt chức xã quan Diễn ra thời Trần Đặt chức xã quan"", ""Thời Trần đặt chức xã quan hiện vật"", ""Thời Trần đặt chức xã quan di tích""]",not_attempted,[],,,Needs manual trusted-source/image search.,False
239,tin-nguong-tho-than-dong-co-cung-dinh,Tín ngưỡng thờ thần Đồng Cổ được đưa vào cung đình,Thời Lý,"Tín ngưỡng thờ thần Đồng Cổ (thần Trống đồng) được đưa vào cung đình từ thời Lý, được triều đình bảo trợ và phát triển dưới hình thức một nghi lễ nhằm giữ đạo trung với vua, với quốc gia.",[],[],"[""Tín ngưỡng thờ thần Đồng Cổ được đưa vào cung đình"", ""Tín ngưỡng thờ thần Đồng Cổ được đưa vào cung đình Thời Lý"", ""Tín ngưỡng thờ thần Đồng Cổ được đưa vào cung đình Việt Nam từ thế kỉ X đến thế kỉ XV"", ""Tín ngưỡng thờ thần Đồng Cổ được đưa vào cung đình Được triều đình bảo trợ Được đưa vào cung đình từ thời Lý"", ""Tín ngưỡng thờ thần Đồng Cổ được đưa vào cung đình hiện vật"", ""Tín ngưỡng thờ thần Đồng Cổ được đưa vào cung đình di sản""]","[""baotanglichsu.vn"", ""bvhttdl.gov.vn"", ""disanvanhoa.gov.vn"", ""vnfam.vn"", ""unesco.org""]","[""Tín ngưỡng thờ thần Đồng Cổ được đưa vào cung đình"", ""Tín ngưỡng thờ thần Đồng Cổ được đưa vào cung đình Thời Lý"", ""Tín ngưỡng thờ thần Đồng Cổ được đưa vào cung đình Việt Nam từ thế kỉ X đến thế kỉ XV"", ""Tín ngưỡng thờ thần Đồng Cổ được đưa vào cung đình Được triều đình bảo trợ Được đưa vào cung đình từ thời Lý"", ""Tín ngưỡng thờ thần Đồng Cổ được đưa vào cung đình hiện vật"", ""Tín ngưỡng thờ thần Đồng Cổ được đưa vào cung đình di sản""]",not_attempted,[],,,Needs manual trusted-source/image search.,False
240,tuyen-duong-chi-vien-chien-luoc-tren-bien-mang-ten-chu-tich-ho-chi-minh,Tuyến đường chi viện chiến lược trên biển mang tên Chủ tịch Hồ Chí Minh,"Trong cuộc kháng chiến chống Mỹ, cứu nước","Trong cuộc kháng chiến chống Mỹ, cứu nước, tuyến đường chỉ viện chiến lược trên biển mang tên Chủ tịch Hồ Chí Minh là con đường huyền thoại, biểu tượng cho khát vọng độc lập, tự do và thống nhất Tổ quốc. Tuyến đường này đã kết nối hậu phương lớn miền Bắc với tiến tuyến lớn miền Nam, vận chuyển kịp thời, hiệu quả vũ khí và lực lượng, góp phần quan trọng vào Đại thắng Xuân năm 1975.","[""miền Bắc"", ""miền Nam""]",[],"[""Tuyến đường chi viện chiến lược trên biển mang tên Chủ tịch Hồ Chí Minh"", ""Tuyến đường chi viện chiến lược trên biển mang tên Chủ tịch Hồ Chí Minh Trong cuộc kháng chiến chống Mỹ, cứu nước"", ""Tuyến đường chi viện chiến lược trên biển mang tên Chủ tịch Hồ Chí Minh miền Bắc"", ""Tuyến đường chi viện chiến lược trên biển mang tên Chủ tịch Hồ Chí Minh Diễn ra trong kháng chiến chống Mỹ, cứu nước Kết nối hậu phương miền Bắc với tiền tuyến miền Nam"", ""Tuyến đường chi viện chiến lược trên biển mang tên Chủ tịch Hồ Chí Minh ảnh tư liệu"", ""Tuyến đường chi viện chiến lược trên biển mang tên Chủ tịch Hồ Chí Minh chiến dịch""]","[""btlsqsvn.org.vn"", ""qdnd.vn"", ""nhandan.vn"", ""vietnamplus.vn"", ""hochiminh.vn"", ""baotanglichsu.vn"", ""luutru.gov.vn"", ""loc.gov"", ""archives.gov""]","[""Tuyến đường chi viện chiến lược trên biển mang tên Chủ tịch Hồ Chí Minh"", ""Tuyến đường chi viện chiến lược trên biển mang tên Chủ tịch Hồ Chí Minh Trong cuộc kháng chiến chống Mỹ, cứu nước"", ""Tuyến đường chi viện chiến lược trên biển mang tên Chủ tịch Hồ Chí Minh miền Bắc"", ""Tuyến đường chi viện chiến lược trên biển mang tên Chủ tịch Hồ Chí Minh Diễn ra trong kháng chiến chống Mỹ, cứu nước Kết nối hậu phương miền Bắc với tiền tuyến miền Nam"", ""Tuyến đường chi viện chiến lược trên biển mang tên Chủ tịch Hồ Chí Minh ảnh tư liệu"", ""Tuyến đường chi viện chiến lược trên biển mang tên Chủ tịch Hồ Chí Minh chiến dịch""]",not_attempted,[],,,Needs manual trusted-source/image search.,False
241,van-hoa-phung-nguyen,Văn hoá Phùng Nguyên,Khoảng 4000 năm trước,Văn hoá Phùng Nguyên (khoảng 4000 năm trước) là cội nguồn của văn minh Văn Lang – Âu Lạc.,"[""Việt Nam""]",[],"[""Văn hoá Phùng Nguyên"", ""Văn hoá Phùng Nguyên Khoảng 4000 năm trước"", ""Văn hoá Phùng Nguyên Việt Nam"", ""Văn hoá Phùng Nguyên Nền văn hoá đồng thau tiền Đông Sơn Cội nguồn của văn minh Văn Lang – Âu Lạc"", ""Văn hoá Phùng Nguyên hiện vật"", ""Văn hoá Phùng Nguyên di sản""]","[""baotanglichsu.vn"", ""bvhttdl.gov.vn"", ""disanvanhoa.gov.vn"", ""vnfam.vn"", ""unesco.org""]","[""Văn hoá Phùng Nguyên"", ""Văn hoá Phùng Nguyên Khoảng 4000 năm trước"", ""Văn hoá Phùng Nguyên Việt Nam"", ""Văn hoá Phùng Nguyên Nền văn hoá đồng thau tiền Đông Sơn Cội nguồn của văn minh Văn Lang – Âu Lạc"", ""Văn hoá Phùng Nguyên hiện vật"", ""Văn hoá Phùng Nguyên di sản""]",not_attempted,[],,,Needs manual trusted-source/image search.,True
242,viet-nam-dam-phan-ranh-gioi-tren-bien,"Việt Nam đàm phán về ranh giới trên biển với Ma-lai-xi-a, In-đô-nê-xi-a, Phi-líp-pin và Thái Lan",Trong thời kì Đổi mới,"Việt Nam đã đàm phán về ranh giới trên biển với Ma-lai-xi-a, In-đô-nê-xi-a, Phi-líp-pin và và Thái Lan, giải quyết các bất đồng bằng con đường đàm phán, thương lượng.","[""In-đô-nê-xi-a"", ""Ma-lai-xi-a"", ""Phi-líp-pin"", ""Thái Lan""]",[],"[""Việt Nam đàm phán về ranh giới trên biển với Ma-lai-xi-a, In-đô-nê-xi-a, Phi-líp-pin và Thái Lan"", ""Việt Nam đàm phán về ranh giới trên biển với Ma-lai-xi-a, In-đô-nê-xi-a, Phi-líp-pin và Thái Lan Trong thời kì Đổi mới"", ""Việt Nam đàm phán về ranh giới trên biển với Ma-lai-xi-a, In-đô-nê-xi-a, Phi-líp-pin và Thái Lan In-đô-nê-xi-a"", ""Việt Nam đàm phán về ranh giới trên biển với Ma-lai-xi-a, In-đô-nê-xi-a, Phi-líp-pin và Thái Lan Đàm phán về ranh giới trên biển Giải quyết bất đồng bằng đàm phán, thương lượng"", ""Việt Nam đàm phán về ranh giới trên biển với Ma-lai-xi-a, In-đô-nê-xi-a, Phi-líp-pin và Thái Lan ảnh tư liệu"", ""Việt Nam đàm phán về ranh giới trên biển với Ma-lai-xi-a, In-đô-nê-xi-a, Phi-líp-pin và Thái Lan lễ ký""]","[""chinhphu.vn"", ""dangcongsan.vn"", ""tulieuvankien.dangcongsan.vn"", ""quochoi.vn"", ""mofa.gov.vn"", ""vietnamplus.vn"", ""nhandan.vn"", ""un.org"", ""unphoto.un.org""]","[""Việt Nam đàm phán về ranh giới trên biển với Ma-lai-xi-a, In-đô-nê-xi-a, Phi-líp-pin và Thái Lan"", ""Việt Nam đàm phán về ranh giới trên biển với Ma-lai-xi-a, In-đô-nê-xi-a, Phi-líp-pin và Thái Lan Trong thời kì Đổi mới"", ""Việt Nam đàm phán về ranh giới trên biển với Ma-lai-xi-a, In-đô-nê-xi-a, Phi-líp-pin và Thái Lan In-đô-nê-xi-a"", ""Việt Nam đàm phán về ranh giới trên biển với Ma-lai-xi-a, In-đô-nê-xi-a, Phi-líp-pin và Thái Lan Đàm phán về ranh giới trên biển Giải quyết bất đồng bằng đàm phán, thương lượng"", ""Việt Nam đàm phán về ranh giới trên biển với Ma-lai-xi-a, In-đô-nê-xi-a, Phi-líp-pin và Thái Lan ảnh tư liệu"", ""Việt Nam đàm phán về ranh giới trên biển với Ma-lai-xi-a, In-đô-nê-xi-a, Phi-líp-pin và Thái Lan lễ ký""]",not_attempted,[],,,Needs manual trusted-source/image search.,False
243,viet-nam-ki-ket-evfta,Việt Nam kí kết Hiệp định Thương mại tự do Việt Nam - EU (EVFTA),Trong thời kì Đổi mới,Việt Nam kí kết Hiệp định Thương mại tự do Việt Nam - EU (EVFTA).,[],[],"[""Việt Nam kí kết Hiệp định Thương mại tự do Việt Nam - EU (EVFTA)"", ""Việt Nam kí kết Hiệp định Thương mại tự do Việt Nam - EU (EVFTA) Trong thời kì Đổi mới"", ""Việt Nam kí kết Hiệp định Thương mại tự do Việt Nam - EU (EVFTA) Công cuộc Đổi mới ở Việt Nam"", ""Việt Nam kí kết Hiệp định Thương mại tự do Việt Nam - EU (EVFTA) Hiệp định Thương mại tự do Với Liên minh châu Âu (EU)"", ""Việt Nam kí kết Hiệp định Thương mại tự do Việt Nam - EU (EVFTA) lễ ký"", ""Việt Nam kí kết Hiệp định Thương mại tự do Việt Nam - EU (EVFTA) hội nghị""]","[""mofa.gov.vn"", ""chinhphu.vn"", ""vietnamplus.vn"", ""nhandan.vn"", ""un.org"", ""asean.org"", ""apec.org"", ""europa.eu""]","[""Việt Nam kí kết Hiệp định Thương mại tự do Việt Nam - EU (EVFTA)"", ""Việt Nam kí kết Hiệp định Thương mại tự do Việt Nam - EU (EVFTA) Trong thời kì Đổi mới"", ""Việt Nam kí kết Hiệp định Thương mại tự do Việt Nam - EU (EVFTA) Công cuộc Đổi mới ở Việt Nam"", ""Việt Nam kí kết Hiệp định Thương mại tự do Việt Nam - EU (EVFTA) Hiệp định Thương mại tự do Với Liên minh châu Âu (EU)"", ""Việt Nam kí kết Hiệp định Thương mại tự do Việt Nam - EU (EVFTA) lễ ký"", ""Việt Nam kí kết Hiệp định Thương mại tự do Việt Nam - EU (EVFTA) hội nghị""]",not_attempted,[],,,Needs manual trusted-source/image search.,True
244,viet-nam-ki-ket-hiep-uoc-bien-gioi-trung-quoc,Việt Nam kí kết các hiệp ước về biên giới trên đất liền và phân định vịnh Bắc Bộ với Trung Quốc,Trong thời kì Đổi mới,"Đối với Trung Quốc, Việt Nam kí kết các hiệp ước về biên giới trên đất liền và phân định vịnh Bắc Bộ, giải quyết những tranh chấp thông qua biện pháp hoà bình.","[""Trung Quốc""]",[],"[""Việt Nam kí kết các hiệp ước về biên giới trên đất liền và phân định vịnh Bắc Bộ với Trung Quốc"", ""Việt Nam kí kết các hiệp ước về biên giới trên đất liền và phân định vịnh Bắc Bộ với Trung Quốc Trong thời kì Đổi mới"", ""Việt Nam kí kết các hiệp ước về biên giới trên đất liền và phân định vịnh Bắc Bộ với Trung Quốc Trung Quốc"", ""Việt Nam kí kết các hiệp ước về biên giới trên đất liền và phân định vịnh Bắc Bộ với Trung Quốc Với Trung Quốc Kí kết hiệp ước biên giới trên đất liền"", ""Việt Nam kí kết các hiệp ước về biên giới trên đất liền và phân định vịnh Bắc Bộ với Trung Quốc ảnh tư liệu"", ""Việt Nam kí kết các hiệp ước về biên giới trên đất liền và phân định vịnh Bắc Bộ với Trung Quốc lễ ký""]","[""chinhphu.vn"", ""dangcongsan.vn"", ""tulieuvankien.dangcongsan.vn"", ""quochoi.vn"", ""mofa.gov.vn"", ""vietnamplus.vn"", ""nhandan.vn"", ""un.org"", ""unphoto.un.org""]","[""Việt Nam kí kết các hiệp ước về biên giới trên đất liền và phân định vịnh Bắc Bộ với Trung Quốc"", ""Việt Nam kí kết các hiệp ước về biên giới trên đất liền và phân định vịnh Bắc Bộ với Trung Quốc Trong thời kì Đổi mới"", ""Việt Nam kí kết các hiệp ước về biên giới trên đất liền và phân định vịnh Bắc Bộ với Trung Quốc Trung Quốc"", ""Việt Nam kí kết các hiệp ước về biên giới trên đất liền và phân định vịnh Bắc Bộ với Trung Quốc Với Trung Quốc Kí kết hiệp ước biên giới trên đất liền"", ""Việt Nam kí kết các hiệp ước về biên giới trên đất liền và phân định vịnh Bắc Bộ với Trung Quốc ảnh tư liệu"", ""Việt Nam kí kết các hiệp ước về biên giới trên đất liền và phân định vịnh Bắc Bộ với Trung Quốc lễ ký""]",not_attempted,[],,,Needs manual trusted-source/image search.,False
245,viet-nam-ki-ket-nghi-dinh-thu-ki-o-to,Việt Nam kí kết Nghị định thư Ki-ô-tô,Trong thời kì Đổi mới,"Việt Nam tham gia đàm phán quốc tế về biến đổi khí hậu, kí kết Nghị định thư Ki-ô-tô, cam kết giảm lượng phát thải khí nhà kính.",[],[],"[""Việt Nam kí kết Nghị định thư Ki-ô-tô"", ""Việt Nam kí kết Nghị định thư Ki-ô-tô Trong thời kì Đổi mới"", ""Việt Nam kí kết Nghị định thư Ki-ô-tô Công cuộc Đổi mới ở Việt Nam"", ""Việt Nam kí kết Nghị định thư Ki-ô-tô Cam kết giảm lượng phát thải khí nhà kính Tham gia đàm phán quốc tế về biến đổi khí hậu"", ""Việt Nam kí kết Nghị định thư Ki-ô-tô ảnh tư liệu"", ""Việt Nam kí kết Nghị định thư Ki-ô-tô lễ ký""]","[""chinhphu.vn"", ""dangcongsan.vn"", ""tulieuvankien.dangcongsan.vn"", ""quochoi.vn"", ""mofa.gov.vn"", ""vietnamplus.vn"", ""nhandan.vn"", ""un.org"", ""unphoto.un.org""]","[""Việt Nam kí kết Nghị định thư Ki-ô-tô"", ""Việt Nam kí kết Nghị định thư Ki-ô-tô Trong thời kì Đổi mới"", ""Việt Nam kí kết Nghị định thư Ki-ô-tô Công cuộc Đổi mới ở Việt Nam"", ""Việt Nam kí kết Nghị định thư Ki-ô-tô Cam kết giảm lượng phát thải khí nhà kính Tham gia đàm phán quốc tế về biến đổi khí hậu"", ""Việt Nam kí kết Nghị định thư Ki-ô-tô ảnh tư liệu"", ""Việt Nam kí kết Nghị định thư Ki-ô-tô lễ ký""]",not_attempted,[],,,Needs manual trusted-source/image search.,False
246,viet-nam-ki-ket-rcep,Việt Nam kí kết Hiệp định Đối tác kinh tế toàn diện Khu vực (RCEP),Trong thời kì Đổi mới,Việt Nam kí kết Hiệp định Đối tác kinh tế toàn diện Khu vực (RCEP).,[],[],"[""Việt Nam kí kết Hiệp định Đối tác kinh tế toàn diện Khu vực (RCEP)"", ""Việt Nam kí kết Hiệp định Đối tác kinh tế toàn diện Khu vực (RCEP) Trong thời kì Đổi mới"", ""Việt Nam kí kết Hiệp định Đối tác kinh tế toàn diện Khu vực (RCEP) Công cuộc Đổi mới ở Việt Nam"", ""Việt Nam kí kết Hiệp định Đối tác kinh tế toàn diện Khu vực (RCEP) Hiệp định Đối tác kinh tế toàn diện Khu vực"", ""Việt Nam kí kết Hiệp định Đối tác kinh tế toàn diện Khu vực (RCEP) lễ ký"", ""Việt Nam kí kết Hiệp định Đối tác kinh tế toàn diện Khu vực (RCEP) hội nghị""]","[""mofa.gov.vn"", ""chinhphu.vn"", ""vietnamplus.vn"", ""nhandan.vn"", ""un.org"", ""asean.org"", ""apec.org"", ""europa.eu""]","[""Việt Nam kí kết Hiệp định Đối tác kinh tế toàn diện Khu vực (RCEP)"", ""Việt Nam kí kết Hiệp định Đối tác kinh tế toàn diện Khu vực (RCEP) Trong thời kì Đổi mới"", ""Việt Nam kí kết Hiệp định Đối tác kinh tế toàn diện Khu vực (RCEP) Công cuộc Đổi mới ở Việt Nam"", ""Việt Nam kí kết Hiệp định Đối tác kinh tế toàn diện Khu vực (RCEP) Hiệp định Đối tác kinh tế toàn diện Khu vực"", ""Việt Nam kí kết Hiệp định Đối tác kinh tế toàn diện Khu vực (RCEP) lễ ký"", ""Việt Nam kí kết Hiệp định Đối tác kinh tế toàn diện Khu vực (RCEP) hội nghị""]",not_attempted,[],,,Needs manual trusted-source/image search.,False
247,viet-nam-lao-cam-pu-chia-chuyen-sang-kinh-te-thi-truong-va-cong-nghiep-hoa,"Việt Nam, Lào, Cam-pu-chia chuyển sang kinh tế thị trường và công nghiệp hóa",Từ cuối thập kỉ 80 – 90 của thế kỉ XX,"Các nước Việt Nam, Lào, Cam-pu-chia từng bước chuyển sang nền kinh tế thị trường và tiến hành công nghiệp hóa từ cuối thập kỉ 80 – 90 của thế kỉ XX.","[""Cam-pu-chia"", ""Lào"", ""Việt Nam""]",[],"[""Việt Nam, Lào, Cam-pu-chia chuyển sang kinh tế thị trường và công nghiệp hóa"", ""Việt Nam, Lào, Cam-pu-chia chuyển sang kinh tế thị trường và công nghiệp hóa Từ cuối thập kỉ 80 – 90 của thế kỉ XX"", ""Việt Nam, Lào, Cam-pu-chia chuyển sang kinh tế thị trường và công nghiệp hóa Cam-pu-chia"", ""Việt Nam, Lào, Cam-pu-chia chuyển sang kinh tế thị trường và công nghiệp hóa Chuyển sang nền kinh tế thị trường Tiến hành công nghiệp hóa"", ""Việt Nam, Lào, Cam-pu-chia chuyển sang kinh tế thị trường và công nghiệp hóa ảnh tư liệu"", ""Việt Nam, Lào, Cam-pu-chia chuyển sang kinh tế thị trường và công nghiệp hóa lễ ký""]","[""chinhphu.vn"", ""dangcongsan.vn"", ""tulieuvankien.dangcongsan.vn"", ""quochoi.vn"", ""mofa.gov.vn"", ""vietnamplus.vn"", ""nhandan.vn"", ""un.org"", ""unphoto.un.org""]","[""Việt Nam, Lào, Cam-pu-chia chuyển sang kinh tế thị trường và công nghiệp hóa"", ""Việt Nam, Lào, Cam-pu-chia chuyển sang kinh tế thị trường và công nghiệp hóa Từ cuối thập kỉ 80 – 90 của thế kỉ XX"", ""Việt Nam, Lào, Cam-pu-chia chuyển sang kinh tế thị trường và công nghiệp hóa Cam-pu-chia"", ""Việt Nam, Lào, Cam-pu-chia chuyển sang kinh tế thị trường và công nghiệp hóa Chuyển sang nền kinh tế thị trường Tiến hành công nghiệp hóa"", ""Việt Nam, Lào, Cam-pu-chia chuyển sang kinh tế thị trường và công nghiệp hóa ảnh tư liệu"", ""Việt Nam, Lào, Cam-pu-chia chuyển sang kinh tế thị trường và công nghiệp hóa lễ ký""]",not_attempted,[],,,Needs manual trusted-source/image search.,False
248,viet-nam-mo-co-quan-dai-dien-ngoai-giao-va-thong-tin-o-nuoc-ngoai,Việt Nam mở các cơ quan đại diện ngoại giao và thông tin ở nước ngoài,Trong kháng chiến chống Pháp (1945-1954),Việt Nam mở các cơ quan đại diện ngoại giao tại một số nước châu Á và các cơ quan thông tin ở một số nước trên thế giới.,"[""châu Á""]",[],"[""Việt Nam mở các cơ quan đại diện ngoại giao và thông tin ở nước ngoài"", ""Việt Nam mở các cơ quan đại diện ngoại giao và thông tin ở nước ngoài Trong kháng chiến chống Pháp (1945-1954)"", ""Việt Nam mở các cơ quan đại diện ngoại giao và thông tin ở nước ngoài châu Á"", ""Việt Nam mở các cơ quan đại diện ngoại giao và thông tin ở nước ngoài Mở cơ quan thông tin ở một số nước trên thế giới Mở cơ quan đại diện ngoại giao tại một số nước châu Á"", ""Việt Nam mở các cơ quan đại diện ngoại giao và thông tin ở nước ngoài lễ ký"", ""Việt Nam mở các cơ quan đại diện ngoại giao và thông tin ở nước ngoài hội nghị""]","[""mofa.gov.vn"", ""chinhphu.vn"", ""vietnamplus.vn"", ""nhandan.vn"", ""un.org"", ""asean.org"", ""apec.org"", ""europa.eu""]","[""Việt Nam mở các cơ quan đại diện ngoại giao và thông tin ở nước ngoài"", ""Việt Nam mở các cơ quan đại diện ngoại giao và thông tin ở nước ngoài Trong kháng chiến chống Pháp (1945-1954)"", ""Việt Nam mở các cơ quan đại diện ngoại giao và thông tin ở nước ngoài châu Á"", ""Việt Nam mở các cơ quan đại diện ngoại giao và thông tin ở nước ngoài Mở cơ quan thông tin ở một số nước trên thế giới Mở cơ quan đại diện ngoại giao tại một số nước châu Á"", ""Việt Nam mở các cơ quan đại diện ngoại giao và thông tin ở nước ngoài lễ ký"", ""Việt Nam mở các cơ quan đại diện ngoại giao và thông tin ở nước ngoài hội nghị""]",not_attempted,[],,,Needs manual trusted-source/image search.,False
249,viet-nam-tham-gia-afta,Việt Nam kí hiệp định tham gia Khu vực Mậu dịch tự do ASEAN (AFTA),Trong thời kì Đổi mới (sau 1995),Việt Nam kí hiệp định tham gia Khu vực Mậu dịch tự do ASEAN (AFTA).,[],[],"[""Việt Nam kí hiệp định tham gia Khu vực Mậu dịch tự do ASEAN (AFTA)"", ""Việt Nam kí hiệp định tham gia Khu vực Mậu dịch tự do ASEAN (AFTA) Trong thời kì Đổi mới (sau 1995)"", ""Việt Nam kí hiệp định tham gia Khu vực Mậu dịch tự do ASEAN (AFTA) Công cuộc Đổi mới ở Việt Nam"", ""Việt Nam kí hiệp định tham gia Khu vực Mậu dịch tự do ASEAN (AFTA) Tham gia Khu vực Mậu dịch tự do ASEAN (AFTA)"", ""Việt Nam kí hiệp định tham gia Khu vực Mậu dịch tự do ASEAN (AFTA) lễ ký"", ""Việt Nam kí hiệp định tham gia Khu vực Mậu dịch tự do ASEAN (AFTA) hội nghị""]","[""mofa.gov.vn"", ""chinhphu.vn"", ""vietnamplus.vn"", ""nhandan.vn"", ""un.org"", ""asean.org"", ""apec.org"", ""europa.eu""]","[""Việt Nam kí hiệp định tham gia Khu vực Mậu dịch tự do ASEAN (AFTA)"", ""Việt Nam kí hiệp định tham gia Khu vực Mậu dịch tự do ASEAN (AFTA) Trong thời kì Đổi mới (sau 1995)"", ""Việt Nam kí hiệp định tham gia Khu vực Mậu dịch tự do ASEAN (AFTA) Công cuộc Đổi mới ở Việt Nam"", ""Việt Nam kí hiệp định tham gia Khu vực Mậu dịch tự do ASEAN (AFTA) Tham gia Khu vực Mậu dịch tự do ASEAN (AFTA)"", ""Việt Nam kí hiệp định tham gia Khu vực Mậu dịch tự do ASEAN (AFTA) lễ ký"", ""Việt Nam kí hiệp định tham gia Khu vực Mậu dịch tự do ASEAN (AFTA) hội nghị""]",not_attempted,[],,,Needs manual trusted-source/image search.,False
250,viet-nam-thoan-thuan-bien-gioi-lao-cam-pu-chia,"Việt Nam đạt được nhiều thoả thuận trong phát triển đường biên giới hoà bình, hữu nghị với Lào và Cam-pu-chia",Trong thời kì Đổi mới,"Với Lào và Cam-pu-chia, Việt Nam đã đạt được nhiều thoả thuận trong phát triển đường biên giới hoà bình, hữu nghị.","[""Cam-pu-chia"", ""Lào""]",[],"[""Việt Nam đạt được nhiều thoả thuận trong phát triển đường biên giới hoà bình, hữu nghị với Lào và Cam-pu-chia"", ""Việt Nam đạt được nhiều thoả thuận trong phát triển đường biên giới hoà bình, hữu nghị với Lào và Cam-pu-chia Trong thời kì Đổi mới"", ""Việt Nam đạt được nhiều thoả thuận trong phát triển đường biên giới hoà bình, hữu nghị với Lào và Cam-pu-chia Cam-pu-chia"", ""Việt Nam đạt được nhiều thoả thuận trong phát triển đường biên giới hoà bình, hữu nghị với Lào và Cam-pu-chia Với Lào và Cam-pu-chia Phát triển đường biên giới hoà bình, hữu nghị"", ""Việt Nam đạt được nhiều thoả thuận trong phát triển đường biên giới hoà bình, hữu nghị với Lào và Cam-pu-chia ảnh tư liệu"", ""Việt Nam đạt được nhiều thoả thuận trong phát triển đường biên giới hoà bình, hữu nghị với Lào và Cam-pu-chia lễ ký""]","[""chinhphu.vn"", ""dangcongsan.vn"", ""tulieuvankien.dangcongsan.vn"", ""quochoi.vn"", ""mofa.gov.vn"", ""vietnamplus.vn"", ""nhandan.vn"", ""un.org"", ""unphoto.un.org""]","[""Việt Nam đạt được nhiều thoả thuận trong phát triển đường biên giới hoà bình, hữu nghị với Lào và Cam-pu-chia"", ""Việt Nam đạt được nhiều thoả thuận trong phát triển đường biên giới hoà bình, hữu nghị với Lào và Cam-pu-chia Trong thời kì Đổi mới"", ""Việt Nam đạt được nhiều thoả thuận trong phát triển đường biên giới hoà bình, hữu nghị với Lào và Cam-pu-chia Cam-pu-chia"", ""Việt Nam đạt được nhiều thoả thuận trong phát triển đường biên giới hoà bình, hữu nghị với Lào và Cam-pu-chia Với Lào và Cam-pu-chia Phát triển đường biên giới hoà bình, hữu nghị"", ""Việt Nam đạt được nhiều thoả thuận trong phát triển đường biên giới hoà bình, hữu nghị với Lào và Cam-pu-chia ảnh tư liệu"", ""Việt Nam đạt được nhiều thoả thuận trong phát triển đường biên giới hoà bình, hữu nghị với Lào và Cam-pu-chia lễ ký""]",not_attempted,[],,,Needs manual trusted-source/image search.,False
251,viet-nam-to-chuc-hoi-nghi-quoc-te-asean-asem-apec,"Việt Nam tổ chức thành công nhiều hội nghị quốc tế quan trọng thuộc ASEAN, ASEM và APEC",Trong thời kì Đổi mới (từ 1986 đến nay),"Việt Nam đã tổ chức thành công nhiều hội nghị quốc tế quan trọng thuộc ASEAN, ASEM và APEC.",[],[],"[""Việt Nam tổ chức thành công nhiều hội nghị quốc tế quan trọng thuộc ASEAN, ASEM và APEC"", ""Việt Nam tổ chức thành công nhiều hội nghị quốc tế quan trọng thuộc ASEAN, ASEM và APEC Trong thời kì Đổi mới (từ 1986 đến nay)"", ""Việt Nam tổ chức thành công nhiều hội nghị quốc tế quan trọng thuộc ASEAN, ASEM và APEC Công cuộc Đổi mới ở Việt Nam"", ""Việt Nam tổ chức thành công nhiều hội nghị quốc tế quan trọng thuộc ASEAN, ASEM và APEC Thuộc ASEAN, ASEM, APEC Tổ chức thành công nhiều hội nghị quốc tế"", ""Việt Nam tổ chức thành công nhiều hội nghị quốc tế quan trọng thuộc ASEAN, ASEM và APEC lễ ký"", ""Việt Nam tổ chức thành công nhiều hội nghị quốc tế quan trọng thuộc ASEAN, ASEM và APEC hội nghị""]","[""mofa.gov.vn"", ""chinhphu.vn"", ""vietnamplus.vn"", ""nhandan.vn"", ""un.org"", ""asean.org"", ""apec.org"", ""europa.eu""]","[""Việt Nam tổ chức thành công nhiều hội nghị quốc tế quan trọng thuộc ASEAN, ASEM và APEC"", ""Việt Nam tổ chức thành công nhiều hội nghị quốc tế quan trọng thuộc ASEAN, ASEM và APEC Trong thời kì Đổi mới (từ 1986 đến nay)"", ""Việt Nam tổ chức thành công nhiều hội nghị quốc tế quan trọng thuộc ASEAN, ASEM và APEC Công cuộc Đổi mới ở Việt Nam"", ""Việt Nam tổ chức thành công nhiều hội nghị quốc tế quan trọng thuộc ASEAN, ASEM và APEC Thuộc ASEAN, ASEM, APEC Tổ chức thành công nhiều hội nghị quốc tế"", ""Việt Nam tổ chức thành công nhiều hội nghị quốc tế quan trọng thuộc ASEAN, ASEM và APEC lễ ký"", ""Việt Nam tổ chức thành công nhiều hội nghị quốc tế quan trọng thuộc ASEAN, ASEM và APEC hội nghị""]",not_attempted,[],,,Needs manual trusted-source/image search.,False
252,viet-nam-uy-vien-khong-thuong-truc-hoi-dong-bao-an-lhq,Việt Nam được bầu vào vị trí Uỷ viên không thường trực Hội đồng Bảo an Liên hợp quốc,Nhiệm kì 2008 – 2009 và 2020 - 2021,Việt Nam hai lần được bầu với số phiếu cao vào vị trí Uỷ viên không thường trực Hội đồng Bảo an Liên hợp quốc nhiệm kì 2008 – 2009 và 2020 - 2021.,[],[],"[""Việt Nam được bầu vào vị trí Uỷ viên không thường trực Hội đồng Bảo an Liên hợp quốc"", ""Việt Nam được bầu vào vị trí Uỷ viên không thường trực Hội đồng Bảo an Liên hợp quốc Nhiệm kì 2008 – 2009 và 2020 - 2021"", ""Việt Nam được bầu vào vị trí Uỷ viên không thường trực Hội đồng Bảo an Liên hợp quốc Công cuộc Đổi mới ở Việt Nam"", ""Việt Nam được bầu vào vị trí Uỷ viên không thường trực Hội đồng Bảo an Liên hợp quốc Nhiệm kì 2020 - 2021 Hai lần được bầu"", ""Việt Nam được bầu vào vị trí Uỷ viên không thường trực Hội đồng Bảo an Liên hợp quốc lễ ký"", ""Việt Nam được bầu vào vị trí Uỷ viên không thường trực Hội đồng Bảo an Liên hợp quốc hội nghị""]","[""mofa.gov.vn"", ""chinhphu.vn"", ""vietnamplus.vn"", ""nhandan.vn"", ""un.org"", ""asean.org"", ""apec.org"", ""europa.eu""]","[""Việt Nam được bầu vào vị trí Uỷ viên không thường trực Hội đồng Bảo an Liên hợp quốc"", ""Việt Nam được bầu vào vị trí Uỷ viên không thường trực Hội đồng Bảo an Liên hợp quốc Nhiệm kì 2008 – 2009 và 2020 - 2021"", ""Việt Nam được bầu vào vị trí Uỷ viên không thường trực Hội đồng Bảo an Liên hợp quốc Công cuộc Đổi mới ở Việt Nam"", ""Việt Nam được bầu vào vị trí Uỷ viên không thường trực Hội đồng Bảo an Liên hợp quốc Nhiệm kì 2020 - 2021 Hai lần được bầu"", ""Việt Nam được bầu vào vị trí Uỷ viên không thường trực Hội đồng Bảo an Liên hợp quốc lễ ký"", ""Việt Nam được bầu vào vị trí Uỷ viên không thường trực Hội đồng Bảo an Liên hợp quốc hội nghị""]",not_attempted,[],,,Needs manual trusted-source/image search.,False
253,vndcch-can-bang-quan-he-voi-lien-xo-trung-quoc-va-van-dong-vien-tro,"Việt Nam Dân chủ Cộng hoà cân bằng quan hệ với Liên Xô, Trung Quốc và vận động viện trợ",Trong kháng chiến chống Mỹ (1954-1975),"Việt Nam Dân chủ Cộng hoà khéo léo cân bằng quan hệ với Liên Xô, Trung Quốc; vận động các nước xã hội chủ nghĩa viện trợ cho công cuộc xây dựng chủ nghĩa xã hội ở miền Bắc, ủng hộ cuộc kháng chiến ở miền Nam.","[""miền Bắc"", ""Liên Xô"", ""miền Nam"", ""Trung Quốc""]",[],"[""Việt Nam Dân chủ Cộng hoà cân bằng quan hệ với Liên Xô, Trung Quốc và vận động viện trợ"", ""Việt Nam Dân chủ Cộng hoà cân bằng quan hệ với Liên Xô, Trung Quốc và vận động viện trợ Trong kháng chiến chống Mỹ (1954-1975)"", ""Việt Nam Dân chủ Cộng hoà cân bằng quan hệ với Liên Xô, Trung Quốc và vận động viện trợ miền Bắc"", ""Việt Nam Dân chủ Cộng hoà cân bằng quan hệ với Liên Xô, Trung Quốc và vận động viện trợ Vận động ủng hộ kháng chiến ở miền Nam Vận động các nước XHCN viện trợ cho miền Bắc"", ""Việt Nam Dân chủ Cộng hoà cân bằng quan hệ với Liên Xô, Trung Quốc và vận động viện trợ lễ ký"", ""Việt Nam Dân chủ Cộng hoà cân bằng quan hệ với Liên Xô, Trung Quốc và vận động viện trợ hội nghị""]","[""mofa.gov.vn"", ""chinhphu.vn"", ""vietnamplus.vn"", ""nhandan.vn"", ""un.org"", ""asean.org"", ""apec.org"", ""europa.eu""]","[""Việt Nam Dân chủ Cộng hoà cân bằng quan hệ với Liên Xô, Trung Quốc và vận động viện trợ"", ""Việt Nam Dân chủ Cộng hoà cân bằng quan hệ với Liên Xô, Trung Quốc và vận động viện trợ Trong kháng chiến chống Mỹ (1954-1975)"", ""Việt Nam Dân chủ Cộng hoà cân bằng quan hệ với Liên Xô, Trung Quốc và vận động viện trợ miền Bắc"", ""Việt Nam Dân chủ Cộng hoà cân bằng quan hệ với Liên Xô, Trung Quốc và vận động viện trợ Vận động ủng hộ kháng chiến ở miền Nam Vận động các nước XHCN viện trợ cho miền Bắc"", ""Việt Nam Dân chủ Cộng hoà cân bằng quan hệ với Liên Xô, Trung Quốc và vận động viện trợ lễ ký"", ""Việt Nam Dân chủ Cộng hoà cân bằng quan hệ với Liên Xô, Trung Quốc và vận động viện trợ hội nghị""]",not_attempted,[],,,Needs manual trusted-source/image search.,False
254,vndcch-dau-tranh-doi-thi-hanh-hiep-dinh-gio-ne-vo,Việt Nam Dân chủ Cộng hoà đấu tranh đòi thi hành Hiệp định Giơ-ne-vơ,Trong kháng chiến chống Mỹ (1954-1975),Việt Nam Dân chủ Cộng hoà phối hợp với Uỷ ban Giám sát quốc tế về Hiệp định Giơ-ne-vơ yêu cầu chính quyền Sài Gòn mở hội nghị hiệp thương về việc tổ chức tổng tuyển cử thống nhất đất nước theo những điều khoản của hội nghị.,[],[],"[""Việt Nam Dân chủ Cộng hoà đấu tranh đòi thi hành Hiệp định Giơ-ne-vơ"", ""Việt Nam Dân chủ Cộng hoà đấu tranh đòi thi hành Hiệp định Giơ-ne-vơ Trong kháng chiến chống Mỹ (1954-1975)"", ""Việt Nam Dân chủ Cộng hoà đấu tranh đòi thi hành Hiệp định Giơ-ne-vơ Cuộc kháng chiến chống Mỹ, cứu nước"", ""Việt Nam Dân chủ Cộng hoà đấu tranh đòi thi hành Hiệp định Giơ-ne-vơ Phối hợp với Uỷ ban Giám sát quốc tế Yêu cầu chính quyền Sài Gòn mở hội nghị hiệp thương"", ""Việt Nam Dân chủ Cộng hoà đấu tranh đòi thi hành Hiệp định Giơ-ne-vơ ảnh tư liệu"", ""Việt Nam Dân chủ Cộng hoà đấu tranh đòi thi hành Hiệp định Giơ-ne-vơ chiến dịch""]","[""btlsqsvn.org.vn"", ""qdnd.vn"", ""nhandan.vn"", ""vietnamplus.vn"", ""hochiminh.vn"", ""baotanglichsu.vn"", ""luutru.gov.vn"", ""loc.gov"", ""archives.gov""]","[""Việt Nam Dân chủ Cộng hoà đấu tranh đòi thi hành Hiệp định Giơ-ne-vơ"", ""Việt Nam Dân chủ Cộng hoà đấu tranh đòi thi hành Hiệp định Giơ-ne-vơ Trong kháng chiến chống Mỹ (1954-1975)"", ""Việt Nam Dân chủ Cộng hoà đấu tranh đòi thi hành Hiệp định Giơ-ne-vơ Cuộc kháng chiến chống Mỹ, cứu nước"", ""Việt Nam Dân chủ Cộng hoà đấu tranh đòi thi hành Hiệp định Giơ-ne-vơ Phối hợp với Uỷ ban Giám sát quốc tế Yêu cầu chính quyền Sài Gòn mở hội nghị hiệp thương"", ""Việt Nam Dân chủ Cộng hoà đấu tranh đòi thi hành Hiệp định Giơ-ne-vơ ảnh tư liệu"", ""Việt Nam Dân chủ Cộng hoà đấu tranh đòi thi hành Hiệp định Giơ-ne-vơ chiến dịch""]",not_attempted,[],,,Needs manual trusted-source/image search.,False
255,vndcch-gap-go-dang-cong-san-phap-va-cac-to-chuc-quoc-te,Chính phủ Việt Nam Dân chủ Cộng hoà gặp gỡ đại diện Đảng Cộng sản Pháp và nhiều tổ chức quốc tế,Sau năm 1950,"Chính phủ Việt Nam Dân chủ Cộng hoà gặp gỡ đại diện Đảng Cộng sản Pháp và nhiều tổ chức quốc tế, thành lập các hội hữu nghị và Uỷ ban Bảo vệ hoà bình thế giới.","[""Pháp""]",[],"[""Chính phủ Việt Nam Dân chủ Cộng hoà gặp gỡ đại diện Đảng Cộng sản Pháp và nhiều tổ chức quốc tế"", ""Chính phủ Việt Nam Dân chủ Cộng hoà gặp gỡ đại diện Đảng Cộng sản Pháp và nhiều tổ chức quốc tế Sau năm 1950"", ""Chính phủ Việt Nam Dân chủ Cộng hoà gặp gỡ đại diện Đảng Cộng sản Pháp và nhiều tổ chức quốc tế Pháp"", ""Chính phủ Việt Nam Dân chủ Cộng hoà gặp gỡ đại diện Đảng Cộng sản Pháp và nhiều tổ chức quốc tế Thành lập các hội hữu nghị Thành lập Uỷ ban Bảo vệ hoà bình thế giới"", ""Chính phủ Việt Nam Dân chủ Cộng hoà gặp gỡ đại diện Đảng Cộng sản Pháp và nhiều tổ chức quốc tế ảnh tư liệu"", ""Chính phủ Việt Nam Dân chủ Cộng hoà gặp gỡ đại diện Đảng Cộng sản Pháp và nhiều tổ chức quốc tế chiến dịch""]","[""btlsqsvn.org.vn"", ""qdnd.vn"", ""nhandan.vn"", ""vietnamplus.vn"", ""hochiminh.vn"", ""baotanglichsu.vn"", ""luutru.gov.vn"", ""loc.gov"", ""archives.gov""]","[""Chính phủ Việt Nam Dân chủ Cộng hoà gặp gỡ đại diện Đảng Cộng sản Pháp và nhiều tổ chức quốc tế"", ""Chính phủ Việt Nam Dân chủ Cộng hoà gặp gỡ đại diện Đảng Cộng sản Pháp và nhiều tổ chức quốc tế Sau năm 1950"", ""Chính phủ Việt Nam Dân chủ Cộng hoà gặp gỡ đại diện Đảng Cộng sản Pháp và nhiều tổ chức quốc tế Pháp"", ""Chính phủ Việt Nam Dân chủ Cộng hoà gặp gỡ đại diện Đảng Cộng sản Pháp và nhiều tổ chức quốc tế Thành lập các hội hữu nghị Thành lập Uỷ ban Bảo vệ hoà bình thế giới"", ""Chính phủ Việt Nam Dân chủ Cộng hoà gặp gỡ đại diện Đảng Cộng sản Pháp và nhiều tổ chức quốc tế ảnh tư liệu"", ""Chính phủ Việt Nam Dân chủ Cộng hoà gặp gỡ đại diện Đảng Cộng sản Pháp và nhiều tổ chức quốc tế chiến dịch""]",not_attempted,[],,,Needs manual trusted-source/image search.,False
256,vndcch-thiet-lap-quan-he-ngoai-giao-voi-lao-campuchia-va-ung-ho-phong-trao-giai-phong-dan-toc,"Việt Nam Dân chủ Cộng hoà thiết lập quan hệ ngoại giao với Lào, Campuchia và ủng hộ phong trào giải phóng dân tộc",Trong kháng chiến chống Mỹ (1954-1975),"Việt Nam Dân chủ Cộng hoà thiết lập quan hệ ngoại giao với Lào, xây dựng quan hệ láng giềng hữu nghị với Cam-pu-chia; ủng hộ cuộc đấu tranh chống chủ nghĩa thực dân của nhân dân các nước Á, Phi Mỹ La-tinh,... phát triển mối quan hệ liên minh chiến đấu chống các lực lượng yêu nước, kháng chiến của Lào, Cam-pu-chia.","[""Á"", ""Phi"", ""Cam-pu-chia"", ""Lào"", ""Mỹ La-tinh""]",[],"[""Việt Nam Dân chủ Cộng hoà thiết lập quan hệ ngoại giao với Lào, Campuchia và ủng hộ phong trào giải phóng dân tộc"", ""Việt Nam Dân chủ Cộng hoà thiết lập quan hệ ngoại giao với Lào, Campuchia và ủng hộ phong trào giải phóng dân tộc Trong kháng chiến chống Mỹ (1954-1975)"", ""Việt Nam Dân chủ Cộng hoà thiết lập quan hệ ngoại giao với Lào, Campuchia và ủng hộ phong trào giải phóng dân tộc Á"", ""Việt Nam Dân chủ Cộng hoà thiết lập quan hệ ngoại giao với Lào, Campuchia và ủng hộ phong trào giải phóng dân tộc Ủng hộ đấu tranh chống chủ nghĩa thực dân của các nước Á, Phi, Mỹ La-tinh Phát triển liên minh chiến đấu với Lào, Campuchia"", ""Việt Nam Dân chủ Cộng hoà thiết lập quan hệ ngoại giao với Lào, Campuchia và ủng hộ phong trào giải phóng dân tộc lễ ký"", ""Việt Nam Dân chủ Cộng hoà thiết lập quan hệ ngoại giao với Lào, Campuchia và ủng hộ phong trào giải phóng dân tộc hội nghị""]","[""mofa.gov.vn"", ""chinhphu.vn"", ""vietnamplus.vn"", ""nhandan.vn"", ""un.org"", ""asean.org"", ""apec.org"", ""europa.eu""]","[""Việt Nam Dân chủ Cộng hoà thiết lập quan hệ ngoại giao với Lào, Campuchia và ủng hộ phong trào giải phóng dân tộc"", ""Việt Nam Dân chủ Cộng hoà thiết lập quan hệ ngoại giao với Lào, Campuchia và ủng hộ phong trào giải phóng dân tộc Trong kháng chiến chống Mỹ (1954-1975)"", ""Việt Nam Dân chủ Cộng hoà thiết lập quan hệ ngoại giao với Lào, Campuchia và ủng hộ phong trào giải phóng dân tộc Á"", ""Việt Nam Dân chủ Cộng hoà thiết lập quan hệ ngoại giao với Lào, Campuchia và ủng hộ phong trào giải phóng dân tộc Ủng hộ đấu tranh chống chủ nghĩa thực dân của các nước Á, Phi, Mỹ La-tinh Phát triển liên minh chiến đấu với Lào, Campuchia"", ""Việt Nam Dân chủ Cộng hoà thiết lập quan hệ ngoại giao với Lào, Campuchia và ủng hộ phong trào giải phóng dân tộc lễ ký"", ""Việt Nam Dân chủ Cộng hoà thiết lập quan hệ ngoại giao với Lào, Campuchia và ủng hộ phong trào giải phóng dân tộc hội nghị""]",not_attempted,[],,,Needs manual trusted-source/image search.,False
257,vu-an-le-chi-vien,Vụ án Lệ Chi Viên,Trước năm 1460,Sự lộng hành của một số quyền thần đã gây nên vụ án oan 'Lệ Chi Viên' tru di tam tộc gia đình Nguyễn Trãi.,[],[],"[""Vụ án Lệ Chi Viên"", ""Vụ án Lệ Chi Viên Trước năm 1460"", ""Vụ án Lệ Chi Viên Cuộc cải cách của Lê Thánh Tông"", ""Vụ án Lệ Chi Viên Diễn ra trước 1460 Gây ra bởi quyền thần"", ""Vụ án Lệ Chi Viên hiện vật"", ""Vụ án Lệ Chi Viên di tích""]","[""baotanglichsu.vn"", ""disanvanhoa.gov.vn"", ""bvhttdl.gov.vn"", ""qdnd.vn"", ""nhandan.vn"", ""unesco.org"", ""whc.unesco.org""]","[""Vụ án Lệ Chi Viên"", ""Vụ án Lệ Chi Viên Trước năm 1460"", ""Vụ án Lệ Chi Viên Cuộc cải cách của Lê Thánh Tông"", ""Vụ án Lệ Chi Viên Diễn ra trước 1460 Gây ra bởi quyền thần"", ""Vụ án Lệ Chi Viên hiện vật"", ""Vụ án Lệ Chi Viên di tích""]",not_attempted,[],,,Needs manual trusted-source/image search.,False
258,xa-tro-thanh-ten-goi-pho-bien,Xã chính thức trở thành tên gọi phổ biến,Từ thế kỉ X,"Xã chính thức trở thành tên gọi phổ biến từ thế kỉ X, dùng để chỉ đơn vị hành chính cơ sở của nhà nước.",[],[],"[""Xã chính thức trở thành tên gọi phổ biến"", ""Xã chính thức trở thành tên gọi phổ biến Từ thế kỉ X"", ""Xã chính thức trở thành tên gọi phổ biến Việt Nam từ thế kỉ X đến thế kỉ XV"", ""Xã chính thức trở thành tên gọi phổ biến Từ thế kỉ X Xã trở thành tên gọi phổ biến"", ""Xã chính thức trở thành tên gọi phổ biến hiện vật"", ""Xã chính thức trở thành tên gọi phổ biến di tích""]","[""baotanglichsu.vn"", ""disanvanhoa.gov.vn"", ""bvhttdl.gov.vn"", ""qdnd.vn"", ""nhandan.vn"", ""unesco.org"", ""whc.unesco.org""]","[""Xã chính thức trở thành tên gọi phổ biến"", ""Xã chính thức trở thành tên gọi phổ biến Từ thế kỉ X"", ""Xã chính thức trở thành tên gọi phổ biến Việt Nam từ thế kỉ X đến thế kỉ XV"", ""Xã chính thức trở thành tên gọi phổ biến Từ thế kỉ X Xã trở thành tên gọi phổ biến"", ""Xã chính thức trở thành tên gọi phổ biến hiện vật"", ""Xã chính thức trở thành tên gọi phổ biến di tích""]",not_attempted,[],,,Needs manual trusted-source/image search.,False
