eventIndex,eventId,title,chronology,eventLevel,sourceFamily,folder,slot,role,suggestedFilename,relationType,confidence,imageTitle,assetPageUrl,assetFileUrl,previewUrl,sourceDomain,author,license,licenseUrl,requiredAttribution,historicalVerificationUrl,historicalReason,downloadStatus,reviewerNotes,preferredVerificationDomains,gateStatus,gateSeverity,gateCategory,gateProblem,gateRequiredAction,manualApprovalAllowed,packageReviewRequired
0,viet-nam-thoi-dung-nuoc,Việt Nam thời dựng nước,Thời dựng nước,collection,broad_period,by_event/viet-nam-thoi-dung-nuoc,1,thumbnail,image_01.<đúng-đuôi-file>,strong_contextual,medium,Đông Sơn drum / trống đồng Đông Sơn,https://en.wikipedia.org/wiki/Dong_Son_drum,,,en.wikipedia.org,,check on linked image file page before reuse,,,https://en.wikipedia.org/wiki/Dong_Son_drum,Trống đồng Đông Sơn là hiện vật tiêu biểu gắn với văn hóa Đông Sơn và thời dựng nước.,awaiting_manual_download,,baotanglichsu.vn|nhandan.vn|qdnd.vn|vietnamplus.vn|luutru.gov.vn,,,,,,True,False
0,viet-nam-thoi-dung-nuoc,Việt Nam thời dựng nước,Thời dựng nước,collection,broad_period,by_event/viet-nam-thoi-dung-nuoc,2,gallery,image_02.<đúng-đuôi-file>,strong_contextual,medium,Hùng Temple / Đền Hùng,https://en.wikipedia.org/wiki/H%C3%B9ng_Temple,,,en.wikipedia.org,,check on linked image file page before reuse,,,https://en.wikipedia.org/wiki/H%C3%B9ng_Temple,Đền Hùng gắn với truyền thống Hùng Vương và Văn Lang.,awaiting_manual_download,,baotanglichsu.vn|nhandan.vn|qdnd.vn|vietnamplus.vn|luutru.gov.vn,,,,,,True,False
1,bac-thuoc-va-dau-tranh-gianh-doc-lap,Bắc thuộc và đấu tranh giành độc lập,Bắc thuộc,collection,broad_period,by_event/bac-thuoc-va-dau-tranh-gianh-doc-lap,1,thumbnail,image_01.<đúng-đuôi-file>,strong_contextual,medium,Hai Bà Trưng Temple,https://en.wikipedia.org/wiki/Hai_B%C3%A0_Tr%C6%B0ng_Temple_%28%C4%90%E1%BB%93ng_Nh%C3%A2n%29,,,en.wikipedia.org,,check on linked image file page before reuse,,,https://en.wikipedia.org/wiki/Hai_B%C3%A0_Tr%C6%B0ng_Temple_%28%C4%90%E1%BB%93ng_Nh%C3%A2n%29,Đền thờ Hai Bà Trưng gắn với truyền thống thờ phụng và cuộc khởi nghĩa chống đô hộ.,awaiting_manual_download,,baotanglichsu.vn|nhandan.vn|qdnd.vn|vietnamplus.vn|luutru.gov.vn,,,,,,True,False
1,bac-thuoc-va-dau-tranh-gianh-doc-lap,Bắc thuộc và đấu tranh giành độc lập,Bắc thuộc,collection,broad_period,by_event/bac-thuoc-va-dau-tranh-gianh-doc-lap,2,gallery,image_02.<đúng-đuôi-file>,strong_contextual,medium,Lady Triệu / Bà Triệu depiction,https://en.wikipedia.org/wiki/Lady_Tri%E1%BB%87u,,,en.wikipedia.org,,check on linked image file page before reuse,,,https://en.wikipedia.org/wiki/Lady_Tri%E1%BB%87u,Bà Triệu là nhân vật tiêu biểu trong đấu tranh chống đô hộ thời Bắc thuộc.,awaiting_manual_download,,baotanglichsu.vn|nhandan.vn|qdnd.vn|vietnamplus.vn|luutru.gov.vn,,,,,,True,False
2,viet-nam-tu-the-ki-x-den-xv,Việt Nam từ thế kỉ X đến thế kỉ XV,Việt Nam thế kỉ X-XV,collection,broad_period,by_event/viet-nam-tu-the-ki-x-den-xv,1,thumbnail,image_01.<đúng-đuôi-file>,strong_contextual,medium,Hoa Lư Ancient Capital,https://en.wikipedia.org/wiki/Hoa_L%C6%B0_Ancient_Capital,,,en.wikipedia.org,,check on linked image file page before reuse,,,https://en.wikipedia.org/wiki/Hoa_L%C6%B0_Ancient_Capital,Hoa Lư là kinh đô của Đại Cồ Việt gắn với giai đoạn X-XV.,awaiting_manual_download,,baotanglichsu.vn|nhandan.vn|qdnd.vn|vietnamplus.vn|luutru.gov.vn,,,,,,True,False
2,viet-nam-tu-the-ki-x-den-xv,Việt Nam từ thế kỉ X đến thế kỉ XV,Việt Nam thế kỉ X-XV,collection,broad_period,by_event/viet-nam-tu-the-ki-x-den-xv,2,gallery,image_02.<đúng-đuôi-file>,strong_contextual,high,Hoàng thành Thăng Long — trung tâm quyền lực thời Lý–Trần–Lê,https://en.wikipedia.org/wiki/Imperial_Citadel_of_Th%C4%83ng_Long,,,en.wikipedia.org,,"REVIEW REQUIRED: verify the specific media file page, license, attribution, and reuse terms before download or import.",,,https://whc.unesco.org/en/list/1328/,Di tích gắn trực tiếp với trung tâm chính trị Đại Việt từ thế kỉ XI; phù hợp minh họa giai đoạn Việt Nam thế kỉ X–XV. Chỉ chọn file ảnh có chú thích niên đại/di tích rõ.,awaiting_manual_download,,baotanglichsu.vn|nhandan.vn|qdnd.vn|vietnamplus.vn|luutru.gov.vn,,,,,,True,False
3,viet-nam-tu-the-ki-xvi-den-xix,Việt Nam từ thế kỉ XVI đến thế kỉ XIX,Việt Nam thế kỉ XVI-XIX,collection,broad_period,by_event/viet-nam-tu-the-ki-xvi-den-xix,1,thumbnail,image_01.<đúng-đuôi-file>,strong_contextual,medium,Hội An Ancient Town,https://whc.unesco.org/en/list/948/,,,whc.unesco.org,,"do not assume; use page as verification, find downloadable image separately",,,https://whc.unesco.org/en/list/948/,Hội An là thương cảng tiêu biểu cho giao lưu thương mại Việt Nam thế kỉ XVI-XIX.,awaiting_manual_download,,baotanglichsu.vn|nhandan.vn|qdnd.vn|vietnamplus.vn|luutru.gov.vn,,,,,,True,False
3,viet-nam-tu-the-ki-xvi-den-xix,Việt Nam từ thế kỉ XVI đến thế kỉ XIX,Việt Nam thế kỉ XVI-XIX,collection,broad_period,by_event/viet-nam-tu-the-ki-xvi-den-xix,2,gallery,image_02.<đúng-đuôi-file>,strong_contextual,medium,Complex of Hué Monuments,https://whc.unesco.org/en/list/678/,,,whc.unesco.org,,"do not assume; use page as verification, find downloadable image separately",,,https://whc.unesco.org/en/list/678/,"Huế là trung tâm chính trị, văn hóa triều Nguyễn trong giai đoạn cuối thời quân chủ.",awaiting_manual_download,,baotanglichsu.vn|nhandan.vn|qdnd.vn|vietnamplus.vn|luutru.gov.vn,,,,,,True,False
4,viet-nam-1858-1918,Việt Nam từ năm 1858 đến năm 1918,Việt Nam 1858-1918,collection,broad_period,by_event/viet-nam-1858-1918,1,thumbnail,image_01.<đúng-đuôi-file>,strong_contextual,medium,Notre-Dame Cathedral Basilica of Saigon,https://en.wikipedia.org/wiki/Notre-Dame_Cathedral_Basilica_of_Saigon,,,en.wikipedia.org,,check on linked image file page before reuse,,,https://en.wikipedia.org/wiki/Notre-Dame_Cathedral_Basilica_of_Saigon,"Công trình thuộc bối cảnh Pháp thuộc cuối thế kỉ XIX, phù hợp ảnh bối cảnh cho Việt Nam 1858-1918.",awaiting_manual_download,,baotanglichsu.vn|nhandan.vn|qdnd.vn|vietnamplus.vn|luutru.gov.vn,,,,,,True,False
4,viet-nam-1858-1918,Việt Nam từ năm 1858 đến năm 1918,Việt Nam 1858-1918,collection,broad_period,by_event/viet-nam-1858-1918,2,gallery,image_02.<đúng-đuôi-file>,strong_contextual,high,Cầu Long Biên — hạ tầng thời Pháp thuộc,https://en.wikipedia.org/wiki/Long_Bi%C3%AAn_Bridge,,,en.wikipedia.org,,"REVIEW REQUIRED: verify the specific media file page, license, attribution, and reuse terms before download or import.",,,https://en.wikipedia.org/wiki/French_Indochina,"Công trình tiêu biểu của thời Pháp thuộc, phù hợp minh họa bối cảnh Việt Nam 1858–1918 hơn nguồn thư viện thuộc địa chung chung.",awaiting_manual_download,,baotanglichsu.vn|nhandan.vn|qdnd.vn|vietnamplus.vn|luutru.gov.vn,,,,,,True,False
5,viet-nam-1919-1945,Việt Nam từ năm 1919 đến năm 1945,Việt Nam 1919-1945,collection,broad_period,by_event/viet-nam-1919-1945,1,thumbnail,image_01.<đúng-đuôi-file>,strong_contextual,medium,Declaration of Independence of DRV,https://en.wikipedia.org/wiki/Declaration_of_independence_of_the_Democratic_Republic_of_Vietnam,,,en.wikipedia.org,,check on linked image file page before reuse,,,https://en.wikipedia.org/wiki/Declaration_of_independence_of_the_Democratic_Republic_of_Vietnam,Tuyên ngôn Độc lập 1945 là mốc kết thúc trực tiếp giai đoạn 1919-1945.,awaiting_manual_download,,baotanglichsu.vn|nhandan.vn|qdnd.vn|vietnamplus.vn|luutru.gov.vn,,,,,,True,False
5,viet-nam-1919-1945,Việt Nam từ năm 1919 đến năm 1945,Việt Nam 1919-1945,collection,broad_period,by_event/viet-nam-1919-1945,2,gallery,image_02.<đúng-đuôi-file>,strong_contextual,medium,Hồ Chí Minh / Ba Đình 1945 related media,https://en.wikipedia.org/wiki/Ho_Chi_Minh,,,en.wikipedia.org,,check on linked image file page before reuse,,,https://en.wikipedia.org/wiki/Ho_Chi_Minh,Hồ Chí Minh là nhân vật trung tâm của cách mạng Việt Nam giai đoạn 1919-1945.,awaiting_manual_download,,baotanglichsu.vn|nhandan.vn|qdnd.vn|vietnamplus.vn|luutru.gov.vn,,,,,,True,False
6,viet-nam-1945-1954,Việt Nam từ năm 1945 đến năm 1954,Việt Nam 1945-1954,collection,broad_period,by_event/viet-nam-1945-1954,1,thumbnail,image_01.<đúng-đuôi-file>,strong_contextual,medium,First Indochina War,https://en.wikipedia.org/wiki/First_Indochina_War,,,en.wikipedia.org,,check on linked image file page before reuse,,,https://en.wikipedia.org/wiki/First_Indochina_War,Kháng chiến chống Pháp là nội dung chính của giai đoạn 1945-1954.,awaiting_manual_download,,baotanglichsu.vn|nhandan.vn|qdnd.vn|vietnamplus.vn|luutru.gov.vn,,,,,,True,False
6,viet-nam-1945-1954,Việt Nam từ năm 1945 đến năm 1954,Việt Nam 1945-1954,collection,broad_period,by_event/viet-nam-1945-1954,2,gallery,image_02.<đúng-đuôi-file>,strong_contextual,medium,Declaration of Independence 1945,https://en.wikipedia.org/wiki/Declaration_of_independence_of_the_Democratic_Republic_of_Vietnam,,,en.wikipedia.org,,check on linked image file page before reuse,,,https://en.wikipedia.org/wiki/Declaration_of_independence_of_the_Democratic_Republic_of_Vietnam,Năm 1945 mở đầu nước Việt Nam Dân chủ Cộng hòa và giai đoạn 1945-1954.,awaiting_manual_download,,baotanglichsu.vn|nhandan.vn|qdnd.vn|vietnamplus.vn|luutru.gov.vn,,,,,,True,False
7,viet-nam-1954-1975,Việt Nam từ năm 1954 đến năm 1975,Việt Nam 1954-1975,collection,broad_period,by_event/viet-nam-1954-1975,1,thumbnail,image_01.<đúng-đuôi-file>,strong_contextual,medium,Vietnam War / 1975,https://en.wikipedia.org/wiki/1975_in_the_Vietnam_War,,,en.wikipedia.org,,check on linked image file page before reuse,,,https://en.wikipedia.org/wiki/1975_in_the_Vietnam_War,Năm 1975 là mốc kết thúc chiến tranh và giai đoạn 1954-1975.,awaiting_manual_download,,baotanglichsu.vn|nhandan.vn|qdnd.vn|vietnamplus.vn|luutru.gov.vn,,,,,,True,False
7,viet-nam-1954-1975,Việt Nam từ năm 1954 đến năm 1975,Việt Nam 1954-1975,collection,broad_period,by_event/viet-nam-1954-1975,2,gallery,image_02.<đúng-đuôi-file>,direct,high,Sự kiện Sài Gòn thất thủ ngày 30-4-1975,https://commons.wikimedia.org/wiki/Category:Fall_of_Saigon,,,commons.wikimedia.org,,"REVIEW REQUIRED: verify the specific media file page, license, attribution, and reuse terms before download or import.",,,https://en.wikipedia.org/wiki/Fall_of_Saigon,"Kho media trực tiếp về sự kiện 30-4-1975, là mốc kết thúc giai đoạn 1954–1975. Phải mở file page cụ thể để kiểm tra license.",awaiting_manual_download,,baotanglichsu.vn|nhandan.vn|qdnd.vn|vietnamplus.vn|luutru.gov.vn,,,,,,True,False
8,viet-nam-1975-den-nay,Việt Nam từ năm 1975 đến nay,Việt Nam 1975 đến nay,collection,broad_period,by_event/viet-nam-1975-den-nay,1,thumbnail,image_01.<đúng-đuôi-file>,direct,high,Đổi Mới — cải cách từ năm 1986,https://en.wikipedia.org/wiki/%C4%90%E1%BB%95i_M%E1%BB%9Bi,,,en.wikipedia.org,,"REVIEW REQUIRED: verify the specific media file page, license, attribution, and reuse terms before download or import.",,,https://en.wikipedia.org/wiki/History_of_Vietnam#Modern_period_(1945%E2%80%93present),"Đổi Mới là tiến trình trung tâm của Việt Nam từ 1975 đến nay; chọn ảnh/tư liệu gắn rõ với cải cách, không dùng skyline hiện đại chung chung.",awaiting_manual_download,,baotanglichsu.vn|nhandan.vn|qdnd.vn|vietnamplus.vn|luutru.gov.vn,,,,,,True,False
8,viet-nam-1975-den-nay,Việt Nam từ năm 1975 đến nay,Việt Nam 1975 đến nay,collection,broad_period,by_event/viet-nam-1975-den-nay,2,gallery,image_02.<đúng-đuôi-file>,strong_contextual,high,Việt Nam gia nhập Liên hợp quốc năm 1977,https://en.wikipedia.org/wiki/United_Nations_Security_Council_Resolution_413,,,en.wikipedia.org,,"REVIEW REQUIRED: verify the specific media file page, license, attribution, and reuse terms before download or import.",,,https://undocs.org/S/RES/413(1977),"Mốc hội nhập quốc tế quan trọng của Việt Nam sau 1975. Ưu tiên scan nghị quyết, bản đồ hoặc tư liệu lễ kết nạp có nguồn rõ.",awaiting_manual_download,,baotanglichsu.vn|nhandan.vn|qdnd.vn|vietnamplus.vn|luutru.gov.vn,,,,,,True,False
9,khoi-nghia-hai-ba-trung,Khởi nghĩa Hai Bà Trưng,40-43,atomic,ancient_medieval,by_event/khoi-nghia-hai-ba-trung,1,thumbnail,image_01.<đúng-đuôi-file>,strong_contextual,medium,Hai Bà Trưng Temple (Đồng Nhân),https://en.wikipedia.org/wiki/Hai_B%C3%A0_Tr%C6%B0ng_Temple_%28%C4%90%E1%BB%93ng_Nh%C3%A2n%29,,,en.wikipedia.org,,check on linked image file page before reuse,,,https://en.wikipedia.org/wiki/Hai_B%C3%A0_Tr%C6%B0ng_Temple_%28%C4%90%E1%BB%93ng_Nh%C3%A2n%29,Đền thờ liên quan trực tiếp đến Hai Bà Trưng.,awaiting_manual_download,,baotanglichsu.vn|disanvanhoa.gov.vn|bvhttdl.gov.vn|qdnd.vn|nhandan.vn|unesco.org|whc.unesco.org,,,,,,True,False
9,khoi-nghia-hai-ba-trung,Khởi nghĩa Hai Bà Trưng,40-43,atomic,ancient_medieval,by_event/khoi-nghia-hai-ba-trung,2,gallery,image_02.<đúng-đuôi-file>,direct,high,Hai Bà Trưng — nhân vật lãnh đạo cuộc khởi nghĩa năm 40–43,https://en.wikipedia.org/wiki/Tr%C6%B0ng_Sisters,,,en.wikipedia.org,,"REVIEW REQUIRED: verify the specific media file page, license, attribution, and reuse terms before download or import.",,,https://en.wikipedia.org/wiki/Tr%C6%B0ng_Sisters,"Nguồn trực tiếp về Hai Bà Trưng và cuộc khởi nghĩa; chọn hình tượng/di tích có chú thích rõ, không dùng danh sách đền chung chung.",awaiting_manual_download,,baotanglichsu.vn|disanvanhoa.gov.vn|bvhttdl.gov.vn|qdnd.vn|nhandan.vn|unesco.org|whc.unesco.org,,,,,,True,False
10,khoi-nghia-khu-lien-lap-nuoc-lam-ap,Khởi nghĩa Khu Liên lập nước Lâm Ấp,Năm 192,atomic,ancient_medieval,by_event/khoi-nghia-khu-lien-lap-nuoc-lam-ap,1,thumbnail,image_01.<real-extension>,direct,high,Khu Liên / Sri Mara,https://en.wikipedia.org/wiki/Khu_Li%C3%AAn,,,en.wikipedia.org,,Mở trang file ảnh và kiểm tra trước khi sử dụng,,,https://en.wikipedia.org/wiki/Khu_Li%C3%AAn,Nhân vật trực tiếp lãnh đạo cuộc nổi dậy và được gắn với việc lập Lâm Ấp.,awaiting_manual_download,,baotanglichsu.vn|disanvanhoa.gov.vn|bvhttdl.gov.vn|qdnd.vn|nhandan.vn|unesco.org|whc.unesco.org,,,,,,True,False
10,khoi-nghia-khu-lien-lap-nuoc-lam-ap,Khởi nghĩa Khu Liên lập nước Lâm Ấp,Năm 192,atomic,ancient_medieval,by_event/khoi-nghia-khu-lien-lap-nuoc-lam-ap,2,gallery,image_02.<real-extension>,direct,high,Bản đồ vương quốc Lâm Ấp,https://en.wikipedia.org/wiki/L%C3%A2m_%E1%BA%A4p,,,en.wikipedia.org,,Mở trang file ảnh và kiểm tra trước khi sử dụng,,,https://en.wikipedia.org/wiki/L%C3%A2m_%E1%BA%A4p,Trang có bản đồ Lâm Ấp và bối cảnh thành lập vương quốc.,awaiting_manual_download,,baotanglichsu.vn|disanvanhoa.gov.vn|bvhttdl.gov.vn|qdnd.vn|nhandan.vn|unesco.org|whc.unesco.org,,,,,,True,False
11,phu-nam-tro-thanh-vuong-quoc-hung-manh,Phù Nam trở thành vương quốc hùng mạnh,Từ thế kỉ III đến thế kỉ V,atomic,ancient_medieval,by_event/phu-nam-tro-thanh-vuong-quoc-hung-manh,1,thumbnail,image_01.<real-extension>,direct,high,Vương quốc Phù Nam,https://en.wikipedia.org/wiki/Funan,,,en.wikipedia.org,,Mở trang file ảnh và kiểm tra trước khi sử dụng,,,https://en.wikipedia.org/wiki/Funan,Trang trực tiếp về Phù Nam và giai đoạn phát triển hùng mạnh.,awaiting_manual_download,,baotanglichsu.vn|disanvanhoa.gov.vn|bvhttdl.gov.vn|qdnd.vn|nhandan.vn|unesco.org|whc.unesco.org,,,,,,True,False
11,phu-nam-tro-thanh-vuong-quoc-hung-manh,Phù Nam trở thành vương quốc hùng mạnh,Từ thế kỉ III đến thế kỉ V,atomic,ancient_medieval,by_event/phu-nam-tro-thanh-vuong-quoc-hung-manh,2,gallery,image_02.<real-extension>,strong_contextual,high,Di tích khảo cổ Óc Eo,https://en.wikipedia.org/wiki/%C3%93c_Eo,,,en.wikipedia.org,,Mở trang file ảnh và kiểm tra trước khi sử dụng,,,https://en.wikipedia.org/wiki/%C3%93c_Eo,Óc Eo là trung tâm khảo cổ và thương mại gắn chặt với Phù Nam.,awaiting_manual_download,,baotanglichsu.vn|disanvanhoa.gov.vn|bvhttdl.gov.vn|qdnd.vn|nhandan.vn|unesco.org|whc.unesco.org,,,,,,True,False
12,khoi-nghia-ba-trieu,Khởi nghĩa Bà Triệu,248,atomic,ancient_medieval,by_event/khoi-nghia-ba-trieu,1,thumbnail,image_01.<real-extension>,direct,high,Bà Triệu / Lady Triệu,https://en.wikipedia.org/wiki/Lady_Tri%E1%BB%87u,,,en.wikipedia.org,,Mở trang file ảnh và kiểm tra trước khi sử dụng,,,https://en.wikipedia.org/wiki/Lady_Tri%E1%BB%87u,Nhân vật trực tiếp của cuộc khởi nghĩa năm 248.,awaiting_manual_download,,baotanglichsu.vn|disanvanhoa.gov.vn|bvhttdl.gov.vn|qdnd.vn|nhandan.vn|unesco.org|whc.unesco.org,,,,,,True,False
12,khoi-nghia-ba-trieu,Khởi nghĩa Bà Triệu,248,atomic,ancient_medieval,by_event/khoi-nghia-ba-trieu,2,gallery,image_02.<real-extension>,strong_contextual,high,Đền Bà Triệu,https://en.wikipedia.org/wiki/B%C3%A0_Tri%E1%BB%87u_Temple,,,en.wikipedia.org,,Mở trang file ảnh và kiểm tra trước khi sử dụng,,,https://en.wikipedia.org/wiki/B%C3%A0_Tri%E1%BB%87u_Temple,Di tích thờ nhân vật trực tiếp của cuộc khởi nghĩa.,awaiting_manual_download,,baotanglichsu.vn|disanvanhoa.gov.vn|bvhttdl.gov.vn|qdnd.vn|nhandan.vn|unesco.org|whc.unesco.org,,,,,,True,False
13,khoi-nghia-ly-bi-trieu-quang-phuc,Khởi nghĩa Lý Bí và Triệu Quang Phục,542-602,atomic,ancient_medieval,by_event/khoi-nghia-ly-bi-trieu-quang-phuc,1,thumbnail,image_01.<real-extension>,direct,high,Lý Nam Đế / Lý Bí,https://en.wikipedia.org/wiki/L%C3%BD_Nam_%C4%90%E1%BA%BF,,,en.wikipedia.org,,Mở trang file ảnh và kiểm tra trước khi sử dụng,,,https://en.wikipedia.org/wiki/L%C3%BD_Nam_%C4%90%E1%BA%BF,Lý Bí là người khởi xướng cuộc khởi nghĩa và lập nước Vạn Xuân.,awaiting_manual_download,,baotanglichsu.vn|disanvanhoa.gov.vn|bvhttdl.gov.vn|qdnd.vn|nhandan.vn|unesco.org|whc.unesco.org,,,,,,True,False
13,khoi-nghia-ly-bi-trieu-quang-phuc,Khởi nghĩa Lý Bí và Triệu Quang Phục,542-602,atomic,ancient_medieval,by_event/khoi-nghia-ly-bi-trieu-quang-phuc,2,gallery,image_02.<real-extension>,direct,high,Triệu Việt Vương / Triệu Quang Phục,https://en.wikipedia.org/wiki/Tri%E1%BB%87u_Vi%E1%BB%87t_V%C6%B0%C6%A1ng,,,en.wikipedia.org,,Mở trang file ảnh và kiểm tra trước khi sử dụng,,,https://en.wikipedia.org/wiki/Tri%E1%BB%87u_Vi%E1%BB%87t_V%C6%B0%C6%A1ng,Triệu Quang Phục tiếp tục cuộc kháng chiến sau Lý Bí.,awaiting_manual_download,,baotanglichsu.vn|disanvanhoa.gov.vn|bvhttdl.gov.vn|qdnd.vn|nhandan.vn|unesco.org|whc.unesco.org,,,,,,True,False
14,xa-lan-dau-tien-xuat-hien,Xã lần đầu tiên xuất hiện,Đầu thế kỉ VII,atomic,ancient_medieval,by_event/xa-lan-dau-tien-xuat-hien,1,thumbnail,image_01.<real-extension>,strong_contextual,medium,An Nam đô hộ phủ thời Đường,https://en.wikipedia.org/wiki/Annan_%28Tang_protectorate%29,,,en.wikipedia.org,,Mở trang file ảnh và kiểm tra trước khi sử dụng,,,https://en.wikipedia.org/wiki/Annan_%28Tang_protectorate%29,"Bản đồ và bối cảnh hành chính đầu thời Đường, khi đơn vị xã xuất hiện.",awaiting_manual_download,,baotanglichsu.vn|disanvanhoa.gov.vn|bvhttdl.gov.vn|qdnd.vn|nhandan.vn|unesco.org|whc.unesco.org,,,,,,True,False
14,xa-lan-dau-tien-xuat-hien,Xã lần đầu tiên xuất hiện,Đầu thế kỉ VII,atomic,ancient_medieval,by_event/xa-lan-dau-tien-xuat-hien,2,gallery,image_02.<real-extension>,strong_contextual,medium,Hệ thống protectorate thời Đường,https://en.wikipedia.org/wiki/Protectorate_%28imperial_China%29,,,en.wikipedia.org,,Mở trang file ảnh và kiểm tra trước khi sử dụng,,,https://en.wikipedia.org/wiki/Protectorate_%28imperial_China%29,Bối cảnh cơ cấu hành chính; chỉ chọn bản đồ/sơ đồ phù hợp.,awaiting_manual_download,,baotanglichsu.vn|disanvanhoa.gov.vn|bvhttdl.gov.vn|qdnd.vn|nhandan.vn|unesco.org|whc.unesco.org,,,,,,True,False
15,mai-thuc-loan-khoi-nghia,Mai Thúc Loan dựng cờ khởi nghĩa,đầu thế kỉ VIII,atomic,ancient_medieval,by_event/mai-thuc-loan-khoi-nghia,1,thumbnail,image_01.<real-extension>,direct,high,Mai Thúc Loan,https://en.wikipedia.org/wiki/Mai_Th%C3%BAc_Loan,,,en.wikipedia.org,,Mở trang file ảnh và kiểm tra trước khi sử dụng,,,https://en.wikipedia.org/wiki/Mai_Th%C3%BAc_Loan,Nhân vật trực tiếp dựng cờ khởi nghĩa.,awaiting_manual_download,,baotanglichsu.vn|disanvanhoa.gov.vn|bvhttdl.gov.vn|qdnd.vn|nhandan.vn|unesco.org|whc.unesco.org,,,,,,True,False
15,mai-thuc-loan-khoi-nghia,Mai Thúc Loan dựng cờ khởi nghĩa,đầu thế kỉ VIII,atomic,ancient_medieval,by_event/mai-thuc-loan-khoi-nghia,2,gallery,image_02.<real-extension>,strong_contextual,high,An Nam đô hộ phủ thời Đường,https://en.wikipedia.org/wiki/Annan_%28Tang_protectorate%29,,,en.wikipedia.org,,Mở trang file ảnh và kiểm tra trước khi sử dụng,,,https://en.wikipedia.org/wiki/Annan_%28Tang_protectorate%29,Bối cảnh hành chính và bản đồ nơi cuộc nổi dậy bùng nổ.,awaiting_manual_download,,baotanglichsu.vn|disanvanhoa.gov.vn|bvhttdl.gov.vn|qdnd.vn|nhandan.vn|unesco.org|whc.unesco.org,,,,,,True,False
16,khoi-nghia-mai-thuc-loan,Khởi nghĩa Mai Thúc Loan,713-722,atomic,ancient_medieval,by_event/khoi-nghia-mai-thuc-loan,1,thumbnail,image_01.<real-extension>,direct,high,Khởi nghĩa Mai Thúc Loan,https://en.wikipedia.org/wiki/Mai_Th%C3%BAc_Loan,,,en.wikipedia.org,,Mở trang file ảnh và kiểm tra trước khi sử dụng,,,https://en.wikipedia.org/wiki/Mai_Th%C3%BAc_Loan,Trang trực tiếp về cuộc khởi nghĩa 722–723.,awaiting_manual_download,,baotanglichsu.vn|disanvanhoa.gov.vn|bvhttdl.gov.vn|qdnd.vn|nhandan.vn|unesco.org|whc.unesco.org,,,,,,True,False
16,khoi-nghia-mai-thuc-loan,Khởi nghĩa Mai Thúc Loan,713-722,atomic,ancient_medieval,by_event/khoi-nghia-mai-thuc-loan,2,gallery,image_02.<real-extension>,strong_contextual,high,Bản đồ An Nam dưới thời Đường,https://en.wikipedia.org/wiki/Annan_%28Tang_protectorate%29,,,en.wikipedia.org,,Mở trang file ảnh và kiểm tra trước khi sử dụng,,,https://en.wikipedia.org/wiki/Annan_%28Tang_protectorate%29,Bản đồ bối cảnh trực tiếp của cuộc khởi nghĩa.,awaiting_manual_download,,baotanglichsu.vn|disanvanhoa.gov.vn|bvhttdl.gov.vn|qdnd.vn|nhandan.vn|unesco.org|whc.unesco.org,,,,,,True,False
17,khoi-nghia-phung-hung,Khởi nghĩa Phùng Hưng,Cuối thế kỉ VIII,atomic,ancient_medieval,by_event/khoi-nghia-phung-hung,1,thumbnail,image_01.<real-extension>,direct,high,Phùng Hưng,https://en.wikipedia.org/wiki/Ph%C3%B9ng_H%C6%B0ng,,,en.wikipedia.org,,Mở trang file ảnh và kiểm tra trước khi sử dụng,,,https://en.wikipedia.org/wiki/Ph%C3%B9ng_H%C6%B0ng,Nhân vật trực tiếp của cuộc khởi nghĩa.,awaiting_manual_download,,baotanglichsu.vn|disanvanhoa.gov.vn|bvhttdl.gov.vn|qdnd.vn|nhandan.vn|unesco.org|whc.unesco.org,,,,,,True,False
17,khoi-nghia-phung-hung,Khởi nghĩa Phùng Hưng,Cuối thế kỉ VIII,atomic,ancient_medieval,by_event/khoi-nghia-phung-hung,2,gallery,image_02.<real-extension>,strong_contextual,medium,Đường Lâm,https://en.wikipedia.org/wiki/%C4%90%C6%B0%E1%BB%9Dng_L%C3%A2m,,,en.wikipedia.org,,Mở trang file ảnh và kiểm tra trước khi sử dụng,,,https://en.wikipedia.org/wiki/%C4%90%C6%B0%E1%BB%9Dng_L%C3%A2m,Quê hương truyền thống gắn với Phùng Hưng; chọn ảnh di tích thờ ông nếu có.,awaiting_manual_download,,baotanglichsu.vn|disanvanhoa.gov.vn|bvhttdl.gov.vn|qdnd.vn|nhandan.vn|unesco.org|whc.unesco.org,,,,,,True,False
18,khoi-nghia-khuc-thua-du,Khởi nghĩa Khúc Thừa Dụ,905,atomic,ancient_medieval,by_event/khoi-nghia-khuc-thua-du,1,thumbnail,image_01.<real-extension>,direct,high,Khúc Thừa Dụ,https://en.wikipedia.org/wiki/Kh%C3%BAc_Th%E1%BB%ABa_D%E1%BB%A5,,,en.wikipedia.org,,Mở trang file ảnh và kiểm tra trước khi sử dụng,,,https://en.wikipedia.org/wiki/Kh%C3%BAc_Th%E1%BB%ABa_D%E1%BB%A5,Nhân vật trực tiếp giành quyền tự chủ năm 905.,awaiting_manual_download,,baotanglichsu.vn|disanvanhoa.gov.vn|bvhttdl.gov.vn|qdnd.vn|nhandan.vn|unesco.org|whc.unesco.org,,,,,,True,False
18,khoi-nghia-khuc-thua-du,Khởi nghĩa Khúc Thừa Dụ,905,atomic,ancient_medieval,by_event/khoi-nghia-khuc-thua-du,2,gallery,image_02.<real-extension>,strong_contextual,high,An Nam đô hộ phủ cuối thời Đường,https://en.wikipedia.org/wiki/Annan_%28Tang_protectorate%29,,,en.wikipedia.org,,Mở trang file ảnh và kiểm tra trước khi sử dụng,,,https://en.wikipedia.org/wiki/Annan_%28Tang_protectorate%29,Bản đồ và bối cảnh cuối thời Đường trước khi Khúc Thừa Dụ nắm quyền.,awaiting_manual_download,,baotanglichsu.vn|disanvanhoa.gov.vn|bvhttdl.gov.vn|qdnd.vn|nhandan.vn|unesco.org|whc.unesco.org,,,,,,True,False
19,chien-thang-bach-dang-938,Chiến thắng Bạch Đằng (938),Năm 938,atomic,ancient_medieval,by_event/chien-thang-bach-dang-938,1,thumbnail,image_01.<real-extension>,direct,high,Trận Bạch Đằng năm 938,https://en.wikipedia.org/wiki/Battle_of_B%E1%BA%A1ch_%C4%90%E1%BA%B1ng_%28938%29,,,en.wikipedia.org,,Mở trang file ảnh và kiểm tra trước khi sử dụng,,,https://en.wikipedia.org/wiki/Battle_of_B%E1%BA%A1ch_%C4%90%E1%BA%B1ng_%28938%29,Trang trực tiếp về trận đánh và chiến thuật cọc ngầm.,awaiting_manual_download,,baotanglichsu.vn|disanvanhoa.gov.vn|bvhttdl.gov.vn|qdnd.vn|nhandan.vn|unesco.org|whc.unesco.org,,,,,,True,False
19,chien-thang-bach-dang-938,Chiến thắng Bạch Đằng (938),Năm 938,atomic,ancient_medieval,by_event/chien-thang-bach-dang-938,2,gallery,image_02.<real-extension>,direct,high,Sông Bạch Đằng,https://en.wikipedia.org/wiki/B%E1%BA%A1ch_%C4%90%E1%BA%B1ng_River,,,en.wikipedia.org,,Mở trang file ảnh và kiểm tra trước khi sử dụng,,,https://en.wikipedia.org/wiki/B%E1%BA%A1ch_%C4%90%E1%BA%B1ng_River,Địa điểm trực tiếp diễn ra chiến thắng.,awaiting_manual_download,,baotanglichsu.vn|disanvanhoa.gov.vn|bvhttdl.gov.vn|qdnd.vn|nhandan.vn|unesco.org|whc.unesco.org,,,,,,True,False
20,ngo-quyen-xung-vuong-co-loa,Ngô Quyền xưng vương và đóng đô ở Cổ Loa,Sau năm 938,atomic,ancient_medieval,by_event/ngo-quyen-xung-vuong-co-loa,1,thumbnail,image_01.<real-extension>,direct,high,Ngô Quyền,https://en.wikipedia.org/wiki/Ng%C3%B4_Quy%E1%BB%81n,,,en.wikipedia.org,,Mở trang file ảnh và kiểm tra trước khi sử dụng,,,https://en.wikipedia.org/wiki/Ng%C3%B4_Quy%E1%BB%81n,Ngô Quyền xưng vương sau chiến thắng năm 938.,awaiting_manual_download,,baotanglichsu.vn|disanvanhoa.gov.vn|bvhttdl.gov.vn|qdnd.vn|nhandan.vn|unesco.org|whc.unesco.org,,,,,,True,False
20,ngo-quyen-xung-vuong-co-loa,Ngô Quyền xưng vương và đóng đô ở Cổ Loa,Sau năm 938,atomic,ancient_medieval,by_event/ngo-quyen-xung-vuong-co-loa,2,gallery,image_02.<real-extension>,direct,high,Thành Cổ Loa,https://en.wikipedia.org/wiki/Citadel_of_C%E1%BB%95_Loa,,,en.wikipedia.org,,Mở trang file ảnh và kiểm tra trước khi sử dụng,,,https://en.wikipedia.org/wiki/Citadel_of_C%E1%BB%95_Loa,Cổ Loa là nơi Ngô Quyền chọn đóng đô.,awaiting_manual_download,,baotanglichsu.vn|disanvanhoa.gov.vn|bvhttdl.gov.vn|qdnd.vn|nhandan.vn|unesco.org|whc.unesco.org,,,,,,True,False
21,khang-chien-chong-quan-tong-981,Kháng chiến chống quân Tống (lần 1),Năm 981,atomic,ancient_medieval,by_event/khang-chien-chong-quan-tong-981,1,thumbnail,image_01.<real-extension>,direct,high,Chiến tranh Tống–Đại Cồ Việt năm 981,https://en.wikipedia.org/wiki/Song%E2%80%93%C4%90%E1%BA%A1i_C%E1%BB%93_Vi%E1%BB%87t_war,,,en.wikipedia.org,,Mở trang file ảnh và kiểm tra trước khi sử dụng,,,https://en.wikipedia.org/wiki/Song%E2%80%93%C4%90%E1%BA%A1i_C%E1%BB%93_Vi%E1%BB%87t_war,Trang trực tiếp về cuộc kháng chiến năm 981.,awaiting_manual_download,,baotanglichsu.vn|disanvanhoa.gov.vn|bvhttdl.gov.vn|qdnd.vn|nhandan.vn|unesco.org|whc.unesco.org,,,,,,True,False
21,khang-chien-chong-quan-tong-981,Kháng chiến chống quân Tống (lần 1),Năm 981,atomic,ancient_medieval,by_event/khang-chien-chong-quan-tong-981,2,gallery,image_02.<real-extension>,direct,high,Lê Đại Hành,https://en.wikipedia.org/wiki/L%C3%AA_%C4%90%E1%BA%A1i_H%C3%A0nh,,,en.wikipedia.org,,Mở trang file ảnh và kiểm tra trước khi sử dụng,,,https://en.wikipedia.org/wiki/L%C3%AA_%C4%90%E1%BA%A1i_H%C3%A0nh,Người lãnh đạo cuộc kháng chiến chống Tống năm 981.,awaiting_manual_download,,baotanglichsu.vn|disanvanhoa.gov.vn|bvhttdl.gov.vn|qdnd.vn|nhandan.vn|unesco.org|whc.unesco.org,,,,,,True,False
22,khang-chien-chong-quan-tong-1075-1077,Kháng chiến chống quân Tống (lần 2),1075-1077,atomic,ancient_medieval,by_event/khang-chien-chong-quan-tong-1075-1077,1,thumbnail,image_01.<real-extension>,direct,high,Chiến tranh Lý–Tống 1075–1077,https://en.wikipedia.org/wiki/Song%E2%80%93%C4%90%E1%BA%A1i_Vi%E1%BB%87t_war,,,en.wikipedia.org,,Mở trang file ảnh và kiểm tra trước khi sử dụng,,,https://en.wikipedia.org/wiki/Song%E2%80%93%C4%90%E1%BA%A1i_Vi%E1%BB%87t_war,Trang trực tiếp về toàn bộ cuộc chiến.,awaiting_manual_download,,baotanglichsu.vn|disanvanhoa.gov.vn|bvhttdl.gov.vn|qdnd.vn|nhandan.vn|unesco.org|whc.unesco.org,,,,,,True,False
22,khang-chien-chong-quan-tong-1075-1077,Kháng chiến chống quân Tống (lần 2),1075-1077,atomic,ancient_medieval,by_event/khang-chien-chong-quan-tong-1075-1077,2,gallery,image_02.<real-extension>,direct,high,Trận Như Nguyệt 1077,https://en.wikipedia.org/wiki/Battle_of_Nh%C6%B0_Nguy%E1%BB%87t_River_%281077%29,,,en.wikipedia.org,,Mở trang file ảnh và kiểm tra trước khi sử dụng,,,https://en.wikipedia.org/wiki/Battle_of_Nh%C6%B0_Nguy%E1%BB%87t_River_%281077%29,Trận đánh quyết định trong cuộc kháng chiến.,awaiting_manual_download,,baotanglichsu.vn|disanvanhoa.gov.vn|bvhttdl.gov.vn|qdnd.vn|nhandan.vn|unesco.org|whc.unesco.org,,,,,,True,False
23,ly-thuong-kiet-tap-kich-kham-chau-liem-chau-ung-chau,"Lý Thường Kiệt chủ động tập kích Khâm Châu, Liêm Châu, Ung Châu",Năm 1075,atomic,ancient_medieval,by_event/ly-thuong-kiet-tap-kich-kham-chau-liem-chau-ung-chau,1,thumbnail,image_01.<real-extension>,direct,high,Chiến tranh Lý–Tống — chiến dịch 1075,https://en.wikipedia.org/wiki/Song%E2%80%93%C4%90%E1%BA%A1i_Vi%E1%BB%87t_war,,,en.wikipedia.org,,Mở trang file ảnh và kiểm tra trước khi sử dụng,,,https://en.wikipedia.org/wiki/Song%E2%80%93%C4%90%E1%BA%A1i_Vi%E1%BB%87t_war,"Trang mô tả trực tiếp cuộc tiến công Khâm, Liêm và Ung Châu.",awaiting_manual_download,,baotanglichsu.vn|disanvanhoa.gov.vn|bvhttdl.gov.vn|qdnd.vn|nhandan.vn|unesco.org|whc.unesco.org,,,,,,True,False
23,ly-thuong-kiet-tap-kich-kham-chau-liem-chau-ung-chau,"Lý Thường Kiệt chủ động tập kích Khâm Châu, Liêm Châu, Ung Châu",Năm 1075,atomic,ancient_medieval,by_event/ly-thuong-kiet-tap-kich-kham-chau-liem-chau-ung-chau,2,gallery,image_02.<real-extension>,direct,high,Lý Thường Kiệt,https://en.wikipedia.org/wiki/L%C3%BD_Th%C6%B0%E1%BB%9Dng_Ki%E1%BB%87t,,,en.wikipedia.org,,Mở trang file ảnh và kiểm tra trước khi sử dụng,,,https://en.wikipedia.org/wiki/L%C3%BD_Th%C6%B0%E1%BB%9Dng_Ki%E1%BB%87t,Người tổ chức và chỉ huy cuộc tiến công chủ động.,awaiting_manual_download,,baotanglichsu.vn|disanvanhoa.gov.vn|bvhttdl.gov.vn|qdnd.vn|nhandan.vn|unesco.org|whc.unesco.org,,,,,,True,False
24,ly-nhan-tong-lap-quoc-tu-giam,Vua Lý Nhân Tông cho lập Quốc Tử Giám,Năm 1076,atomic,ancient_medieval,by_event/ly-nhan-tong-lap-quoc-tu-giam,1,thumbnail,image_01.<real-extension>,direct,high,Văn Miếu – Quốc Tử Giám,https://en.wikipedia.org/wiki/Temple_of_Literature%2C_Hanoi,,,en.wikipedia.org,,Mở trang file ảnh và kiểm tra trước khi sử dụng,,,https://en.wikipedia.org/wiki/Temple_of_Literature%2C_Hanoi,Quốc Tử Giám được lập năm 1076 trong quần thể Văn Miếu.,awaiting_manual_download,,baotanglichsu.vn|disanvanhoa.gov.vn|bvhttdl.gov.vn|qdnd.vn|nhandan.vn|unesco.org|whc.unesco.org,,,,,,True,False
24,ly-nhan-tong-lap-quoc-tu-giam,Vua Lý Nhân Tông cho lập Quốc Tử Giám,Năm 1076,atomic,ancient_medieval,by_event/ly-nhan-tong-lap-quoc-tu-giam,2,gallery,image_02.<real-extension>,direct,high,Lý Nhân Tông,https://fr.wikipedia.org/wiki/L%C3%BD_Nh%C3%A2n_T%C3%B4ng,,,fr.wikipedia.org,,Mở trang file ảnh và kiểm tra trước khi sử dụng,,,https://fr.wikipedia.org/wiki/L%C3%BD_Nh%C3%A2n_T%C3%B4ng,Vua trực tiếp cho lập Quốc Tử Giám.,awaiting_manual_download,,baotanglichsu.vn|disanvanhoa.gov.vn|bvhttdl.gov.vn|qdnd.vn|nhandan.vn|unesco.org|whc.unesco.org,,,,,,True,False
25,ga-cong-chua-thieu-dung-duong-tu-minh-1144,Gả Công chúa Thiều Dung cho Dương Tự Minh,Năm 1144,atomic,ancient_medieval,by_event/ga-cong-chua-thieu-dung-duong-tu-minh-1144,1,thumbnail,image_01.<real-extension>,direct,high,Dương Tự Minh,https://vi.wikipedia.org/wiki/D%C6%B0%C6%A1ng_T%E1%BB%B1_Minh,,,vi.wikipedia.org,,Mở trang file ảnh và kiểm tra trước khi sử dụng,,,https://vi.wikipedia.org/wiki/D%C6%B0%C6%A1ng_T%E1%BB%B1_Minh,Nhân vật trực tiếp của sự kiện năm 1144.,awaiting_manual_download,,baotanglichsu.vn|disanvanhoa.gov.vn|bvhttdl.gov.vn|qdnd.vn|nhandan.vn|unesco.org|whc.unesco.org,,,,,,True,False
25,ga-cong-chua-thieu-dung-duong-tu-minh-1144,Gả Công chúa Thiều Dung cho Dương Tự Minh,Năm 1144,atomic,ancient_medieval,by_event/ga-cong-chua-thieu-dung-duong-tu-minh-1144,2,gallery,image_02.<real-extension>,strong_contextual,high,Đền Đuổm — di tích thờ Dương Tự Minh,https://vi.wikipedia.org/wiki/%C4%90%E1%BB%81n_%C4%90u%E1%BB%95m,,,vi.wikipedia.org,,"REVIEW REQUIRED: verify the specific media file page, license, attribution, and reuse terms before download or import.",,,https://vi.wikipedia.org/wiki/D%C6%B0%C6%A1ng_T%E1%BB%B1_Minh,Trang độc lập về đền thờ Dương Tự Minh; phần nội dung ghi việc ông được gả Công chúa Thiều Dung năm 1144. Chỉ chọn file ảnh di tích có chú thích rõ.,awaiting_manual_download,,baotanglichsu.vn|disanvanhoa.gov.vn|bvhttdl.gov.vn|qdnd.vn|nhandan.vn|unesco.org|whc.unesco.org,,,,,,True,False
26,cai-cach-tran-thu-do,Cải cách của Trần Thủ Độ,Thế kỉ XIII,atomic,ancient_medieval,by_event/cai-cach-tran-thu-do,1,thumbnail,image_01.<real-extension>,direct,high,Trần Thủ Độ,https://en.wikipedia.org/wiki/Tr%E1%BA%A7n_Th%E1%BB%A7_%C4%90%E1%BB%99,,,en.wikipedia.org,,Mở trang file ảnh và kiểm tra trước khi sử dụng,,,https://en.wikipedia.org/wiki/Tr%E1%BA%A7n_Th%E1%BB%A7_%C4%90%E1%BB%99,Nhân vật trực tiếp thực hiện các cải tổ đầu triều Trần.,awaiting_manual_download,,baotanglichsu.vn|disanvanhoa.gov.vn|bvhttdl.gov.vn|qdnd.vn|nhandan.vn|unesco.org|whc.unesco.org,,,,,,True,False
26,cai-cach-tran-thu-do,Cải cách của Trần Thủ Độ,Thế kỉ XIII,atomic,ancient_medieval,by_event/cai-cach-tran-thu-do,2,gallery,image_02.<real-extension>,strong_contextual,high,Nhà Trần,https://en.wikipedia.org/wiki/Tr%E1%BA%A7n_dynasty,,,en.wikipedia.org,,Mở trang file ảnh và kiểm tra trước khi sử dụng,,,https://en.wikipedia.org/wiki/Tr%E1%BA%A7n_dynasty,Bối cảnh triều đại được Trần Thủ Độ tổ chức và củng cố.,awaiting_manual_download,,baotanglichsu.vn|disanvanhoa.gov.vn|bvhttdl.gov.vn|qdnd.vn|nhandan.vn|unesco.org|whc.unesco.org,,,,,,True,False
27,khang-chien-chong-quan-mong-co-1258,Kháng chiến chống quân Mông Cổ (lần 1),Năm 1258,atomic,ancient_medieval,by_event/khang-chien-chong-quan-mong-co-1258,1,thumbnail,image_01.<real-extension>,direct,high,Các cuộc xâm lược Mông–Nguyên vào Việt Nam,https://en.wikipedia.org/wiki/Mongol_invasions_of_Vietnam,,,en.wikipedia.org,,Mở trang file ảnh và kiểm tra trước khi sử dụng,,,https://en.wikipedia.org/wiki/Mongol_invasions_of_Vietnam,Trang có phần riêng về cuộc xâm lược lần thứ nhất năm 1258.,awaiting_manual_download,,baotanglichsu.vn|disanvanhoa.gov.vn|bvhttdl.gov.vn|qdnd.vn|nhandan.vn|unesco.org|whc.unesco.org,,,,,,True,False
27,khang-chien-chong-quan-mong-co-1258,Kháng chiến chống quân Mông Cổ (lần 1),Năm 1258,atomic,ancient_medieval,by_event/khang-chien-chong-quan-mong-co-1258,2,gallery,image_02.<real-extension>,direct,high,Trận Bình Lệ Nguyên 1258,https://en.wikipedia.org/wiki/Battle_of_B%C3%ACnh_L%E1%BB%87_Nguy%C3%AAn,,,en.wikipedia.org,,Mở trang file ảnh và kiểm tra trước khi sử dụng,,,https://en.wikipedia.org/wiki/Battle_of_B%C3%ACnh_L%E1%BB%87_Nguy%C3%AAn,Trận đánh trực tiếp trong cuộc kháng chiến lần thứ nhất.,awaiting_manual_download,,baotanglichsu.vn|disanvanhoa.gov.vn|bvhttdl.gov.vn|qdnd.vn|nhandan.vn|unesco.org|whc.unesco.org,,,,,,True,False
28,hoi-nghi-binh-than,Hội nghị Bình Than,Năm 1282,atomic,ancient_medieval,by_event/hoi-nghi-binh-than,1,thumbnail,image_01.<real-extension>,direct,high,Hội nghị Bình Than,https://vi.wikipedia.org/wiki/H%E1%BB%99i_ngh%E1%BB%8B_B%C3%ACnh_Than,,,vi.wikipedia.org,,Mở trang file ảnh và kiểm tra trước khi sử dụng,,,https://vi.wikipedia.org/wiki/H%E1%BB%99i_ngh%E1%BB%8B_B%C3%ACnh_Than,Trang trực tiếp về hội nghị năm 1282.,awaiting_manual_download,,baotanglichsu.vn|disanvanhoa.gov.vn|bvhttdl.gov.vn|qdnd.vn|nhandan.vn|unesco.org|whc.unesco.org,,,,,,True,False
28,hoi-nghi-binh-than,Hội nghị Bình Than,Năm 1282,atomic,ancient_medieval,by_event/hoi-nghi-binh-than,2,gallery,image_02.<real-extension>,direct,high,Trần Quốc Toản,https://en.wikipedia.org/wiki/Tr%E1%BA%A7n_Qu%E1%BB%91c_To%E1%BA%A3n,,,en.wikipedia.org,,Mở trang file ảnh và kiểm tra trước khi sử dụng,,,https://en.wikipedia.org/wiki/Tr%E1%BA%A7n_Qu%E1%BB%91c_To%E1%BA%A3n,Nhân vật gắn trực tiếp với sự kiện Hội nghị Bình Than.,awaiting_manual_download,,baotanglichsu.vn|disanvanhoa.gov.vn|bvhttdl.gov.vn|qdnd.vn|nhandan.vn|unesco.org|whc.unesco.org,,,,,,True,False
29,hoi-nghi-dien-hong,Hội nghị Diên Hồng,Năm 1285,atomic,ancient_medieval,by_event/hoi-nghi-dien-hong,1,thumbnail,image_01.<real-extension>,direct,high,Hội nghị Diên Hồng,https://vi.wikipedia.org/wiki/H%E1%BB%99i_ngh%E1%BB%8B_Di%C3%AAn_H%E1%BB%93ng,,,vi.wikipedia.org,,Mở trang file ảnh và kiểm tra trước khi sử dụng,,,https://vi.wikipedia.org/wiki/H%E1%BB%99i_ngh%E1%BB%8B_Di%C3%AAn_H%E1%BB%93ng,Trang trực tiếp về hội nghị năm 1285.,awaiting_manual_download,,baotanglichsu.vn|disanvanhoa.gov.vn|bvhttdl.gov.vn|qdnd.vn|nhandan.vn|unesco.org|whc.unesco.org,,,,,,True,False
29,hoi-nghi-dien-hong,Hội nghị Diên Hồng,Năm 1285,atomic,ancient_medieval,by_event/hoi-nghi-dien-hong,2,gallery,image_02.<real-extension>,direct,high,Trần Nhân Tông,https://en.wikipedia.org/wiki/Tr%E1%BA%A7n_Nh%C3%A2n_T%C3%B4ng,,,en.wikipedia.org,,Mở trang file ảnh và kiểm tra trước khi sử dụng,,,https://en.wikipedia.org/wiki/Tr%E1%BA%A7n_Nh%C3%A2n_T%C3%B4ng,Hoàng đế gắn trực tiếp với hội nghị và cuộc kháng chiến.,awaiting_manual_download,,baotanglichsu.vn|disanvanhoa.gov.vn|bvhttdl.gov.vn|qdnd.vn|nhandan.vn|unesco.org|whc.unesco.org,,,,,,True,False
30,khang-chien-chong-quan-nguyen-1285,Kháng chiến chống quân Nguyên (lần 2),Năm 1285,atomic,ancient_medieval,by_event/khang-chien-chong-quan-nguyen-1285,1,thumbnail,image_01.<đúng-đuôi-file>,direct,high,Mongol invasions of Vietnam — 1285 campaign,https://en.wikipedia.org/wiki/Mongol_invasions_of_Vietnam,,,en.wikipedia.org,,check linked image file page before reuse,,,https://en.wikipedia.org/wiki/Mongol_invasions_of_Vietnam,Trang có bản đồ và tư liệu trực tiếp về cuộc xâm lược Đại Việt lần hai năm 1285.,awaiting_manual_download,,baotanglichsu.vn|disanvanhoa.gov.vn|bvhttdl.gov.vn|qdnd.vn|nhandan.vn|unesco.org|whc.unesco.org,,,,,,True,False
30,khang-chien-chong-quan-nguyen-1285,Kháng chiến chống quân Nguyên (lần 2),Năm 1285,atomic,ancient_medieval,by_event/khang-chien-chong-quan-nguyen-1285,2,gallery,image_02.<đúng-đuôi-file>,direct,high,Trần Hưng Đạo,https://en.wikipedia.org/wiki/Tr%E1%BA%A7n_H%C6%B0ng_%C4%90%E1%BA%A1o,,,en.wikipedia.org,,check linked image file page before reuse,,,https://en.wikipedia.org/wiki/Tr%E1%BA%A7n_H%C6%B0ng_%C4%90%E1%BA%A1o,Trần Hưng Đạo là tổng chỉ huy quân đội Đại Việt trong kháng chiến chống Nguyên năm 1285.,awaiting_manual_download,,baotanglichsu.vn|disanvanhoa.gov.vn|bvhttdl.gov.vn|qdnd.vn|nhandan.vn|unesco.org|whc.unesco.org,,,,,,True,False
31,khung-hoang-cuoi-trieu-tran,Khủng hoảng cuối triều Trần,Cuối thế kỉ XIV,atomic,ancient_medieval,by_event/khung-hoang-cuoi-trieu-tran,1,thumbnail,image_01.<đúng-đuôi-file>,strong_contextual,high,Trần dynasty — decline and crisis,https://en.wikipedia.org/wiki/Tr%E1%BA%A7n_dynasty,,,en.wikipedia.org,,check linked image file page before reuse,,,https://en.wikipedia.org/wiki/Tr%E1%BA%A7n_dynasty,"Trang có phần về suy yếu cuối triều Trần, chiến tranh, khủng hoảng và sự trỗi dậy của Hồ Quý Ly.",awaiting_manual_download,,baotanglichsu.vn|disanvanhoa.gov.vn|bvhttdl.gov.vn|qdnd.vn|nhandan.vn|unesco.org|whc.unesco.org,,,,,,True,False
31,khung-hoang-cuoi-trieu-tran,Khủng hoảng cuối triều Trần,Cuối thế kỉ XIV,atomic,ancient_medieval,by_event/khung-hoang-cuoi-trieu-tran,2,gallery,image_02.<đúng-đuôi-file>,strong_contextual,high,Hồ Quý Ly,https://en.wikipedia.org/wiki/H%E1%BB%93_Qu%C3%BD_Ly,,,en.wikipedia.org,,check linked image file page before reuse,,,https://en.wikipedia.org/wiki/H%E1%BB%93_Qu%C3%BD_Ly,Hồ Quý Ly là nhân vật trung tâm của giai đoạn khủng hoảng cuối Trần và chuyển sang nhà Hồ.,awaiting_manual_download,,baotanglichsu.vn|disanvanhoa.gov.vn|bvhttdl.gov.vn|qdnd.vn|nhandan.vn|unesco.org|whc.unesco.org,,,,,,True,False
32,le-loi-xay-thanh-luc-nien,Lê Lợi xây thành Lục Niên,thế kỉ XV,atomic,ancient_medieval,by_event/le-loi-xay-thanh-luc-nien,1,thumbnail,image_01.<đúng-đuôi-file>,direct,high,Lam Sơn uprising,https://en.wikipedia.org/wiki/Lam_S%C6%A1n_uprising,,,en.wikipedia.org,,check linked image file page before reuse,,,https://en.wikipedia.org/wiki/Lam_S%C6%A1n_uprising,"Trang trực tiếp về khởi nghĩa Lam Sơn và các căn cứ, chiến dịch của Lê Lợi.",awaiting_manual_download,,baotanglichsu.vn|disanvanhoa.gov.vn|bvhttdl.gov.vn|qdnd.vn|nhandan.vn|unesco.org|whc.unesco.org,,,,,,True,False
32,le-loi-xay-thanh-luc-nien,Lê Lợi xây thành Lục Niên,thế kỉ XV,atomic,ancient_medieval,by_event/le-loi-xay-thanh-luc-nien,2,gallery,image_02.<đúng-đuôi-file>,direct,high,Lê Lợi,https://en.wikipedia.org/wiki/L%C3%AA_L%E1%BB%A3i,,,en.wikipedia.org,,check linked image file page before reuse,,,https://en.wikipedia.org/wiki/L%C3%AA_L%E1%BB%A3i,"Lê Lợi là người lãnh đạo khởi nghĩa và gắn trực tiếp với việc xây dựng căn cứ, thành lũy của nghĩa quân.",awaiting_manual_download,,baotanglichsu.vn|disanvanhoa.gov.vn|bvhttdl.gov.vn|qdnd.vn|nhandan.vn|unesco.org|whc.unesco.org,,,,,,True,False
33,nha-minh-xam-luoc-dai-ngu,Nhà Minh xâm lược Đại Ngu,Giữa lúc công cuộc cải cách của nhà Hồ đang thực hiện (đầu thế kỉ XV),atomic,ancient_medieval,by_event/nha-minh-xam-luoc-dai-ngu,1,thumbnail,image_01.<đúng-đuôi-file>,direct,high,Ming conquest of Đại Ngu,https://en.wikipedia.org/wiki/Ming_conquest_of_%C4%90%E1%BA%A1i_Ngu,,,en.wikipedia.org,,check linked image file page before reuse,,,https://en.wikipedia.org/wiki/Ming_conquest_of_%C4%90%E1%BA%A1i_Ngu,Trang trực tiếp về cuộc xâm lược Đại Ngu của nhà Minh 1406–1407.,awaiting_manual_download,,baotanglichsu.vn|disanvanhoa.gov.vn|bvhttdl.gov.vn|qdnd.vn|nhandan.vn|unesco.org|whc.unesco.org,,,,,,True,False
33,nha-minh-xam-luoc-dai-ngu,Nhà Minh xâm lược Đại Ngu,Giữa lúc công cuộc cải cách của nhà Hồ đang thực hiện (đầu thế kỉ XV),atomic,ancient_medieval,by_event/nha-minh-xam-luoc-dai-ngu,2,gallery,image_02.<đúng-đuôi-file>,direct,high,Hồ dynasty,https://en.wikipedia.org/wiki/H%E1%BB%93_dynasty,,,en.wikipedia.org,,check linked image file page before reuse,,,https://en.wikipedia.org/wiki/H%E1%BB%93_dynasty,Nhà Hồ là chính quyền Đại Ngu bị quân Minh xâm lược.,awaiting_manual_download,,baotanglichsu.vn|disanvanhoa.gov.vn|bvhttdl.gov.vn|qdnd.vn|nhandan.vn|unesco.org|whc.unesco.org,,,,,,True,False
34,khang-chien-chong-quan-minh-nha-ho,Kháng chiến chống quân Minh của nhà Hồ,1406 - 1407,collection,ancient_medieval,by_event/khang-chien-chong-quan-minh-nha-ho,1,thumbnail,image_01.<đúng-đuôi-file>,direct,high,Ming conquest of Đại Ngu — Hồ resistance,https://en.wikipedia.org/wiki/Ming_conquest_of_%C4%90%E1%BA%A1i_Ngu,,,en.wikipedia.org,,check linked image file page before reuse,,,https://en.wikipedia.org/wiki/Ming_conquest_of_%C4%90%E1%BA%A1i_Ngu,Trang mô tả trực tiếp kế hoạch phòng thủ và chiến đấu của nhà Hồ chống quân Minh.,awaiting_manual_download,,baotanglichsu.vn|disanvanhoa.gov.vn|bvhttdl.gov.vn|qdnd.vn|nhandan.vn|unesco.org|whc.unesco.org,,,,,,True,False
34,khang-chien-chong-quan-minh-nha-ho,Kháng chiến chống quân Minh của nhà Hồ,1406 - 1407,collection,ancient_medieval,by_event/khang-chien-chong-quan-minh-nha-ho,2,gallery,image_02.<đúng-đuôi-file>,direct,high,Hồ Quý Ly,https://en.wikipedia.org/wiki/H%E1%BB%93_Qu%C3%BD_Ly,,,en.wikipedia.org,,check linked image file page before reuse,,,https://en.wikipedia.org/wiki/H%E1%BB%93_Qu%C3%BD_Ly,Hồ Quý Ly là nhân vật lãnh đạo chính của nhà Hồ trong cuộc kháng chiến.,awaiting_manual_download,,baotanglichsu.vn|disanvanhoa.gov.vn|bvhttdl.gov.vn|qdnd.vn|nhandan.vn|unesco.org|whc.unesco.org,,,,,,True,False
35,nha-minh-thong-tri-huy-diet-van-minh-dai-viet,Nhà Minh thống trị Đại Việt và chính sách huỷ diệt văn minh,Từ năm 1407 đến năm 1427,atomic,ancient_medieval,by_event/nha-minh-thong-tri-huy-diet-van-minh-dai-viet,1,thumbnail,image_01.<đúng-đuôi-file>,direct,high,Fourth Era of Northern Domination,https://en.wikipedia.org/wiki/Fourth_Era_of_Northern_Domination,,,en.wikipedia.org,,check linked image file page before reuse,,,https://en.wikipedia.org/wiki/Fourth_Era_of_Northern_Domination,Trang trực tiếp về thời kỳ nhà Minh đô hộ Đại Việt từ 1407.,awaiting_manual_download,,baotanglichsu.vn|disanvanhoa.gov.vn|bvhttdl.gov.vn|qdnd.vn|nhandan.vn|unesco.org|whc.unesco.org,,,,,,True,False
35,nha-minh-thong-tri-huy-diet-van-minh-dai-viet,Nhà Minh thống trị Đại Việt và chính sách huỷ diệt văn minh,Từ năm 1407 đến năm 1427,atomic,ancient_medieval,by_event/nha-minh-thong-tri-huy-diet-van-minh-dai-viet,2,gallery,image_02.<đúng-đuôi-file>,strong_contextual,high,Ming–Việt War,https://en.wikipedia.org/wiki/Ming%E2%80%93Vi%E1%BB%87t_War,,,en.wikipedia.org,,check linked image file page before reuse,,,https://en.wikipedia.org/wiki/Ming%E2%80%93Vi%E1%BB%87t_War,Trang cung cấp bối cảnh ách thống trị Minh và cuộc đấu tranh giành lại độc lập.,awaiting_manual_download,,baotanglichsu.vn|disanvanhoa.gov.vn|bvhttdl.gov.vn|qdnd.vn|nhandan.vn|unesco.org|whc.unesco.org,,,,,,True,False
36,hoi-the-lung-nhai,Hội thề Lũng Nhai,Năm 1416,atomic,ancient_medieval,by_event/hoi-the-lung-nhai,1,thumbnail,image_01.<đúng-đuôi-file>,direct,high,Lam Sơn uprising,https://en.wikipedia.org/wiki/Lam_S%C6%A1n_uprising,,,en.wikipedia.org,,check linked image file page before reuse,,,https://en.wikipedia.org/wiki/Lam_S%C6%A1n_uprising,Hội thề Lũng Nhai là sự kiện mở đầu quan trọng của lực lượng lãnh đạo khởi nghĩa Lam Sơn.,awaiting_manual_download,,baotanglichsu.vn|disanvanhoa.gov.vn|bvhttdl.gov.vn|qdnd.vn|nhandan.vn|unesco.org|whc.unesco.org,,,,,,True,False
36,hoi-the-lung-nhai,Hội thề Lũng Nhai,Năm 1416,atomic,ancient_medieval,by_event/hoi-the-lung-nhai,2,gallery,image_02.<đúng-đuôi-file>,direct,high,Lê Lợi,https://en.wikipedia.org/wiki/L%C3%AA_L%E1%BB%A3i,,,en.wikipedia.org,,check linked image file page before reuse,,,https://en.wikipedia.org/wiki/L%C3%AA_L%E1%BB%A3i,Lê Lợi là chủ tướng và nhân vật trung tâm của Hội thề Lũng Nhai.,awaiting_manual_download,,baotanglichsu.vn|disanvanhoa.gov.vn|bvhttdl.gov.vn|qdnd.vn|nhandan.vn|unesco.org|whc.unesco.org,,,,,,True,False
37,hoi-the-dong-quan,Hội thề Đông Quan,Tháng 12 - 1427,atomic,ancient_medieval,by_event/hoi-the-dong-quan,1,thumbnail,image_01.<đúng-đuôi-file>,direct,high,Lam Sơn uprising — end of war,https://en.wikipedia.org/wiki/Lam_S%C6%A1n_uprising,,,en.wikipedia.org,,check linked image file page before reuse,,,https://en.wikipedia.org/wiki/Lam_S%C6%A1n_uprising,Hội thề Đông Quan tháng 12-1427 kết thúc chiến tranh Lam Sơn–Minh.,awaiting_manual_download,,baotanglichsu.vn|disanvanhoa.gov.vn|bvhttdl.gov.vn|qdnd.vn|nhandan.vn|unesco.org|whc.unesco.org,,,,,,True,False
37,hoi-the-dong-quan,Hội thề Đông Quan,Tháng 12 - 1427,atomic,ancient_medieval,by_event/hoi-the-dong-quan,2,gallery,image_02.<đúng-đuôi-file>,direct,high,Lê Lợi,https://en.wikipedia.org/wiki/L%C3%AA_L%E1%BB%A3i,,,en.wikipedia.org,,check linked image file page before reuse,,,https://en.wikipedia.org/wiki/L%C3%AA_L%E1%BB%A3i,Lê Lợi là lãnh tụ phía Đại Việt trong tiến trình dẫn tới Hội thề Đông Quan.,awaiting_manual_download,,baotanglichsu.vn|disanvanhoa.gov.vn|bvhttdl.gov.vn|qdnd.vn|nhandan.vn|unesco.org|whc.unesco.org,,,,,,True,False
38,le-nghi-dan-dat-luc-bo,Lê Nghi Dân đặt Lục bộ,Năm 1460,atomic,ancient_medieval,by_event/le-nghi-dan-dat-luc-bo,1,thumbnail,image_01.<đúng-đuôi-file>,direct,high,Lê Nghi Dân,https://en.wikipedia.org/wiki/L%C3%AA_Nghi_D%C3%A2n,,,en.wikipedia.org,,check linked image file page before reuse,,,https://en.wikipedia.org/wiki/L%C3%AA_Nghi_D%C3%A2n,Lê Nghi Dân là người đặt Lục bộ trong cuộc cải tổ bộ máy năm 1460.,awaiting_manual_download,,baotanglichsu.vn|disanvanhoa.gov.vn|bvhttdl.gov.vn|qdnd.vn|nhandan.vn|unesco.org|whc.unesco.org,,,,,,True,False
38,le-nghi-dan-dat-luc-bo,Lê Nghi Dân đặt Lục bộ,Năm 1460,atomic,ancient_medieval,by_event/le-nghi-dan-dat-luc-bo,2,gallery,image_02.<đúng-đuôi-file>,direct,medium,Three Departments and Six Ministries,https://en.wikipedia.org/wiki/Three_Departments_and_Six_Ministries,,,en.wikipedia.org,,check linked image file page before reuse,,,https://en.wikipedia.org/wiki/Three_Departments_and_Six_Ministries,"Trang mô tả mô hình Lục bộ; dùng ảnh/sơ đồ thể chế nếu phù hợp, không lấy minh họa Trung Quốc không rõ bối cảnh.",awaiting_manual_download,,baotanglichsu.vn|disanvanhoa.gov.vn|bvhttdl.gov.vn|qdnd.vn|nhandan.vn|unesco.org|whc.unesco.org,,,,,,True,False
39,cai-to-he-thong-quan-doi-le-thanh-tong,Cải tổ hệ thống quân đội dưới thời Lê Thánh Tông,Năm 1466,atomic,ancient_medieval,by_event/cai-to-he-thong-quan-doi-le-thanh-tong,1,thumbnail,image_01.<đúng-đuôi-file>,direct,high,Lê Thánh Tông,https://en.wikipedia.org/wiki/L%C3%AA_Th%C3%A1nh_T%C3%B4ng,,,en.wikipedia.org,,check linked image file page before reuse,,,https://en.wikipedia.org/wiki/L%C3%AA_Th%C3%A1nh_T%C3%B4ng,Lê Thánh Tông trực tiếp thực hiện cải tổ quân đội và bộ máy nhà nước.,awaiting_manual_download,,baotanglichsu.vn|disanvanhoa.gov.vn|bvhttdl.gov.vn|qdnd.vn|nhandan.vn|unesco.org|whc.unesco.org,,,,,,True,False
39,cai-to-he-thong-quan-doi-le-thanh-tong,Cải tổ hệ thống quân đội dưới thời Lê Thánh Tông,Năm 1466,atomic,ancient_medieval,by_event/cai-to-he-thong-quan-doi-le-thanh-tong,2,gallery,image_02.<đúng-đuôi-file>,strong_contextual,high,Lê dynasty,https://en.wikipedia.org/wiki/L%C3%AA_dynasty,,,en.wikipedia.org,,check linked image file page before reuse,,,https://en.wikipedia.org/wiki/L%C3%AA_dynasty,"Trang có bản đồ, di tích và bối cảnh nhà Lê sơ, phù hợp làm ảnh bổ trợ cho cải tổ quân đội.",awaiting_manual_download,,baotanglichsu.vn|disanvanhoa.gov.vn|bvhttdl.gov.vn|qdnd.vn|nhandan.vn|unesco.org|whc.unesco.org,,,,,,True,False
40,dat-them-thua-tuyen-quang-nam,Đặt thêm thừa tuyên Quảng Nam,Năm 1471,atomic,ancient_medieval,by_event/dat-them-thua-tuyen-quang-nam,1,thumbnail,image_01.<đúng-đuôi-file>,direct,high,Lê Thánh Tông,https://en.wikipedia.org/wiki/L%C3%AA_Th%C3%A1nh_T%C3%B4ng,,,en.wikipedia.org,,check linked image file page before reuse,,,https://en.wikipedia.org/wiki/L%C3%AA_Th%C3%A1nh_T%C3%B4ng,Lê Thánh Tông trực tiếp mở rộng lãnh thổ và tổ chức thừa tuyên Quảng Nam.,awaiting_manual_download,,baotanglichsu.vn|disanvanhoa.gov.vn|bvhttdl.gov.vn|qdnd.vn|nhandan.vn|unesco.org|whc.unesco.org,,,,,,True,False
40,dat-them-thua-tuyen-quang-nam,Đặt thêm thừa tuyên Quảng Nam,Năm 1471,atomic,ancient_medieval,by_event/dat-them-thua-tuyen-quang-nam,2,gallery,image_02.<đúng-đuôi-file>,direct,high,Champa–Đại Việt War (1471),https://en.wikipedia.org/wiki/Champa%E2%80%93%C4%90%E1%BA%A1i_Vi%E1%BB%87t_War_%281471%29,,,en.wikipedia.org,,check linked image file page before reuse,,,https://en.wikipedia.org/wiki/Champa%E2%80%93%C4%90%E1%BA%A1i_Vi%E1%BB%87t_War_%281471%29,Cuộc chiến năm 1471 là bối cảnh trực tiếp của việc lập thừa tuyên Quảng Nam.,awaiting_manual_download,,baotanglichsu.vn|disanvanhoa.gov.vn|bvhttdl.gov.vn|qdnd.vn|nhandan.vn|unesco.org|whc.unesco.org,,,,,,True,False
41,ban-hanh-chinh-sach-loc-dien-quan-dien,Ban hành chính sách lộc điền và quân điền,Năm 1477,atomic,ancient_medieval,by_event/ban-hanh-chinh-sach-loc-dien-quan-dien,1,thumbnail,image_01.<đúng-đuôi-file>,direct,high,Lê Thánh Tông,https://en.wikipedia.org/wiki/L%C3%AA_Th%C3%A1nh_T%C3%B4ng,,,en.wikipedia.org,,check linked image file page before reuse,,,https://en.wikipedia.org/wiki/L%C3%AA_Th%C3%A1nh_T%C3%B4ng,Chính sách lộc điền và quân điền gắn trực tiếp với cải cách thời Lê Thánh Tông.,awaiting_manual_download,,baotanglichsu.vn|disanvanhoa.gov.vn|bvhttdl.gov.vn|qdnd.vn|nhandan.vn|unesco.org|whc.unesco.org,,,,,,True,False
41,ban-hanh-chinh-sach-loc-dien-quan-dien,Ban hành chính sách lộc điền và quân điền,Năm 1477,atomic,ancient_medieval,by_event/ban-hanh-chinh-sach-loc-dien-quan-dien,2,gallery,image_02.<đúng-đuôi-file>,strong_contextual,high,Lê dynasty,https://en.wikipedia.org/wiki/L%C3%AA_dynasty,,,en.wikipedia.org,,check linked image file page before reuse,,,https://en.wikipedia.org/wiki/L%C3%AA_dynasty,"Trang có tư liệu về cơ cấu nhà Lê sơ; chọn ảnh di tích, nhân vật hoặc tư liệu cải cách phù hợp.",awaiting_manual_download,,baotanglichsu.vn|disanvanhoa.gov.vn|bvhttdl.gov.vn|qdnd.vn|nhandan.vn|unesco.org|whc.unesco.org,,,,,,True,False
42,doi-moi-dao-duy-tu-dang-trong,Sự nghiệp đổi mới của Đào Duy Từ ở Đàng Trong,Thế kỉ XVI,atomic,early_modern,by_event/doi-moi-dao-duy-tu-dang-trong,1,thumbnail,image_01.<đúng-đuôi-file>,direct,high,Đào Duy Từ,https://en.wikipedia.org/wiki/%C4%90%C3%A0o_Duy_T%E1%BB%AB,,,en.wikipedia.org,,check linked image file page before reuse,,,https://en.wikipedia.org/wiki/%C4%90%C3%A0o_Duy_T%E1%BB%AB,Đào Duy Từ là quân sư chủ chốt của chúa Nguyễn và người thiết kế hệ thống lũy phòng thủ ở Đàng Trong.,awaiting_manual_download,,baotanglichsu.vn|luutru.gov.vn|disanvanhoa.gov.vn|nhandan.vn|qdnd.vn,,,,,,True,False
42,doi-moi-dao-duy-tu-dang-trong,Sự nghiệp đổi mới của Đào Duy Từ ở Đàng Trong,Thế kỉ XVI,atomic,early_modern,by_event/doi-moi-dao-duy-tu-dang-trong,2,gallery,image_02.<đúng-đuôi-file>,strong_contextual,high,Nguyễn lords,https://en.wikipedia.org/wiki/Nguy%E1%BB%85n_lords,,,en.wikipedia.org,,check linked image file page before reuse,,,https://en.wikipedia.org/wiki/Nguy%E1%BB%85n_lords,"Trang về chính quyền chúa Nguyễn, bối cảnh trực tiếp của hoạt động và cải tổ của Đào Duy Từ.",awaiting_manual_download,,baotanglichsu.vn|luutru.gov.vn|disanvanhoa.gov.vn|nhandan.vn|qdnd.vn,,,,,,True,False
43,nha-mac-thanh-lap,Nhà Mạc thành lập,Năm 1527,atomic,early_modern,by_event/nha-mac-thanh-lap,1,thumbnail,image_01.<đúng-đuôi-file>,direct,high,Mạc dynasty,https://en.wikipedia.org/wiki/M%E1%BA%A1c_dynasty,,,en.wikipedia.org,,check linked image file page before reuse,,,https://en.wikipedia.org/wiki/M%E1%BA%A1c_dynasty,"Trang trực tiếp về nhà Mạc, bắt đầu từ năm 1527.",awaiting_manual_download,,baotanglichsu.vn|luutru.gov.vn|disanvanhoa.gov.vn|nhandan.vn|qdnd.vn,,,,,,True,False
43,nha-mac-thanh-lap,Nhà Mạc thành lập,Năm 1527,atomic,early_modern,by_event/nha-mac-thanh-lap,2,gallery,image_02.<đúng-đuôi-file>,direct,high,Mạc Đăng Dung,https://en.wikipedia.org/wiki/M%E1%BA%A1c_%C4%90%C4%83ng_Dung,,,en.wikipedia.org,,check linked image file page before reuse,,,https://en.wikipedia.org/wiki/M%E1%BA%A1c_%C4%90%C4%83ng_Dung,Mạc Đăng Dung là người sáng lập triều Mạc.,awaiting_manual_download,,baotanglichsu.vn|luutru.gov.vn|disanvanhoa.gov.vn|nhandan.vn|qdnd.vn,,,,,,True,False
44,giao-si-phuong-tay-truyen-dao-cong-giao,Giáo sĩ phương Tây truyền đạo Công giáo ở Nam Định,Năm 1533,atomic,early_modern,by_event/giao-si-phuong-tay-truyen-dao-cong-giao,1,thumbnail,image_01.<đúng-đuôi-file>,direct,high,Catholic Church in Vietnam — early missionaries,https://en.wikipedia.org/wiki/Catholic_Church_in_Vietnam,,,en.wikipedia.org,,check linked image file page before reuse,,,https://en.wikipedia.org/wiki/Catholic_Church_in_Vietnam,"Trang có phần riêng về các giáo sĩ Bồ Đào Nha, Tây Ban Nha và Dòng Tên truyền đạo vào Việt Nam.",awaiting_manual_download,,baotanglichsu.vn|luutru.gov.vn|disanvanhoa.gov.vn|nhandan.vn|qdnd.vn,,,,,,True,False
44,giao-si-phuong-tay-truyen-dao-cong-giao,Giáo sĩ phương Tây truyền đạo Công giáo ở Nam Định,Năm 1533,atomic,early_modern,by_event/giao-si-phuong-tay-truyen-dao-cong-giao,2,gallery,image_02.<đúng-đuôi-file>,direct,high,Christianity in Vietnam — foundation period,https://en.wikipedia.org/wiki/Christianity_in_Vietnam,,,en.wikipedia.org,,check linked image file page before reuse,,,https://en.wikipedia.org/wiki/Christianity_in_Vietnam,Trang trực tiếp về giai đoạn truyền bá Công giáo từ thế kỉ XVI–XVII.,awaiting_manual_download,,baotanglichsu.vn|luutru.gov.vn|disanvanhoa.gov.vn|nhandan.vn|qdnd.vn,,,,,,True,False
45,giang-van-minh-di-su-nha-minh,Giang Văn Minh đi sứ nhà Minh,Năm 1637,atomic,early_modern,by_event/giang-van-minh-di-su-nha-minh,1,thumbnail,image_01.<đúng-đuôi-file>,direct,high,Giang Văn Minh,https://en.wikipedia.org/wiki/Giang_V%C4%83n_Minh,,,en.wikipedia.org,,check linked image file page before reuse,,,https://en.wikipedia.org/wiki/Giang_V%C4%83n_Minh,Trang có chân dung và mô tả trực tiếp sứ bộ sang nhà Minh năm 1637–1638.,awaiting_manual_download,,baotanglichsu.vn|luutru.gov.vn|disanvanhoa.gov.vn|nhandan.vn|qdnd.vn,,,,,,True,False
45,giang-van-minh-di-su-nha-minh,Giang Văn Minh đi sứ nhà Minh,Năm 1637,atomic,early_modern,by_event/giang-van-minh-di-su-nha-minh,2,gallery,image_02.<đúng-đuôi-file>,strong_contextual,medium,Đường Lâm,https://en.wikipedia.org/wiki/%C4%90%C6%B0%E1%BB%9Dng_L%C3%A2m,,,en.wikipedia.org,,check linked image file page before reuse,,,https://en.wikipedia.org/wiki/%C4%90%C6%B0%E1%BB%9Dng_L%C3%A2m,Đường Lâm là quê hương Giang Văn Minh; chỉ chọn ảnh nhà thờ/di tích liên quan trực tiếp đến ông nếu có.,awaiting_manual_download,,baotanglichsu.vn|luutru.gov.vn|disanvanhoa.gov.vn|nhandan.vn|qdnd.vn,,,,,,True,False
46,cai-cach-trinh-cuong-dang-ngoai,Cải cách của Trịnh Cương ở Đàng Ngoài,Thế kỉ XVIII,atomic,early_modern,by_event/cai-cach-trinh-cuong-dang-ngoai,1,thumbnail,image_01.<đúng-đuôi-file>,direct,high,Trịnh Cương,https://en.wikipedia.org/wiki/Tr%E1%BB%8Bnh_C%C6%B0%C6%A1ng,,,en.wikipedia.org,,check linked image file page before reuse,,,https://en.wikipedia.org/wiki/Tr%E1%BB%8Bnh_C%C6%B0%C6%A1ng,"Trịnh Cương là người tiến hành nhiều cải cách hành chính, tài chính và pháp luật ở Đàng Ngoài.",awaiting_manual_download,,baotanglichsu.vn|luutru.gov.vn|disanvanhoa.gov.vn|nhandan.vn|qdnd.vn,,,,,,True,False
46,cai-cach-trinh-cuong-dang-ngoai,Cải cách của Trịnh Cương ở Đàng Ngoài,Thế kỉ XVIII,atomic,early_modern,by_event/cai-cach-trinh-cuong-dang-ngoai,2,gallery,image_02.<đúng-đuôi-file>,strong_contextual,high,Trịnh lords,https://en.wikipedia.org/wiki/Tr%E1%BB%8Bnh_lords,,,en.wikipedia.org,,check linked image file page before reuse,,,https://en.wikipedia.org/wiki/Tr%E1%BB%8Bnh_lords,Trang cung cấp bối cảnh chính quyền Đàng Ngoài nơi các cải cách của Trịnh Cương được thực hiện.,awaiting_manual_download,,baotanglichsu.vn|luutru.gov.vn|disanvanhoa.gov.vn|nhandan.vn|qdnd.vn,,,,,,True,False
47,nguyen-hue-dung-chan-chieu-mo-binh-si,Nguyễn Huệ dừng chân chiêu mộ binh sĩ,cuối thế kỉ XVIII,atomic,early_modern,by_event/nguyen-hue-dung-chan-chieu-mo-binh-si,1,thumbnail,image_01.<đúng-đuôi-file>,direct,high,Nguyễn Huệ,https://en.wikipedia.org/wiki/Nguy%E1%BB%85n_Hu%E1%BB%87,,,en.wikipedia.org,,check linked image file page before reuse,,,https://en.wikipedia.org/wiki/Nguy%E1%BB%85n_Hu%E1%BB%87,Nguyễn Huệ là người trực tiếp dựng đàn/chân chiêu chiêu mộ binh sĩ theo sự kiện.,awaiting_manual_download,,baotanglichsu.vn|luutru.gov.vn|disanvanhoa.gov.vn|nhandan.vn|qdnd.vn,,,,,,True,False
47,nguyen-hue-dung-chan-chieu-mo-binh-si,Nguyễn Huệ dừng chân chiêu mộ binh sĩ,cuối thế kỉ XVIII,atomic,early_modern,by_event/nguyen-hue-dung-chan-chieu-mo-binh-si,2,gallery,image_02.<đúng-đuôi-file>,strong_contextual,high,Tây Sơn dynasty,https://en.wikipedia.org/wiki/T%C3%A2y_S%C6%A1n_dynasty,,,en.wikipedia.org,,check linked image file page before reuse,,,https://en.wikipedia.org/wiki/T%C3%A2y_S%C6%A1n_dynasty,Trang cung cấp ảnh và bối cảnh phong trào Tây Sơn do Nguyễn Huệ lãnh đạo.,awaiting_manual_download,,baotanglichsu.vn|luutru.gov.vn|disanvanhoa.gov.vn|nhandan.vn|qdnd.vn,,,,,,True,False
48,phong-trao-tay-son-bung-no,Phong trào Tây Sơn bùng nổ,Cuối thế kỉ XVIII,atomic,early_modern,by_event/phong-trao-tay-son-bung-no,1,thumbnail,image_01.<đúng-đuôi-file>,direct,high,Tây Sơn dynasty — rebellion,https://en.wikipedia.org/wiki/T%C3%A2y_S%C6%A1n_dynasty,,,en.wikipedia.org,,check linked image file page before reuse,,,https://en.wikipedia.org/wiki/T%C3%A2y_S%C6%A1n_dynasty,Trang có phần trực tiếp về cuộc khởi nghĩa Tây Sơn bùng nổ năm 1771.,awaiting_manual_download,,baotanglichsu.vn|luutru.gov.vn|disanvanhoa.gov.vn|nhandan.vn|qdnd.vn,,,,,,True,False
48,phong-trao-tay-son-bung-no,Phong trào Tây Sơn bùng nổ,Cuối thế kỉ XVIII,atomic,early_modern,by_event/phong-trao-tay-son-bung-no,2,gallery,image_02.<đúng-đuôi-file>,direct,high,Tây Sơn wars,https://en.wikipedia.org/wiki/T%C3%A2y_S%C6%A1n_wars,,,en.wikipedia.org,,check linked image file page before reuse,,,https://en.wikipedia.org/wiki/T%C3%A2y_S%C6%A1n_wars,Trang mô tả quá trình nổi dậy và mở rộng của phong trào Tây Sơn.,awaiting_manual_download,,baotanglichsu.vn|luutru.gov.vn|disanvanhoa.gov.vn|nhandan.vn|qdnd.vn,,,,,,True,False
49,thanh-lap-lang-xa-huyen-tien-hai-thai-binh,Thành lập làng xã thuộc huyện Tiền Hải (Thái Bình),Đầu thế kỉ XIX,atomic,early_modern,by_event/thanh-lap-lang-xa-huyen-tien-hai-thai-binh,1,thumbnail,image_01.<đúng-đuôi-file>,direct,high,Nguyễn Công Trứ,https://en.wikipedia.org/wiki/Nguy%E1%BB%85n_C%C3%B4ng_Tr%E1%BB%A9,,,en.wikipedia.org,,check linked image file page before reuse,,,https://en.wikipedia.org/wiki/Nguy%E1%BB%85n_C%C3%B4ng_Tr%E1%BB%A9,"Nguyễn Công Trứ tổ chức khai hoang, lập huyện Tiền Hải; trang có tượng của ông.",awaiting_manual_download,,baotanglichsu.vn|luutru.gov.vn|disanvanhoa.gov.vn|nhandan.vn|qdnd.vn,,,,,,True,False
49,thanh-lap-lang-xa-huyen-tien-hai-thai-binh,Thành lập làng xã thuộc huyện Tiền Hải (Thái Bình),Đầu thế kỉ XIX,atomic,early_modern,by_event/thanh-lap-lang-xa-huyen-tien-hai-thai-binh,2,gallery,image_02.<đúng-đuôi-file>,direct,high,Tiền Hải district,https://en.wikipedia.org/wiki/Ti%E1%BB%81n_H%E1%BA%A3i_district,,,en.wikipedia.org,,check linked image file page before reuse,,,https://en.wikipedia.org/wiki/Ti%E1%BB%81n_H%E1%BA%A3i_district,Địa điểm được thành lập từ công cuộc khẩn hoang do Nguyễn Công Trứ tổ chức; chọn ảnh địa danh/di tích phù hợp.,awaiting_manual_download,,baotanglichsu.vn|luutru.gov.vn|disanvanhoa.gov.vn|nhandan.vn|qdnd.vn,,,,,,True,False
50,bac-thanh-duoc-lap,Bắc Thành được lập,1802 - 1831,atomic,early_modern,by_event/bac-thanh-duoc-lap,1,thumbnail,image_01.<đúng-đuôi-file>,direct,high,Nguyễn Văn Thành — Tổng trấn Bắc Thành,https://en.wikipedia.org/wiki/Nguy%E1%BB%85n_V%C4%83n_Th%C3%A0nh,,,en.wikipedia.org,,check linked image file page before reuse,,,https://en.wikipedia.org/wiki/Nguy%E1%BB%85n_V%C4%83n_Th%C3%A0nh,Nguyễn Văn Thành là Tổng trấn Bắc Thành dưới thời Gia Long.,awaiting_manual_download,,baotanglichsu.vn|luutru.gov.vn|disanvanhoa.gov.vn|nhandan.vn|qdnd.vn,,,,,,True,False
50,bac-thanh-duoc-lap,Bắc Thành được lập,1802 - 1831,atomic,early_modern,by_event/bac-thanh-duoc-lap,2,gallery,image_02.<đúng-đuôi-file>,strong_contextual,high,Imperial Citadel of Thăng Long,https://en.wikipedia.org/wiki/Imperial_Citadel_of_Th%C4%83ng_Long,,,en.wikipedia.org,,check linked image file page before reuse,,,https://en.wikipedia.org/wiki/Imperial_Citadel_of_Th%C4%83ng_Long,Thăng Long/Hà Nội là trung tâm hành chính của Bắc Thành; chọn ảnh thành và di tích Nguyễn-era phù hợp.,awaiting_manual_download,,baotanglichsu.vn|luutru.gov.vn|disanvanhoa.gov.vn|nhandan.vn|qdnd.vn,,,,,,True,False
51,thoi-gia-long-tri-vi,Thời Gia Long trị vì,1802 - 1820,atomic,early_modern,by_event/thoi-gia-long-tri-vi,1,thumbnail,image_01.<đúng-đuôi-file>,direct,high,Gia Long,https://en.wikipedia.org/wiki/Gia_Long,,,en.wikipedia.org,,check linked image file page before reuse,,,https://en.wikipedia.org/wiki/Gia_Long,Trang trực tiếp về vua Gia Long và thời trị vì 1802–1820.,awaiting_manual_download,,baotanglichsu.vn|luutru.gov.vn|disanvanhoa.gov.vn|nhandan.vn|qdnd.vn,,,,,,True,False
51,thoi-gia-long-tri-vi,Thời Gia Long trị vì,1802 - 1820,atomic,early_modern,by_event/thoi-gia-long-tri-vi,2,gallery,image_02.<đúng-đuôi-file>,direct,high,Nguyễn dynasty — Gia Long period,https://en.wikipedia.org/wiki/Nguy%E1%BB%85n_dynasty,,,en.wikipedia.org,,check linked image file page before reuse,,,https://en.wikipedia.org/wiki/Nguy%E1%BB%85n_dynasty,Trang có phần riêng về thời Gia Long và ảnh di tích triều Nguyễn.,awaiting_manual_download,,baotanglichsu.vn|luutru.gov.vn|disanvanhoa.gov.vn|nhandan.vn|qdnd.vn,,,,,,True,False
52,trieu-nguyen-thanh-lap,Triều Nguyễn được thành lập,Năm 1802,atomic,early_modern,by_event/trieu-nguyen-thanh-lap,1,thumbnail,image_01.<đúng-đuôi-file>,direct,high,Nguyễn dynasty,https://en.wikipedia.org/wiki/Nguy%E1%BB%85n_dynasty,,,en.wikipedia.org,,check linked image file page before reuse,,,https://en.wikipedia.org/wiki/Nguy%E1%BB%85n_dynasty,"Trang trực tiếp về triều Nguyễn, được thành lập năm 1802.",awaiting_manual_download,,baotanglichsu.vn|luutru.gov.vn|disanvanhoa.gov.vn|nhandan.vn|qdnd.vn,,,,,,True,False
52,trieu-nguyen-thanh-lap,Triều Nguyễn được thành lập,Năm 1802,atomic,early_modern,by_event/trieu-nguyen-thanh-lap,2,gallery,image_02.<đúng-đuôi-file>,direct,high,Gia Long,https://en.wikipedia.org/wiki/Gia_Long,,,en.wikipedia.org,,check linked image file page before reuse,,,https://en.wikipedia.org/wiki/Gia_Long,Gia Long là người sáng lập triều Nguyễn năm 1802.,awaiting_manual_download,,baotanglichsu.vn|luutru.gov.vn|disanvanhoa.gov.vn|nhandan.vn|qdnd.vn,,,,,,True,False
53,gia-dinh-thanh-duoc-lap,Gia Định Thành được lập,1808 - 1832,atomic,early_modern,by_event/gia-dinh-thanh-duoc-lap,1,thumbnail,image_01.<đúng-đuôi-file>,direct,high,Citadel of Saigon / Gia Định,https://en.wikipedia.org/wiki/Citadel_of_Saigon,,,en.wikipedia.org,,check linked image file page before reuse,,,https://en.wikipedia.org/wiki/Citadel_of_Saigon,Thành Gia Định là trung tâm trực tiếp của Gia Định Thành.,awaiting_manual_download,,baotanglichsu.vn|luutru.gov.vn|disanvanhoa.gov.vn|nhandan.vn|qdnd.vn,,,,,,True,False
53,gia-dinh-thanh-duoc-lap,Gia Định Thành được lập,1808 - 1832,atomic,early_modern,by_event/gia-dinh-thanh-duoc-lap,2,gallery,image_02.<đúng-đuôi-file>,direct,high,Lê Văn Duyệt,https://en.wikipedia.org/wiki/L%C3%AA_V%C4%83n_Duy%E1%BB%87t,,,en.wikipedia.org,,check linked image file page before reuse,,,https://en.wikipedia.org/wiki/L%C3%AA_V%C4%83n_Duy%E1%BB%87t,Lê Văn Duyệt là Tổng trấn Gia Định Thành tiêu biểu; chọn ảnh tượng/lăng nếu phù hợp.,awaiting_manual_download,,baotanglichsu.vn|luutru.gov.vn|disanvanhoa.gov.vn|nhandan.vn|qdnd.vn,,,,,,True,False
54,doi-dinh-quang-duc-thanh-phu-thua-thien,Đổi dinh Quảng Đức thành phủ Thừa Thiên,Năm 1822,atomic,early_modern,by_event/doi-dinh-quang-duc-thanh-phu-thua-thien,1,thumbnail,image_01.<đúng-đuôi-file>,strong_contextual,high,Huế / Thừa Thiên Huế,https://en.wikipedia.org/wiki/Hu%E1%BA%BF,,,en.wikipedia.org,,check linked image file page before reuse,,,https://en.wikipedia.org/wiki/Hu%E1%BA%BF,Phủ Thừa Thiên hình thành từ vùng kinh đô Huế; chọn bản đồ hoặc di tích hành chính phù hợp.,awaiting_manual_download,,baotanglichsu.vn|luutru.gov.vn|disanvanhoa.gov.vn|nhandan.vn|qdnd.vn,,,,,,True,False
54,doi-dinh-quang-duc-thanh-phu-thua-thien,Đổi dinh Quảng Đức thành phủ Thừa Thiên,Năm 1822,atomic,early_modern,by_event/doi-dinh-quang-duc-thanh-phu-thua-thien,2,gallery,image_02.<đúng-đuôi-file>,direct,high,Minh Mạng,https://en.wikipedia.org/wiki/Minh_M%E1%BA%A1ng,,,en.wikipedia.org,,check linked image file page before reuse,,,https://en.wikipedia.org/wiki/Minh_M%E1%BA%A1ng,Việc đổi dinh Quảng Đức thành phủ Thừa Thiên diễn ra dưới triều Minh Mạng.,awaiting_manual_download,,baotanglichsu.vn|luutru.gov.vn|disanvanhoa.gov.vn|nhandan.vn|qdnd.vn,,,,,,True,False
55,doi-cac-doanh-quang-binh-quang-tri-quang-nam-thanh-tran,"Đổi các doanh Quảng Bình, Quảng Trị, Quảng Nam thành trấn",Năm 1827,atomic,early_modern,by_event/doi-cac-doanh-quang-binh-quang-tri-quang-nam-thanh-tran,1,thumbnail,image_01.<đúng-đuôi-file>,direct,high,Minh Mạng,https://en.wikipedia.org/wiki/Minh_M%E1%BA%A1ng,,,en.wikipedia.org,,check linked image file page before reuse,,,https://en.wikipedia.org/wiki/Minh_M%E1%BA%A1ng,Cải tổ đơn vị hành chính năm 1827 thuộc thời Minh Mạng.,awaiting_manual_download,,baotanglichsu.vn|luutru.gov.vn|disanvanhoa.gov.vn|nhandan.vn|qdnd.vn,,,,,,True,False
55,doi-cac-doanh-quang-binh-quang-tri-quang-nam-thanh-tran,"Đổi các doanh Quảng Bình, Quảng Trị, Quảng Nam thành trấn",Năm 1827,atomic,early_modern,by_event/doi-cac-doanh-quang-binh-quang-tri-quang-nam-thanh-tran,2,gallery,image_02.<đúng-đuôi-file>,strong_contextual,high,Government of the Nguyễn dynasty,https://en.wikipedia.org/wiki/Government_of_the_Nguy%E1%BB%85n_dynasty,,,en.wikipedia.org,,check linked image file page before reuse,,,https://en.wikipedia.org/wiki/Government_of_the_Nguy%E1%BB%85n_dynasty,"Trang về cơ cấu hành chính triều Nguyễn; chọn sơ đồ/bản đồ phù hợp, tránh ảnh chung chung.",awaiting_manual_download,,baotanglichsu.vn|luutru.gov.vn|disanvanhoa.gov.vn|nhandan.vn|qdnd.vn,,,,,,True,False
56,phap-xam-luoc-viet-nam,Thực dân Pháp xâm lược và từng bước áp đặt ách cai trị ở Việt Nam,Giữa thế kỉ XIX,atomic,early_modern,by_event/phap-xam-luoc-viet-nam,1,thumbnail,image_01.<đúng-đuôi-file>,direct,high,French conquest of Vietnam,https://en.wikipedia.org/wiki/French_conquest_of_Vietnam,,,en.wikipedia.org,,check linked image file page before reuse,,,https://en.wikipedia.org/wiki/French_conquest_of_Vietnam,Trang trực tiếp về quá trình Pháp xâm lược Việt Nam từ 1858.,awaiting_manual_download,,baotanglichsu.vn|luutru.gov.vn|disanvanhoa.gov.vn|nhandan.vn|qdnd.vn,,,,,,True,False
56,phap-xam-luoc-viet-nam,Thực dân Pháp xâm lược và từng bước áp đặt ách cai trị ở Việt Nam,Giữa thế kỉ XIX,atomic,early_modern,by_event/phap-xam-luoc-viet-nam,2,gallery,image_02.<đúng-đuôi-file>,direct,high,Cochinchina campaign,https://en.wikipedia.org/wiki/Cochinchina_campaign,,,en.wikipedia.org,,check linked image file page before reuse,,,https://en.wikipedia.org/wiki/Cochinchina_campaign,Chiến dịch Nam Kỳ là giai đoạn đầu của cuộc xâm lược; trang có tranh/ảnh quân sự đương thời.,awaiting_manual_download,,baotanglichsu.vn|luutru.gov.vn|disanvanhoa.gov.vn|nhandan.vn|qdnd.vn,,,,,,True,False
57,do-dac-cam-moc-chu-quyen-hoang-sa-pham-huu-nhat,"Đo đạc, cắm mốc chủ quyền Hoàng Sa của Phạm Hữu Nhật",Ngày 1 tháng Giêng năm 1836,atomic,maritime,by_event/do-dac-cam-moc-chu-quyen-hoang-sa-pham-huu-nhat,1,thumbnail,image_01.<đúng-đuôi-file>,direct,high,Paracel Islands — Phạm Hữu Nhật 1836,https://en.wikipedia.org/wiki/Paracel_Islands,,,en.wikipedia.org,,check linked image file page before reuse,,,https://en.wikipedia.org/wiki/Paracel_Islands,"Trang có mục lịch sử Việt Nam ghi trực tiếp Phạm Hữu Nhật đo đạc và dựng mốc năm 1836, cùng bản đồ/tư liệu.",awaiting_manual_download_candidate_independence_review,CANDIDATE GATE: the two candidate leads are not fully independent; choose distinct concrete media files during manual download.,mofa.gov.vn|biengioilanhtho.gov.vn|mod.gov.vn|qdnd.vn|chinhphu.vn|vietnamplus.vn|luutru.gov.vn,awaiting_manual_download_candidate_independence_review,P1,candidate_independence,Hai slot cùng trang nguồn cơ sở: https://en.wikipedia.org/wiki/Paracel_Islands | https://en.wikipedia.org/wiki/Paracel_Islands#Vietnam,Thay ít nhất một slot bằng nguồn/trang độc lập; riêng event 120 hiện hai slot dùng đúng cùng URL.,True,True
57,do-dac-cam-moc-chu-quyen-hoang-sa-pham-huu-nhat,"Đo đạc, cắm mốc chủ quyền Hoàng Sa của Phạm Hữu Nhật",Ngày 1 tháng Giêng năm 1836,atomic,maritime,by_event/do-dac-cam-moc-chu-quyen-hoang-sa-pham-huu-nhat,2,gallery,image_02.<đúng-đuôi-file>,direct,high,Đại Nam Nhất Thống Toàn Đồ / historical Paracels maps,https://en.wikipedia.org/wiki/Paracel_Islands#Vietnam,,,en.wikipedia.org,,check linked image file page before reuse,,,https://en.wikipedia.org/wiki/Paracel_Islands#Vietnam,"Chọn bản đồ hoặc sắc lệnh lịch sử trên trang, không lấy ảnh phong cảnh hiện đại làm bằng chứng sự kiện.",awaiting_manual_download_candidate_independence_review,CANDIDATE GATE: the two candidate leads are not fully independent; choose distinct concrete media files during manual download.,mofa.gov.vn|biengioilanhtho.gov.vn|mod.gov.vn|qdnd.vn|chinhphu.vn|vietnamplus.vn|luutru.gov.vn,awaiting_manual_download_candidate_independence_review,P1,candidate_independence,Hai slot cùng trang nguồn cơ sở: https://en.wikipedia.org/wiki/Paracel_Islands | https://en.wikipedia.org/wiki/Paracel_Islands#Vietnam,Thay ít nhất một slot bằng nguồn/trang độc lập; riêng event 120 hiện hai slot dùng đúng cùng URL.,True,True
58,thi-diem-chia-lai-ruong-dat-minh-mang,Thí điểm chia lại ruộng đất dưới thời Minh Mạng,1837 - 1840,atomic,early_modern,by_event/thi-diem-chia-lai-ruong-dat-minh-mang,1,thumbnail,image_01.<đúng-đuôi-file>,direct,high,Minh Mạng,https://en.wikipedia.org/wiki/Minh_M%E1%BA%A1ng,,,en.wikipedia.org,,check linked image file page before reuse,,,https://en.wikipedia.org/wiki/Minh_M%E1%BA%A1ng,"Trang trực tiếp về Minh Mạng và các chính sách ruộng đất, phân phối lại ruộng.",awaiting_manual_download,,baotanglichsu.vn|luutru.gov.vn|disanvanhoa.gov.vn|nhandan.vn|qdnd.vn,,,,,,True,False
58,thi-diem-chia-lai-ruong-dat-minh-mang,Thí điểm chia lại ruộng đất dưới thời Minh Mạng,1837 - 1840,atomic,early_modern,by_event/thi-diem-chia-lai-ruong-dat-minh-mang,2,gallery,image_02.<đúng-đuôi-file>,strong_contextual,medium,Nguyễn dynasty,https://en.wikipedia.org/wiki/Nguy%E1%BB%85n_dynasty,,,en.wikipedia.org,,check linked image file page before reuse,,,https://en.wikipedia.org/wiki/Nguy%E1%BB%85n_dynasty,"Chọn ảnh châu bản, tiền tệ hoặc tư liệu hành chính thời Minh Mạng nếu có; tránh ảnh cung điện chung chung.",awaiting_manual_download,,baotanglichsu.vn|luutru.gov.vn|disanvanhoa.gov.vn|nhandan.vn|qdnd.vn,,,,,,True,False
59,chu-quyen-bien-dao-viet-nam-1858-1918,Chủ quyền biển đảo Việt Nam 1858-1918,Chủ quyền biển đảo Việt Nam 1858-1918,collection,colonial,by_event/chu-quyen-bien-dao-viet-nam-1858-1918,1,thumbnail,image_01.<đúng-đuôi-file>,direct,high,Paracel Islands — historical Vietnamese sovereignty,https://en.wikipedia.org/wiki/Paracel_Islands#Vietnam,,,en.wikipedia.org,,check linked image file page before reuse,,,https://en.wikipedia.org/wiki/Paracel_Islands#Vietnam,"Trang chứa bản đồ, sắc lệnh và tư liệu lịch sử về quản lý Hoàng Sa.",awaiting_manual_download,,baotanglichsu.vn|luutru.gov.vn|hochiminh.vn|nhandan.vn|qdnd.vn|vietnamplus.vn|gallica.bnf.fr|loc.gov,,,,,,True,False
59,chu-quyen-bien-dao-viet-nam-1858-1918,Chủ quyền biển đảo Việt Nam 1858-1918,Chủ quyền biển đảo Việt Nam 1858-1918,collection,colonial,by_event/chu-quyen-bien-dao-viet-nam-1858-1918,2,gallery,image_02.<đúng-đuôi-file>,strong_contextual,high,Spratly Islands — historical maps and claims,https://en.wikipedia.org/wiki/Spratly_Islands,,,en.wikipedia.org,,check linked image file page before reuse,,,https://en.wikipedia.org/wiki/Spratly_Islands,"Dùng bản đồ/tư liệu lịch sử liên quan chủ quyền biển đảo trong giai đoạn 1858–1918, không dùng ảnh tranh chấp hiện đại.",awaiting_manual_download,,baotanglichsu.vn|luutru.gov.vn|hochiminh.vn|nhandan.vn|qdnd.vn|vietnamplus.vn|gallica.bnf.fr|loc.gov,,,,,,True,False
60,khang-chien-chong-thuc-dan-phap-trieu-nguyen,Kháng chiến chống thực dân Pháp của triều Nguyễn,1858 – 1884,atomic,colonial,by_event/khang-chien-chong-thuc-dan-phap-trieu-nguyen,1,thumbnail,image_01.<đúng-đuôi-file>,direct,high,French conquest of Vietnam,https://en.wikipedia.org/wiki/French_conquest_of_Vietnam,,,en.wikipedia.org,,check linked image file page before reuse,,,https://en.wikipedia.org/wiki/French_conquest_of_Vietnam,Trang có nhiều ảnh/tranh về quân Nguyễn chiến đấu chống Pháp 1858–1884.,awaiting_manual_download,,baotanglichsu.vn|luutru.gov.vn|hochiminh.vn|nhandan.vn|qdnd.vn|vietnamplus.vn|gallica.bnf.fr|loc.gov,,,,,,True,False
60,khang-chien-chong-thuc-dan-phap-trieu-nguyen,Kháng chiến chống thực dân Pháp của triều Nguyễn,1858 – 1884,atomic,colonial,by_event/khang-chien-chong-thuc-dan-phap-trieu-nguyen,2,gallery,image_02.<đúng-đuôi-file>,direct,high,Cochinchina campaign,https://en.wikipedia.org/wiki/Cochinchina_campaign,,,en.wikipedia.org,,check linked image file page before reuse,,,https://en.wikipedia.org/wiki/Cochinchina_campaign,Trang trực tiếp về các trận đánh giữa triều Nguyễn và liên quân Pháp–Tây Ban Nha.,awaiting_manual_download,,baotanglichsu.vn|luutru.gov.vn|hochiminh.vn|nhandan.vn|qdnd.vn|vietnamplus.vn|gallica.bnf.fr|loc.gov,,,,,,True,False
61,phap-xam-chiem-dong-duong,Pháp xâm chiếm ba nước Đông Dương,1858-1893,atomic,colonial,by_event/phap-xam-chiem-dong-duong,1,thumbnail,image_01.<đúng-đuôi-file>,direct,high,French Indochina,https://en.wikipedia.org/wiki/French_Indochina,,,en.wikipedia.org,,check linked image file page before reuse,,,https://en.wikipedia.org/wiki/French_Indochina,Trang trực tiếp về quá trình hình thành Liên bang Đông Dương và các thuộc địa/protectorate.,awaiting_manual_download,,baotanglichsu.vn|luutru.gov.vn|hochiminh.vn|nhandan.vn|qdnd.vn|vietnamplus.vn|gallica.bnf.fr|loc.gov,,,,,,True,False
61,phap-xam-chiem-dong-duong,Pháp xâm chiếm ba nước Đông Dương,1858-1893,atomic,colonial,by_event/phap-xam-chiem-dong-duong,2,gallery,image_02.<đúng-đuôi-file>,strong_contextual,high,French colonial empire — Indochina,https://en.wikipedia.org/wiki/French_colonial_empire,,,en.wikipedia.org,,check linked image file page before reuse,,,https://en.wikipedia.org/wiki/French_colonial_empire,"Trang có bản đồ đế quốc và bối cảnh Pháp mở rộng sang Việt Nam, Campuchia, Lào.",awaiting_manual_download,,baotanglichsu.vn|luutru.gov.vn|hochiminh.vn|nhandan.vn|qdnd.vn|vietnamplus.vn|gallica.bnf.fr|loc.gov,,,,,,True,False
62,phong-trao-chong-thuc-dan-phap-xam-luoc-o-viet-nam,Phong trào chống thực dân Pháp xâm lược ở Việt Nam,1858 - khoảng 1884,atomic,colonial,by_event/phong-trao-chong-thuc-dan-phap-xam-luoc-o-viet-nam,1,thumbnail,image_01.<đúng-đuôi-file>,direct,high,French conquest of Vietnam,https://en.wikipedia.org/wiki/French_conquest_of_Vietnam,,,en.wikipedia.org,,check linked image file page before reuse,,,https://en.wikipedia.org/wiki/French_conquest_of_Vietnam,Trang trực tiếp về cuộc xâm lược và sự kháng cự của Việt Nam giai đoạn 1858–1885.,awaiting_manual_download,,baotanglichsu.vn|luutru.gov.vn|hochiminh.vn|nhandan.vn|qdnd.vn|vietnamplus.vn|gallica.bnf.fr|loc.gov,,,,,,True,False
62,phong-trao-chong-thuc-dan-phap-xam-luoc-o-viet-nam,Phong trào chống thực dân Pháp xâm lược ở Việt Nam,1858 - khoảng 1884,atomic,colonial,by_event/phong-trao-chong-thuc-dan-phap-xam-luoc-o-viet-nam,2,gallery,image_02.<đúng-đuôi-file>,strong_contextual,high,Nguyễn Trung Trực,https://en.wikipedia.org/wiki/Nguy%E1%BB%85n_Trung_Tr%E1%BB%B1c,,,en.wikipedia.org,,check linked image file page before reuse,,,https://en.wikipedia.org/wiki/Nguy%E1%BB%85n_Trung_Tr%E1%BB%B1c,Nguyễn Trung Trực là nhân vật tiêu biểu của phong trào chống Pháp ở Nam Kỳ; chọn ảnh tượng/di tích trực tiếp.,awaiting_manual_download,,baotanglichsu.vn|luutru.gov.vn|hochiminh.vn|nhandan.vn|qdnd.vn|vietnamplus.vn|gallica.bnf.fr|loc.gov,,,,,,True,False
63,khoi-nghia-cua-pu-com-bo,Khởi nghĩa của Pu-côm-bô,1866-1867,atomic,colonial,by_event/khoi-nghia-cua-pu-com-bo,1,thumbnail,image_01.<đúng-đuôi-file>,direct,high,Po Kambo / Pu-côm-bô uprising,https://en.wikipedia.org/wiki/Achar_Khmer#Revolt_of_Po_Kambo_or_Achar_Leak_(1865%E2%80%931867),,,en.wikipedia.org,,check linked image file page before reuse,,,https://en.wikipedia.org/wiki/Achar_Khmer#Revolt_of_Po_Kambo_or_Achar_Leak_(1865%E2%80%931867),Trang có mục trực tiếp về cuộc nổi dậy Po Kambo/Pu-côm-bô 1865–1867.,awaiting_manual_download,,baotanglichsu.vn|luutru.gov.vn|hochiminh.vn|nhandan.vn|qdnd.vn|vietnamplus.vn|gallica.bnf.fr|loc.gov,,,,,,True,False
63,khoi-nghia-cua-pu-com-bo,Khởi nghĩa của Pu-côm-bô,1866-1867,atomic,colonial,by_event/khoi-nghia-cua-pu-com-bo,2,gallery,image_02.<đúng-đuôi-file>,strong_contextual,high,French Protectorate of Cambodia,https://en.wikipedia.org/wiki/French_Protectorate_of_Cambodia,,,en.wikipedia.org,,check linked image file page before reuse,,,https://en.wikipedia.org/wiki/French_Protectorate_of_Cambodia,Trang cung cấp bản đồ và bối cảnh thuộc địa trực tiếp của cuộc khởi nghĩa.,awaiting_manual_download,,baotanglichsu.vn|luutru.gov.vn|hochiminh.vn|nhandan.vn|qdnd.vn|vietnamplus.vn|gallica.bnf.fr|loc.gov,,,,,,True,False
64,phap-chiem-sau-tinh-nam-ki,Pháp chiếm sáu tỉnh Nam Kì,Năm 1867,atomic,colonial,by_event/phap-chiem-sau-tinh-nam-ki,1,thumbnail,image_01.<đúng-đuôi-file>,direct,high,French Cochinchina — conquest,https://en.wikipedia.org/wiki/French_Cochinchina,,,en.wikipedia.org,,check linked image file page before reuse,,,https://en.wikipedia.org/wiki/French_Cochinchina,"Trang ghi trực tiếp việc Pháp chiếm thêm Châu Đốc, Hà Tiên, Vĩnh Long năm 1867.",awaiting_manual_download,,baotanglichsu.vn|luutru.gov.vn|hochiminh.vn|nhandan.vn|qdnd.vn|vietnamplus.vn|gallica.bnf.fr|loc.gov,,,,,,True,False
64,phap-chiem-sau-tinh-nam-ki,Pháp chiếm sáu tỉnh Nam Kì,Năm 1867,atomic,colonial,by_event/phap-chiem-sau-tinh-nam-ki,2,gallery,image_02.<đúng-đuôi-file>,direct,high,French conquest of Vietnam,https://en.wikipedia.org/wiki/French_conquest_of_Vietnam,,,en.wikipedia.org,,check linked image file page before reuse,,,https://en.wikipedia.org/wiki/French_conquest_of_Vietnam,Trang có bản đồ/tranh về việc Pháp mở rộng chiếm Nam Kỳ.,awaiting_manual_download,,baotanglichsu.vn|luutru.gov.vn|hochiminh.vn|nhandan.vn|qdnd.vn|vietnamplus.vn|gallica.bnf.fr|loc.gov,,,,,,True,False
65,vuong-thuc-mau-khoi-nghia-can-vuong,Vương Thúc Mậu khởi nghĩa hưởng ứng Dụ Cần vương,cuối thế kỉ XIX,atomic,colonial,by_event/vuong-thuc-mau-khoi-nghia-can-vuong,1,thumbnail,image_01.<đúng-đuôi-file>,strong_contextual,high,Cần Vương movement,https://en.wikipedia.org/wiki/C%E1%BA%A7n_V%C6%B0%C6%A1ng_movement,,,en.wikipedia.org,,check linked image file page before reuse,,,https://en.wikipedia.org/wiki/C%E1%BA%A7n_V%C6%B0%C6%A1ng_movement,Vương Thúc Mậu khởi nghĩa hưởng ứng Dụ Cần Vương; dùng ảnh Dụ Cần Vương hoặc bản đồ phong trào.,awaiting_manual_download,,baotanglichsu.vn|luutru.gov.vn|hochiminh.vn|nhandan.vn|qdnd.vn|vietnamplus.vn|gallica.bnf.fr|loc.gov,,,,,,True,False
65,vuong-thuc-mau-khoi-nghia-can-vuong,Vương Thúc Mậu khởi nghĩa hưởng ứng Dụ Cần vương,cuối thế kỉ XIX,atomic,colonial,by_event/vuong-thuc-mau-khoi-nghia-can-vuong,2,gallery,image_02.<đúng-đuôi-file>,strong_contextual,high,Hàm Nghi,https://en.wikipedia.org/wiki/H%C3%A0m_Nghi,,,en.wikipedia.org,,check linked image file page before reuse,,,https://en.wikipedia.org/wiki/H%C3%A0m_Nghi,Hàm Nghi ban Dụ Cần Vương; chỉ dùng làm ảnh bối cảnh nếu không tìm được ảnh trực tiếp Vương Thúc Mậu.,awaiting_manual_download,,baotanglichsu.vn|luutru.gov.vn|hochiminh.vn|nhandan.vn|qdnd.vn|vietnamplus.vn|gallica.bnf.fr|loc.gov,,,,,,True,False
66,phap-chiem-bac-ki-lan-1,Pháp đánh chiếm Bắc Kì lần thứ nhất,Năm 1873,atomic,colonial,by_event/phap-chiem-bac-ki-lan-1,1,thumbnail,image_01.<đúng-đuôi-file>,direct,high,Battle of Hanoi (1873),https://en.wikipedia.org/wiki/Battle_of_Hanoi_%281873%29,,,en.wikipedia.org,,check linked image file page before reuse,,,https://en.wikipedia.org/wiki/Battle_of_Hanoi_%281873%29,Trang trực tiếp về Pháp đánh chiếm Hà Nội/Bắc Kì lần thứ nhất năm 1873.,awaiting_manual_download,,baotanglichsu.vn|luutru.gov.vn|hochiminh.vn|nhandan.vn|qdnd.vn|vietnamplus.vn|gallica.bnf.fr|loc.gov,,,,,,True,False
66,phap-chiem-bac-ki-lan-1,Pháp đánh chiếm Bắc Kì lần thứ nhất,Năm 1873,atomic,colonial,by_event/phap-chiem-bac-ki-lan-1,2,gallery,image_02.<đúng-đuôi-file>,direct,high,Francis Garnier,https://en.wikipedia.org/wiki/Francis_Garnier,,,en.wikipedia.org,,check linked image file page before reuse,,,https://en.wikipedia.org/wiki/Francis_Garnier,Francis Garnier chỉ huy cuộc đánh chiếm Hà Nội năm 1873.,awaiting_manual_download,,baotanglichsu.vn|luutru.gov.vn|hochiminh.vn|nhandan.vn|qdnd.vn|vietnamplus.vn|gallica.bnf.fr|loc.gov,,,,,,True,False
67,phap-chiem-bac-ki-lan-2,Pháp đánh chiếm Bắc Kì lần thứ hai,Năm 1882,atomic,colonial,by_event/phap-chiem-bac-ki-lan-2,1,thumbnail,image_01.<đúng-đuôi-file>,direct,high,Battle of Hanoi (1882),https://en.wikipedia.org/wiki/Battle_of_Hanoi_%281882%29,,,en.wikipedia.org,,check linked image file page before reuse,,,https://en.wikipedia.org/wiki/Battle_of_Hanoi_%281882%29,Trang trực tiếp về Pháp đánh chiếm Hà Nội lần hai năm 1882.,awaiting_manual_download,,baotanglichsu.vn|luutru.gov.vn|hochiminh.vn|nhandan.vn|qdnd.vn|vietnamplus.vn|gallica.bnf.fr|loc.gov,,,,,,True,False
67,phap-chiem-bac-ki-lan-2,Pháp đánh chiếm Bắc Kì lần thứ hai,Năm 1882,atomic,colonial,by_event/phap-chiem-bac-ki-lan-2,2,gallery,image_02.<đúng-đuôi-file>,direct,high,Henri Rivière,https://en.wikipedia.org/wiki/Henri_Rivi%C3%A8re,,,en.wikipedia.org,,check linked image file page before reuse,,,https://en.wikipedia.org/wiki/Henri_Rivi%C3%A8re,Henri Rivière là người chỉ huy cuộc đánh chiếm năm 1882.,awaiting_manual_download,,baotanglichsu.vn|luutru.gov.vn|hochiminh.vn|nhandan.vn|qdnd.vn|vietnamplus.vn|gallica.bnf.fr|loc.gov,,,,,,True,False
68,hiep-uoc-hac-mang,Hiệp ước Hác-măng,Năm 1883,atomic,colonial,by_event/hiep-uoc-hac-mang,1,thumbnail,image_01.<đúng-đuôi-file>,direct,high,Treaty of Huế (1883) / Harmand Treaty,https://en.wikipedia.org/wiki/Treaty_of_Hu%E1%BA%BF_%281883%29,,,en.wikipedia.org,,check linked image file page before reuse,,,https://en.wikipedia.org/wiki/Treaty_of_Hu%E1%BA%BF_%281883%29,Trang trực tiếp về Hiệp ước Hác-măng năm 1883.,awaiting_manual_download,,baotanglichsu.vn|luutru.gov.vn|hochiminh.vn|nhandan.vn|qdnd.vn|vietnamplus.vn|gallica.bnf.fr|loc.gov,,,,,,True,False
68,hiep-uoc-hac-mang,Hiệp ước Hác-măng,Năm 1883,atomic,colonial,by_event/hiep-uoc-hac-mang,2,gallery,image_02.<đúng-đuôi-file>,strong_contextual,high,Battle of Thuận An,https://en.wikipedia.org/wiki/Battle_of_Thu%E1%BA%ADn_An,,,en.wikipedia.org,,check linked image file page before reuse,,,https://en.wikipedia.org/wiki/Battle_of_Thu%E1%BA%ADn_An,Trận Thuận An là bối cảnh quân sự trực tiếp dẫn tới việc ép triều đình ký hiệp ước.,awaiting_manual_download,,baotanglichsu.vn|luutru.gov.vn|hochiminh.vn|nhandan.vn|qdnd.vn|vietnamplus.vn|gallica.bnf.fr|loc.gov,,,,,,True,False
69,hiep-uoc-pa-to-not,Hiệp ước Pa-tơ-nốt,Năm 1884,atomic,colonial,by_event/hiep-uoc-pa-to-not,1,thumbnail,image_01.<đúng-đuôi-file>,direct,high,Treaty of Huế (1884) / Patenôtre Treaty,https://en.wikipedia.org/wiki/Treaty_of_Hu%E1%BA%BF_%281884%29,,,en.wikipedia.org,,check linked image file page before reuse,,,https://en.wikipedia.org/wiki/Treaty_of_Hu%E1%BA%BF_%281884%29,"Trang trực tiếp về Hiệp ước Pa-tơ-nốt năm 1884, có ảnh chữ ký.",awaiting_manual_download,,baotanglichsu.vn|luutru.gov.vn|hochiminh.vn|nhandan.vn|qdnd.vn|vietnamplus.vn|gallica.bnf.fr|loc.gov,,,,,,True,False
69,hiep-uoc-pa-to-not,Hiệp ước Pa-tơ-nốt,Năm 1884,atomic,colonial,by_event/hiep-uoc-pa-to-not,2,gallery,image_02.<đúng-đuôi-file>,direct,high,Jules Patenôtre,https://en.wikipedia.org/wiki/Jules_Paten%C3%B4tre_des_Noyers,,,en.wikipedia.org,,check linked image file page before reuse,,,https://en.wikipedia.org/wiki/Jules_Paten%C3%B4tre_des_Noyers,Jules Patenôtre là nhà ngoại giao Pháp ký hiệp ước; chọn chân dung nếu license phù hợp.,awaiting_manual_download,,baotanglichsu.vn|luutru.gov.vn|hochiminh.vn|nhandan.vn|qdnd.vn|vietnamplus.vn|gallica.bnf.fr|loc.gov,,,,,,True,False
70,trung-quoc-tu-choi-boi-thuong-vu-tau-dam-hoang-sa,Trung Quốc từ chối bồi thường vụ tàu đắm ở Hoàng Sa,Năm 1898,atomic,maritime,by_event/trung-quoc-tu-choi-boi-thuong-vu-tau-dam-hoang-sa,1,thumbnail,image_01.<đúng-đuôi-file>,direct,high,Hoàng Sa — vụ Bellona/Himeji Maru 1895–1896 và tranh chấp bồi thường 1898,https://en.wikipedia.org/wiki/Paracel_Islands,,,en.wikipedia.org,,check linked image file page before reuse,,,https://en.wikipedia.org/wiki/Paracel_Islands,"Trang có phần lịch sử ghi vụ hai tàu Bellona và Himeji Maru đắm, bị lấy hàng, và phản ứng của nhà chức trách Trung Quốc dẫn tới vụ bồi thường.",awaiting_manual_download_candidate_independence_review,CANDIDATE GATE: the two candidate leads are not fully independent; choose distinct concrete media files during manual download.,mofa.gov.vn|biengioilanhtho.gov.vn|mod.gov.vn|qdnd.vn|chinhphu.vn|vietnamplus.vn|luutru.gov.vn,awaiting_manual_download_candidate_independence_review,P1,candidate_independence,Hai slot cùng trang nguồn cơ sở: https://en.wikipedia.org/wiki/Paracel_Islands | https://en.wikipedia.org/wiki/Paracel_Islands#Vietnam,Thay ít nhất một slot bằng nguồn/trang độc lập; riêng event 120 hiện hai slot dùng đúng cùng URL.,True,True
70,trung-quoc-tu-choi-boi-thuong-vu-tau-dam-hoang-sa,Trung Quốc từ chối bồi thường vụ tàu đắm ở Hoàng Sa,Năm 1898,atomic,maritime,by_event/trung-quoc-tu-choi-boi-thuong-vu-tau-dam-hoang-sa,2,gallery,image_02.<đúng-đuôi-file>,strong_contextual,high,Hoàng Sa — bản đồ và tư liệu chủ quyền lịch sử,https://en.wikipedia.org/wiki/Paracel_Islands#Vietnam,,,en.wikipedia.org,,check linked image file page before reuse,,,https://en.wikipedia.org/wiki/Paracel_Islands#Vietnam,Chọn bản đồ/tư liệu lịch sử trên trang để minh họa bối cảnh tranh chấp Hoàng Sa cuối thế kỉ XIX; không lấy ảnh du lịch hiện đại.,awaiting_manual_download_candidate_independence_review,CANDIDATE GATE: the two candidate leads are not fully independent; choose distinct concrete media files during manual download.,mofa.gov.vn|biengioilanhtho.gov.vn|mod.gov.vn|qdnd.vn|chinhphu.vn|vietnamplus.vn|luutru.gov.vn,awaiting_manual_download_candidate_independence_review,P1,candidate_independence,Hai slot cùng trang nguồn cơ sở: https://en.wikipedia.org/wiki/Paracel_Islands | https://en.wikipedia.org/wiki/Paracel_Islands#Vietnam,Thay ít nhất một slot bằng nguồn/trang độc lập; riêng event 120 hiện hai slot dùng đúng cùng URL.,True,True
71,phong-trao-dong-du,Phong trào Đông du,Đầu thế kỉ XX,atomic,colonial,by_event/phong-trao-dong-du,1,thumbnail,image_01.<đúng-đuôi-file>,direct,high,Phong trào Đông Du,https://en.wikipedia.org/wiki/%C4%90%C3%B4ng_Du,,,en.wikipedia.org,,check linked image file page before reuse,,,https://en.wikipedia.org/wiki/%C4%90%C3%B4ng_Du,Trang trực tiếp về phong trào Đông Du do Phan Bội Châu khởi xướng.,awaiting_manual_download,,baotanglichsu.vn|luutru.gov.vn|hochiminh.vn|nhandan.vn|qdnd.vn|vietnamplus.vn|gallica.bnf.fr|loc.gov,,,,,,True,False
71,phong-trao-dong-du,Phong trào Đông du,Đầu thế kỉ XX,atomic,colonial,by_event/phong-trao-dong-du,2,gallery,image_02.<đúng-đuôi-file>,direct,high,Phan Bội Châu,https://en.wikipedia.org/wiki/Phan_B%E1%BB%99i_Ch%C3%A2u,,,en.wikipedia.org,,check linked image file page before reuse,,,https://en.wikipedia.org/wiki/Phan_B%E1%BB%99i_Ch%C3%A2u,Phan Bội Châu là người lãnh đạo phong trào Đông Du; chọn chân dung hoặc tư liệu trực tiếp.,awaiting_manual_download,,baotanglichsu.vn|luutru.gov.vn|hochiminh.vn|nhandan.vn|qdnd.vn|vietnamplus.vn|gallica.bnf.fr|loc.gov,,,,,,True,False
72,hoat-dong-doi-ngoai-phan-boi-chau,Hoạt động đối ngoại của Phan Bội Châu,1905 - 1912,atomic,colonial,by_event/hoat-dong-doi-ngoai-phan-boi-chau,1,thumbnail,image_01.<đúng-đuôi-file>,direct,high,Phan Bội Châu — hoạt động đối ngoại 1905–1912,https://en.wikipedia.org/wiki/Phan_B%E1%BB%99i_Ch%C3%A2u,,,en.wikipedia.org,,check linked image file page before reuse,,,https://en.wikipedia.org/wiki/Phan_B%E1%BB%99i_Ch%C3%A2u,"Trang mô tả các hoạt động ở Nhật Bản, Trung Quốc và mạng lưới vận động quốc tế của Phan Bội Châu.",awaiting_manual_download,,baotanglichsu.vn|luutru.gov.vn|hochiminh.vn|nhandan.vn|qdnd.vn|vietnamplus.vn|gallica.bnf.fr|loc.gov,,,,,,True,False
72,hoat-dong-doi-ngoai-phan-boi-chau,Hoạt động đối ngoại của Phan Bội Châu,1905 - 1912,atomic,colonial,by_event/hoat-dong-doi-ngoai-phan-boi-chau,2,gallery,image_02.<đúng-đuôi-file>,direct,high,Việt Nam vong quốc sử,https://en.wikipedia.org/wiki/History_of_the_Loss_of_Vietnam,,,en.wikipedia.org,,check linked image file page before reuse,,,https://en.wikipedia.org/wiki/History_of_the_Loss_of_Vietnam,Tác phẩm viết ở nước ngoài để vận động dư luận và hỗ trợ phong trào chống thuộc địa; phù hợp cho hoạt động đối ngoại của Phan Bội Châu.,awaiting_manual_download,,baotanglichsu.vn|luutru.gov.vn|hochiminh.vn|nhandan.vn|qdnd.vn|vietnamplus.vn|gallica.bnf.fr|loc.gov,,,,,,True,False
73,phan-boi-chau-sang-nhat-ban-1905,Phan Bội Châu sang Nhật Bản,Đầu năm 1905,atomic,colonial,by_event/phan-boi-chau-sang-nhat-ban-1905,1,thumbnail,image_01.<đúng-đuôi-file>,direct,high,Phan Bội Châu,https://en.wikipedia.org/wiki/Phan_B%E1%BB%99i_Ch%C3%A2u,,,en.wikipedia.org,,check linked image file page before reuse,,,https://en.wikipedia.org/wiki/Phan_B%E1%BB%99i_Ch%C3%A2u,Phan Bội Châu trực tiếp sang Nhật năm 1905 để tìm viện trợ và liên hệ.,awaiting_manual_download,,baotanglichsu.vn|luutru.gov.vn|hochiminh.vn|nhandan.vn|qdnd.vn|vietnamplus.vn|gallica.bnf.fr|loc.gov,,,,,,True,False
73,phan-boi-chau-sang-nhat-ban-1905,Phan Bội Châu sang Nhật Bản,Đầu năm 1905,atomic,colonial,by_event/phan-boi-chau-sang-nhat-ban-1905,2,gallery,image_02.<đúng-đuôi-file>,direct,high,Phong trào Đông Du,https://en.wikipedia.org/wiki/%C4%90%C3%B4ng_Du,,,en.wikipedia.org,,check linked image file page before reuse,,,https://en.wikipedia.org/wiki/%C4%90%C3%B4ng_Du,Trang trực tiếp về phong trào bắt đầu từ chuyến đi Nhật của Phan Bội Châu.,awaiting_manual_download,,baotanglichsu.vn|luutru.gov.vn|hochiminh.vn|nhandan.vn|qdnd.vn|vietnamplus.vn|gallica.bnf.fr|loc.gov,,,,,,True,False
74,nguyen-tat-thanh-tham-gia-chong-thue-hue,Nguyễn Tất Thành tham gia phong trào chống thuế ở Huế,Năm 1908,atomic,colonial,by_event/nguyen-tat-thanh-tham-gia-chong-thue-hue,1,thumbnail,image_01.<đúng-đuôi-file>,direct,medium,Hồ Chí Minh / Nguyễn Tất Thành — thời niên thiếu,https://en.wikipedia.org/wiki/Ho_Chi_Minh,,,en.wikipedia.org,,check linked image file page before reuse,,,https://en.wikipedia.org/wiki/Ho_Chi_Minh,Chọn chân dung Nguyễn Tất Thành thời trẻ nếu có; nhân vật trực tiếp của sự kiện.,awaiting_manual_download,,baotanglichsu.vn|luutru.gov.vn|hochiminh.vn|nhandan.vn|qdnd.vn|vietnamplus.vn|gallica.bnf.fr|loc.gov,,,,,,True,False
74,nguyen-tat-thanh-tham-gia-chong-thue-hue,Nguyễn Tất Thành tham gia phong trào chống thuế ở Huế,Năm 1908,atomic,colonial,by_event/nguyen-tat-thanh-tham-gia-chong-thue-hue,2,gallery,image_02.<đúng-đuôi-file>,strong_contextual,medium,Phong trào chống thuế Trung Kỳ 1908 — bối cảnh,https://en.wikipedia.org/wiki/%C4%90%C3%B4ng_Du#Tax_protests_of_1908,,,en.wikipedia.org,,check linked image file page before reuse,,,https://en.wikipedia.org/wiki/%C4%90%C3%B4ng_Du#Tax_protests_of_1908,"Trang mô tả phong trào chống thuế năm 1908 ở Trung Kỳ; dùng ảnh/bản đồ biểu tình nếu có, không coi là bằng chứng duy nhất về vai trò cá nhân Nguyễn Tất Thành.",awaiting_manual_download,,baotanglichsu.vn|luutru.gov.vn|hochiminh.vn|nhandan.vn|qdnd.vn|vietnamplus.vn|gallica.bnf.fr|loc.gov,,,,,,True,False
75,thanh-lap-lien-minh-dong-a-1908,Thành lập Điền – Quế -Việt liên minh và Đông Á đồng minh,Năm 1908,atomic,colonial,by_event/thanh-lap-lien-minh-dong-a-1908,1,thumbnail,image_01.<đúng-đuôi-file>,direct,high,Phan Bội Châu,https://en.wikipedia.org/wiki/Phan_B%E1%BB%99i_Ch%C3%A2u,,,en.wikipedia.org,,check linked image file page before reuse,,,https://en.wikipedia.org/wiki/Phan_B%E1%BB%99i_Ch%C3%A2u,Phan Bội Châu là nhân vật trung tâm trong các liên minh cách mạng xuyên biên giới giai đoạn 1908.,awaiting_manual_download,,baotanglichsu.vn|luutru.gov.vn|hochiminh.vn|nhandan.vn|qdnd.vn|vietnamplus.vn|gallica.bnf.fr|loc.gov,,,,,,True,False
75,thanh-lap-lien-minh-dong-a-1908,Thành lập Điền – Quế -Việt liên minh và Đông Á đồng minh,Năm 1908,atomic,colonial,by_event/thanh-lap-lien-minh-dong-a-1908,2,gallery,image_02.<đúng-đuôi-file>,strong_contextual,medium,Asian Friendship Association — bối cảnh liên minh Đông Á,https://en.wikipedia.org/wiki/Anarchism_in_Vietnam,,,en.wikipedia.org,,check linked image file page before reuse,,,https://en.wikipedia.org/wiki/Anarchism_in_Vietnam,Trang có phần về mạng lưới liên Á năm 1908; chỉ chọn ảnh nhân vật/tổ chức thực sự gắn với Phan Bội Châu và liên minh.,awaiting_manual_download,,baotanglichsu.vn|luutru.gov.vn|hochiminh.vn|nhandan.vn|qdnd.vn|vietnamplus.vn|gallica.bnf.fr|loc.gov,,,,,,True,False
76,nguyen-tat-thanh-roi-phan-thiet-vao-sai-gon,Nguyễn Tất Thành rời Phan Thiết vào Sài Gòn,Tháng 2-1911,atomic,colonial,by_event/nguyen-tat-thanh-roi-phan-thiet-vao-sai-gon,1,thumbnail,image_01.<đúng-đuôi-file>,strong_contextual,medium,Trường Dục Thanh — nơi Nguyễn Tất Thành dạy học trước khi vào Sài Gòn,https://en.wikipedia.org/wiki/Ho_Chi_Minh_Museum#See_also,,,en.wikipedia.org,,check linked image file page before reuse,,,https://en.wikipedia.org/wiki/Ho_Chi_Minh_Museum#See_also,"Trang dẫn tới di tích Dục Thanh, điểm gắn với giai đoạn ở Phan Thiết trước khi Nguyễn Tất Thành vào Sài Gòn.",awaiting_manual_download,,baotanglichsu.vn|luutru.gov.vn|hochiminh.vn|nhandan.vn|qdnd.vn|vietnamplus.vn|gallica.bnf.fr|loc.gov,,,,,,True,False
76,nguyen-tat-thanh-roi-phan-thiet-vao-sai-gon,Nguyễn Tất Thành rời Phan Thiết vào Sài Gòn,Tháng 2-1911,atomic,colonial,by_event/nguyen-tat-thanh-roi-phan-thiet-vao-sai-gon,2,gallery,image_02.<đúng-đuôi-file>,strong_contextual,high,Bến Nhà Rồng — điểm đến gắn với giai đoạn vào Sài Gòn,https://en.wikipedia.org/wiki/Dragon_House_%28Ho_Chi_Minh_City%29,,,en.wikipedia.org,,check linked image file page before reuse,,,https://en.wikipedia.org/wiki/Dragon_House_%28Ho_Chi_Minh_City%29,Bến Nhà Rồng gắn trực tiếp với chặng Sài Gòn ngay sau khi Nguyễn Tất Thành rời Phan Thiết.,awaiting_manual_download,,baotanglichsu.vn|luutru.gov.vn|hochiminh.vn|nhandan.vn|qdnd.vn|vietnamplus.vn|gallica.bnf.fr|loc.gov,,,,,,True,False
77,nguyen-tat-thanh-ra-di-tim-duong-cuu-nuoc,Nguyễn Tất Thành ra đi tìm đường cứu nước,5-6-1911,atomic,colonial,by_event/nguyen-tat-thanh-ra-di-tim-duong-cuu-nuoc,1,thumbnail,image_01.<đúng-đuôi-file>,direct,high,Bến Nhà Rồng / Dragon House,https://en.wikipedia.org/wiki/Dragon_House_%28Ho_Chi_Minh_City%29,,,en.wikipedia.org,,check linked image file page before reuse,,,https://en.wikipedia.org/wiki/Dragon_House_%28Ho_Chi_Minh_City%29,Nơi Nguyễn Tất Thành rời Việt Nam ngày 5-6-1911 để tìm đường cứu nước.,awaiting_manual_download,,baotanglichsu.vn|luutru.gov.vn|hochiminh.vn|nhandan.vn|qdnd.vn|vietnamplus.vn|gallica.bnf.fr|loc.gov,,,,,,True,False
77,nguyen-tat-thanh-ra-di-tim-duong-cuu-nuoc,Nguyễn Tất Thành ra đi tìm đường cứu nước,5-6-1911,atomic,colonial,by_event/nguyen-tat-thanh-ra-di-tim-duong-cuu-nuoc,2,gallery,image_02.<đúng-đuôi-file>,direct,high,Nguyễn Tất Thành / Hồ Chí Minh,https://en.wikipedia.org/wiki/Ho_Chi_Minh,,,en.wikipedia.org,,check linked image file page before reuse,,,https://en.wikipedia.org/wiki/Ho_Chi_Minh,Nhân vật trực tiếp của sự kiện; chọn chân dung thời trẻ hoặc ảnh liên quan chuyến đi.,awaiting_manual_download,,baotanglichsu.vn|luutru.gov.vn|hochiminh.vn|nhandan.vn|qdnd.vn|vietnamplus.vn|gallica.bnf.fr|loc.gov,,,,,,True,False
78,hoat-dong-doi-ngoai-phan-chau-trinh,Hoạt động đối ngoại của Phan Châu Trinh,Từ năm 1911,atomic,colonial,by_event/hoat-dong-doi-ngoai-phan-chau-trinh,1,thumbnail,image_01.<đúng-đuôi-file>,direct,high,Phan Châu Trinh,https://en.wikipedia.org/wiki/Phan_Ch%C3%A2u_Trinh,,,en.wikipedia.org,,check linked image file page before reuse,,,https://en.wikipedia.org/wiki/Phan_Ch%C3%A2u_Trinh,"Trang trực tiếp về Phan Châu Trinh và hoạt động chính trị, vận động ở Pháp từ 1911.",awaiting_manual_download,,baotanglichsu.vn|luutru.gov.vn|hochiminh.vn|nhandan.vn|qdnd.vn|vietnamplus.vn|gallica.bnf.fr|loc.gov,,,,,,True,False
78,hoat-dong-doi-ngoai-phan-chau-trinh,Hoạt động đối ngoại của Phan Châu Trinh,Từ năm 1911,atomic,colonial,by_event/hoat-dong-doi-ngoai-phan-chau-trinh,2,gallery,image_02.<đúng-đuôi-file>,direct,high,Phan Châu Trinh tại Pháp — bối cảnh hoạt động,https://fr.wikipedia.org/wiki/Phan_Ch%C3%A2u_Trinh,,,fr.wikipedia.org,,check linked image file page before reuse,,,https://fr.wikipedia.org/wiki/Phan_Ch%C3%A2u_Trinh,Trang tiếng Pháp thường có ảnh/tư liệu gắn với thời gian ông hoạt động ở Pháp.,awaiting_manual_download,,baotanglichsu.vn|luutru.gov.vn|hochiminh.vn|nhandan.vn|qdnd.vn|vietnamplus.vn|gallica.bnf.fr|loc.gov,,,,,,True,False
79,phan-boi-chau-ve-trung-quoc-1911,Phan Bội Châu về hoạt động ở Trung Quốc,Năm 1911,atomic,colonial,by_event/phan-boi-chau-ve-trung-quoc-1911,1,thumbnail,image_01.<đúng-đuôi-file>,direct,high,Phan Bội Châu,https://en.wikipedia.org/wiki/Phan_B%E1%BB%99i_Ch%C3%A2u,,,en.wikipedia.org,,check linked image file page before reuse,,,https://en.wikipedia.org/wiki/Phan_B%E1%BB%99i_Ch%C3%A2u,Trang ghi trực tiếp việc Phan Bội Châu trở lại Trung Quốc sau Cách mạng Tân Hợi 1911.,awaiting_manual_download,,baotanglichsu.vn|luutru.gov.vn|hochiminh.vn|nhandan.vn|qdnd.vn|vietnamplus.vn|gallica.bnf.fr|loc.gov,,,,,,True,False
79,phan-boi-chau-ve-trung-quoc-1911,Phan Bội Châu về hoạt động ở Trung Quốc,Năm 1911,atomic,colonial,by_event/phan-boi-chau-ve-trung-quoc-1911,2,gallery,image_02.<đúng-đuôi-file>,strong_contextual,high,Duy Tân Hội,https://en.wikipedia.org/wiki/Duy_T%C3%A2n_H%E1%BB%99i,,,en.wikipedia.org,,check linked image file page before reuse,,,https://en.wikipedia.org/wiki/Duy_T%C3%A2n_H%E1%BB%99i,Tổ chức tiền thân mà Phan Bội Châu tái tổ chức lực lượng sau khi về Trung Quốc.,awaiting_manual_download,,baotanglichsu.vn|luutru.gov.vn|hochiminh.vn|nhandan.vn|qdnd.vn|vietnamplus.vn|gallica.bnf.fr|loc.gov,,,,,,True,False
80,phan-chau-trinh-sang-phap-1911,Phan Châu Trinh sang Pháp,Năm 1911,atomic,colonial,by_event/phan-chau-trinh-sang-phap-1911,1,thumbnail,image_01.<đúng-đuôi-file>,direct,high,Phan Châu Trinh,https://en.wikipedia.org/wiki/Phan_Ch%C3%A2u_Trinh,,,en.wikipedia.org,,check linked image file page before reuse,,,https://en.wikipedia.org/wiki/Phan_Ch%C3%A2u_Trinh,Trang trực tiếp về việc Phan Châu Trinh sang Pháp năm 1911.,awaiting_manual_download,,baotanglichsu.vn|luutru.gov.vn|hochiminh.vn|nhandan.vn|qdnd.vn|vietnamplus.vn|gallica.bnf.fr|loc.gov,,,,,,True,False
80,phan-chau-trinh-sang-phap-1911,Phan Châu Trinh sang Pháp,Năm 1911,atomic,colonial,by_event/phan-chau-trinh-sang-phap-1911,2,gallery,image_02.<đúng-đuôi-file>,direct,high,Phan Châu Trinh — trang tiếng Pháp,https://fr.wikipedia.org/wiki/Phan_Ch%C3%A2u_Trinh,,,fr.wikipedia.org,,check linked image file page before reuse,,,https://fr.wikipedia.org/wiki/Phan_Ch%C3%A2u_Trinh,Chọn chân dung/tư liệu gắn với thời gian lưu trú và hoạt động tại Pháp.,awaiting_manual_download,,baotanglichsu.vn|luutru.gov.vn|hochiminh.vn|nhandan.vn|qdnd.vn|vietnamplus.vn|gallica.bnf.fr|loc.gov,,,,,,True,False
81,thanh-lap-viet-nam-quang-phuc-hoi-1912,Thành lập Việt Nam Quang phục hội và Chấn Hoa Hưng Á,Đầu năm 1912,atomic,colonial,by_event/thanh-lap-viet-nam-quang-phuc-hoi-1912,1,thumbnail,image_01.<đúng-đuôi-file>,direct,high,Việt Nam Quang Phục Hội,https://en.wikipedia.org/wiki/Vi%E1%BB%87t_Nam_Quang_Ph%E1%BB%A5c_H%E1%BB%99i,,,en.wikipedia.org,,check linked image file page before reuse,,,https://en.wikipedia.org/wiki/Vi%E1%BB%87t_Nam_Quang_Ph%E1%BB%A5c_H%E1%BB%99i,"Trang trực tiếp về tổ chức thành lập năm 1912, có cờ và thông tin lãnh đạo.",awaiting_manual_download,,baotanglichsu.vn|luutru.gov.vn|hochiminh.vn|nhandan.vn|qdnd.vn|vietnamplus.vn|gallica.bnf.fr|loc.gov,,,,,,True,False
81,thanh-lap-viet-nam-quang-phuc-hoi-1912,Thành lập Việt Nam Quang phục hội và Chấn Hoa Hưng Á,Đầu năm 1912,atomic,colonial,by_event/thanh-lap-viet-nam-quang-phuc-hoi-1912,2,gallery,image_02.<đúng-đuôi-file>,direct,high,Phan Bội Châu — Việt Nam Quang Phục Hội và Chấn Hoa Hưng Á,https://en.wikipedia.org/wiki/Phan_B%E1%BB%99i_Ch%C3%A2u#Vietnam_Restoration_League,,,en.wikipedia.org,,check linked image file page before reuse,,,https://en.wikipedia.org/wiki/Phan_B%E1%BB%99i_Ch%C3%A2u#Vietnam_Restoration_League,Phần này mô tả trực tiếp việc thành lập Việt Nam Quang Phục Hội và tổ chức Chấn-Hoa Hưng-Á Hội.,awaiting_manual_download,,baotanglichsu.vn|luutru.gov.vn|hochiminh.vn|nhandan.vn|qdnd.vn|vietnamplus.vn|gallica.bnf.fr|loc.gov,,,,,,True,False
82,chu-quyen-bien-dao-viet-nam-1919-1945,Chủ quyền biển đảo Việt Nam 1919-1945,Chủ quyền biển đảo Việt Nam 1919-1945,collection,revolutionary,by_event/chu-quyen-bien-dao-viet-nam-1919-1945,1,thumbnail,image_01.<đúng-đuôi-file>,direct,high,Hoàng Sa — tư liệu chủ quyền Việt Nam,https://en.wikipedia.org/wiki/Paracel_Islands#Vietnam,,,en.wikipedia.org,,check linked image file page before reuse,,,https://en.wikipedia.org/wiki/Paracel_Islands#Vietnam,"Chọn bản đồ, sắc lệnh hoặc tư liệu lịch sử thuộc giai đoạn đầu thế kỉ XX; tránh ảnh tranh chấp hiện đại.",awaiting_manual_download,,hochiminh.vn|tulieuvankien.dangcongsan.vn|dangcongsan.vn|baotanglichsu.vn|nhandan.vn|qdnd.vn|vietnamplus.vn|luutru.gov.vn,,,,,,True,False
82,chu-quyen-bien-dao-viet-nam-1919-1945,Chủ quyền biển đảo Việt Nam 1919-1945,Chủ quyền biển đảo Việt Nam 1919-1945,collection,revolutionary,by_event/chu-quyen-bien-dao-viet-nam-1919-1945,2,gallery,image_02.<đúng-đuôi-file>,direct,high,Trường Sa — bản đồ/tư liệu lịch sử,https://en.wikipedia.org/wiki/Spratly_Islands,,,en.wikipedia.org,,check linked image file page before reuse,,,https://en.wikipedia.org/wiki/Spratly_Islands,Chọn bản đồ hoặc tư liệu về quản lý/chủ quyền giai đoạn 1919–1945; không dùng ảnh quân sự hiện đại.,awaiting_manual_download,,hochiminh.vn|tulieuvankien.dangcongsan.vn|dangcongsan.vn|baotanglichsu.vn|nhandan.vn|qdnd.vn|vietnamplus.vn|luutru.gov.vn,,,,,,True,False
83,nguyen-ai-quoc-gui-yeu-sach-vec-xai,Nguyễn Ái Quốc gửi Yêu sách của nhân dân An Nam đến Hội nghị Véc-xai,Năm 1919,atomic,revolutionary,by_event/nguyen-ai-quoc-gui-yeu-sach-vec-xai,1,thumbnail,image_01.<đúng-đuôi-file>,direct,high,Nguyễn Ái Quốc / Hồ Chí Minh — hoạt động ở Paris năm 1919,https://en.wikipedia.org/wiki/Ho_Chi_Minh#Political_activities_in_France,,,en.wikipedia.org,,check linked image file page before reuse,,,https://en.wikipedia.org/wiki/Ho_Chi_Minh#Political_activities_in_France,Trang mô tả trực tiếp việc gửi yêu sách tới Hội nghị Hòa bình Paris.,awaiting_manual_download,,hochiminh.vn|tulieuvankien.dangcongsan.vn|dangcongsan.vn|baotanglichsu.vn|nhandan.vn|qdnd.vn|vietnamplus.vn|luutru.gov.vn,,,,,,True,False
83,nguyen-ai-quoc-gui-yeu-sach-vec-xai,Nguyễn Ái Quốc gửi Yêu sách của nhân dân An Nam đến Hội nghị Véc-xai,Năm 1919,atomic,revolutionary,by_event/nguyen-ai-quoc-gui-yeu-sach-vec-xai,2,gallery,image_02.<đúng-đuôi-file>,direct,high,Hội nghị Hòa bình Paris 1919 — Việt Nam,https://en.wikipedia.org/wiki/Paris_Peace_Conference_%281919%E2%80%931920%29#Vietnam,,,en.wikipedia.org,,check linked image file page before reuse,,,https://en.wikipedia.org/wiki/Paris_Peace_Conference_%281919%E2%80%931920%29#Vietnam,Phần Việt Nam ghi trực tiếp Nguyễn Ái Quốc gửi kiến nghị tới hội nghị.,awaiting_manual_download,,hochiminh.vn|tulieuvankien.dangcongsan.vn|dangcongsan.vn|baotanglichsu.vn|nhandan.vn|qdnd.vn|vietnamplus.vn|luutru.gov.vn,,,,,,True,False
84,nguyen-ai-quoc-doc-luan-cuong-le-nin,Nguyễn Ái Quốc đọc Sơ thảo lần thứ nhất những luận cương về vấn đề dân tộc và vấn đề thuộc địa của Lê-nin,Tháng 7 – 1920,atomic,revolutionary,by_event/nguyen-ai-quoc-doc-luan-cuong-le-nin,1,thumbnail,image_01.<đúng-đuôi-file>,direct,high,Con đường dẫn tôi đến chủ nghĩa Lê-nin,https://en.wikipedia.org/wiki/The_Path_Which_Led_Me_To_Leninism,,,en.wikipedia.org,,check linked image file page before reuse,,,https://en.wikipedia.org/wiki/The_Path_Which_Led_Me_To_Leninism,Văn bản hồi tưởng trực tiếp việc Nguyễn Ái Quốc đọc luận cương của Lê-nin và chuyển biến tư tưởng.,awaiting_manual_download,,hochiminh.vn|tulieuvankien.dangcongsan.vn|dangcongsan.vn|baotanglichsu.vn|nhandan.vn|qdnd.vn|vietnamplus.vn|luutru.gov.vn,,,,,,True,False
84,nguyen-ai-quoc-doc-luan-cuong-le-nin,Nguyễn Ái Quốc đọc Sơ thảo lần thứ nhất những luận cương về vấn đề dân tộc và vấn đề thuộc địa của Lê-nin,Tháng 7 – 1920,atomic,revolutionary,by_event/nguyen-ai-quoc-doc-luan-cuong-le-nin,2,gallery,image_02.<đúng-đuôi-file>,direct,high,Hồ Chí Minh — hoạt động chính trị ở Pháp,https://en.wikipedia.org/wiki/Ho_Chi_Minh#Political_activities_in_France,,,en.wikipedia.org,,check linked image file page before reuse,,,https://en.wikipedia.org/wiki/Ho_Chi_Minh#Political_activities_in_France,Trang mô tả quá trình tiếp cận chủ nghĩa Marx–Lenin trong thời gian ở Pháp.,awaiting_manual_download,,hochiminh.vn|tulieuvankien.dangcongsan.vn|dangcongsan.vn|baotanglichsu.vn|nhandan.vn|qdnd.vn|vietnamplus.vn|luutru.gov.vn,,,,,,True,False
85,nguyen-ai-quoc-gia-nhap-quoc-te-cong-san-va-sang-lap-dang-cong-san-phap,Nguyễn Ái Quốc bỏ phiếu tán thành gia nhập Quốc tế Cộng sản và sáng lập Đảng Cộng sản Pháp,Tháng 12 - 1920,atomic,revolutionary,by_event/nguyen-ai-quoc-gia-nhap-quoc-te-cong-san-va-sang-lap-dang-cong-san-phap,1,thumbnail,image_01.<đúng-đuôi-file>,direct,high,Đại hội Tours 1920,https://en.wikipedia.org/wiki/Tours_Congress,,,en.wikipedia.org,,check linked image file page before reuse,,,https://en.wikipedia.org/wiki/Tours_Congress,"Nguyễn Ái Quốc dự Đại hội Tours, bỏ phiếu gia nhập Quốc tế Cộng sản và tham gia sáng lập Đảng Cộng sản Pháp.",awaiting_manual_download,,hochiminh.vn|tulieuvankien.dangcongsan.vn|dangcongsan.vn|baotanglichsu.vn|nhandan.vn|qdnd.vn|vietnamplus.vn|luutru.gov.vn,,,,,,True,False
85,nguyen-ai-quoc-gia-nhap-quoc-te-cong-san-va-sang-lap-dang-cong-san-phap,Nguyễn Ái Quốc bỏ phiếu tán thành gia nhập Quốc tế Cộng sản và sáng lập Đảng Cộng sản Pháp,Tháng 12 - 1920,atomic,revolutionary,by_event/nguyen-ai-quoc-gia-nhap-quoc-te-cong-san-va-sang-lap-dang-cong-san-phap,2,gallery,image_02.<đúng-đuôi-file>,direct,high,Nguyễn Ái Quốc / Hồ Chí Minh,https://en.wikipedia.org/wiki/Ho_Chi_Minh#Political_activities_in_France,,,en.wikipedia.org,,check linked image file page before reuse,,,https://en.wikipedia.org/wiki/Ho_Chi_Minh#Political_activities_in_France,Trang trực tiếp mô tả hoạt động tại Pháp và bước ngoặt cuối năm 1920.,awaiting_manual_download,,hochiminh.vn|tulieuvankien.dangcongsan.vn|dangcongsan.vn|baotanglichsu.vn|nhandan.vn|qdnd.vn|vietnamplus.vn|luutru.gov.vn,,,,,,True,False
86,nguyen-ai-quoc-hoat-dong-phap-1921-1923,Nguyễn Ái Quốc hoạt động ở Pháp,Từ năm 1921 đến tháng 6 – 1923,atomic,revolutionary,by_event/nguyen-ai-quoc-hoat-dong-phap-1921-1923,1,thumbnail,image_01.<đúng-đuôi-file>,direct,high,Nguyễn Ái Quốc hoạt động ở Pháp 1921–1923,https://en.wikipedia.org/wiki/Ho_Chi_Minh#Political_activities_in_France,,,en.wikipedia.org,,check linked image file page before reuse,,,https://en.wikipedia.org/wiki/Ho_Chi_Minh#Political_activities_in_France,"Trang mô tả trực tiếp thời gian hoạt động chính trị, báo chí và tổ chức ở Pháp.",awaiting_manual_download,,hochiminh.vn|tulieuvankien.dangcongsan.vn|dangcongsan.vn|baotanglichsu.vn|nhandan.vn|qdnd.vn|vietnamplus.vn|luutru.gov.vn,,,,,,True,False
86,nguyen-ai-quoc-hoat-dong-phap-1921-1923,Nguyễn Ái Quốc hoạt động ở Pháp,Từ năm 1921 đến tháng 6 – 1923,atomic,revolutionary,by_event/nguyen-ai-quoc-hoat-dong-phap-1921-1923,2,gallery,image_02.<đúng-đuôi-file>,direct,high,Le Paria,https://fr.wikipedia.org/wiki/Le_Paria_%28journal%29,,,fr.wikipedia.org,,check linked image file page before reuse,,,https://fr.wikipedia.org/wiki/Le_Paria_%28journal%29,Báo do Nguyễn Ái Quốc tham gia sáng lập và hoạt động trong thời kỳ 1921–1923.,awaiting_manual_download,,hochiminh.vn|tulieuvankien.dangcongsan.vn|dangcongsan.vn|baotanglichsu.vn|nhandan.vn|qdnd.vn|vietnamplus.vn|luutru.gov.vn,,,,,,True,False
87,nguyen-ai-quoc-thanh-lap-hoi-lien-hiep-thuoc-dia-1921,Nguyễn Ái Quốc tham gia thành lập Hội Liên hiệp thuộc địa,Năm 1921,atomic,revolutionary,by_event/nguyen-ai-quoc-thanh-lap-hoi-lien-hiep-thuoc-dia-1921,1,thumbnail,image_01.<đúng-đuôi-file>,direct,high,Nguyễn Ái Quốc và Union intercoloniale,https://fr.wikipedia.org/wiki/H%C3%B4_Chi_Minh#Un_militant_communiste_%C3%A0_l'%C3%A9tranger,,,fr.wikipedia.org,,check linked image file page before reuse,,,https://fr.wikipedia.org/wiki/H%C3%B4_Chi_Minh#Un_militant_communiste_%C3%A0_l'%C3%A9tranger,Trang mô tả việc Nguyễn Ái Quốc tham gia thành lập Union intercoloniale năm 1921.,awaiting_manual_download,,hochiminh.vn|tulieuvankien.dangcongsan.vn|dangcongsan.vn|baotanglichsu.vn|nhandan.vn|qdnd.vn|vietnamplus.vn|luutru.gov.vn,,,,,,True,False
87,nguyen-ai-quoc-thanh-lap-hoi-lien-hiep-thuoc-dia-1921,Nguyễn Ái Quốc tham gia thành lập Hội Liên hiệp thuộc địa,Năm 1921,atomic,revolutionary,by_event/nguyen-ai-quoc-thanh-lap-hoi-lien-hiep-thuoc-dia-1921,2,gallery,image_02.<đúng-đuôi-file>,direct,high,Nguyễn Ái Quốc / Hồ Chí Minh — hoạt động ở Pháp,https://en.wikipedia.org/wiki/Ho_Chi_Minh#Political_activities_in_France,,,en.wikipedia.org,,check linked image file page before reuse,,,https://en.wikipedia.org/wiki/Ho_Chi_Minh#Political_activities_in_France,Trang bối cảnh hoạt động chính trị và liên kết các dân tộc thuộc địa ở Paris.,awaiting_manual_download,,hochiminh.vn|tulieuvankien.dangcongsan.vn|dangcongsan.vn|baotanglichsu.vn|nhandan.vn|qdnd.vn|vietnamplus.vn|luutru.gov.vn,,,,,,True,False
88,nguyen-ai-quoc-thanh-lap-hoi-lien-hiep-thuoc-dia-va-bao-le-paria,Nguyễn Ái Quốc tham gia thành lập Hội liên hiệp thuộc địa và sáng lập tờ báo Le Paria,Giữa năm 1921,atomic,revolutionary,by_event/nguyen-ai-quoc-thanh-lap-hoi-lien-hiep-thuoc-dia-va-bao-le-paria,1,thumbnail,image_01.<đúng-đuôi-file>,direct,high,Le Paria,https://fr.wikipedia.org/wiki/Le_Paria_%28journal%29,,,fr.wikipedia.org,,check linked image file page before reuse,,,https://fr.wikipedia.org/wiki/Le_Paria_%28journal%29,"Trang trực tiếp về tờ Le Paria, do Nguyễn Ái Quốc là nhân vật sáng lập/hoạt động chủ chốt.",awaiting_manual_download,,hochiminh.vn|tulieuvankien.dangcongsan.vn|dangcongsan.vn|baotanglichsu.vn|nhandan.vn|qdnd.vn|vietnamplus.vn|luutru.gov.vn,,,,,,True,False
88,nguyen-ai-quoc-thanh-lap-hoi-lien-hiep-thuoc-dia-va-bao-le-paria,Nguyễn Ái Quốc tham gia thành lập Hội liên hiệp thuộc địa và sáng lập tờ báo Le Paria,Giữa năm 1921,atomic,revolutionary,by_event/nguyen-ai-quoc-thanh-lap-hoi-lien-hiep-thuoc-dia-va-bao-le-paria,2,gallery,image_02.<đúng-đuôi-file>,direct,high,Nguyễn Ái Quốc và Union intercoloniale,https://fr.wikipedia.org/wiki/H%C3%B4_Chi_Minh#Un_militant_communiste_%C3%A0_l'%C3%A9tranger,,,fr.wikipedia.org,,check linked image file page before reuse,,,https://fr.wikipedia.org/wiki/H%C3%B4_Chi_Minh#Un_militant_communiste_%C3%A0_l'%C3%A9tranger,Trang mô tả việc tham gia thành lập Hội Liên hiệp thuộc địa và hoạt động báo chí.,awaiting_manual_download,,hochiminh.vn|tulieuvankien.dangcongsan.vn|dangcongsan.vn|baotanglichsu.vn|nhandan.vn|qdnd.vn|vietnamplus.vn|luutru.gov.vn,,,,,,True,False
89,nguyen-ai-quoc-den-lien-xo-1923,Nguyễn Ái Quốc đến Liên Xô và tham gia Quốc tế Cộng sản,Tháng 6-1923,atomic,revolutionary,by_event/nguyen-ai-quoc-den-lien-xo-1923,1,thumbnail,image_01.<đúng-đuôi-file>,direct,high,Nguyễn Ái Quốc đến Liên Xô năm 1923,https://en.wikipedia.org/wiki/Ho_Chi_Minh,,,en.wikipedia.org,,check linked image file page before reuse,,,https://en.wikipedia.org/wiki/Ho_Chi_Minh,Trang trực tiếp về hành trình sang Moskva và hoạt động trong hệ thống Quốc tế Cộng sản.,awaiting_manual_download,,hochiminh.vn|tulieuvankien.dangcongsan.vn|dangcongsan.vn|baotanglichsu.vn|nhandan.vn|qdnd.vn|vietnamplus.vn|luutru.gov.vn,,,,,,True,False
89,nguyen-ai-quoc-den-lien-xo-1923,Nguyễn Ái Quốc đến Liên Xô và tham gia Quốc tế Cộng sản,Tháng 6-1923,atomic,revolutionary,by_event/nguyen-ai-quoc-den-lien-xo-1923,2,gallery,image_02.<đúng-đuôi-file>,direct,high,Hồ Chí Minh — thời gian ở Liên Xô,https://fr.wikipedia.org/wiki/H%C3%B4_Chi_Minh#S%C3%A9jour_en_URSS_et_en_Chine,,,fr.wikipedia.org,,check linked image file page before reuse,,,https://fr.wikipedia.org/wiki/H%C3%B4_Chi_Minh#S%C3%A9jour_en_URSS_et_en_Chine,Phần tiếng Pháp mô tả chuyến đi Moskva năm 1923 và hoạt động trong Komintern.,awaiting_manual_download,,hochiminh.vn|tulieuvankien.dangcongsan.vn|dangcongsan.vn|baotanglichsu.vn|nhandan.vn|qdnd.vn|vietnamplus.vn|luutru.gov.vn,,,,,,True,False
90,thanh-lap-hoi-lien-hiep-cac-dan-toc-bi-ap-buc-a-dong-1925,Nguyễn Ái Quốc tham gia thành lập Hội Liên hiệp các dân tộc bị áp bức ở Á Đông,Tháng 7 – 1925,atomic,revolutionary,by_event/thanh-lap-hoi-lien-hiep-cac-dan-toc-bi-ap-buc-a-dong-1925,1,thumbnail,image_01.<đúng-đuôi-file>,direct,high,Nguyễn Ái Quốc tại Quảng Châu và các tổ chức cách mạng châu Á,https://en.wikipedia.org/wiki/Ho_Chi_Minh#In_the_Soviet_Union_and_China,,,en.wikipedia.org,,check linked image file page before reuse,,,https://en.wikipedia.org/wiki/Ho_Chi_Minh#In_the_Soviet_Union_and_China,"Nguyễn Ái Quốc hoạt động ở Quảng Châu năm 1925, tổ chức và liên kết các lực lượng cách mạng châu Á.",awaiting_manual_download,,hochiminh.vn|tulieuvankien.dangcongsan.vn|dangcongsan.vn|baotanglichsu.vn|nhandan.vn|qdnd.vn|vietnamplus.vn|luutru.gov.vn,,,,,,True,False
90,thanh-lap-hoi-lien-hiep-cac-dan-toc-bi-ap-buc-a-dong-1925,Nguyễn Ái Quốc tham gia thành lập Hội Liên hiệp các dân tộc bị áp bức ở Á Đông,Tháng 7 – 1925,atomic,revolutionary,by_event/thanh-lap-hoi-lien-hiep-cac-dan-toc-bi-ap-buc-a-dong-1925,2,gallery,image_02.<đúng-đuôi-file>,strong_contextual,medium,Phong trào cách mạng liên Á ở Quảng Châu,https://en.wikipedia.org/wiki/Whampoa_Military_Academy,,,en.wikipedia.org,,check linked image file page before reuse,,,https://en.wikipedia.org/wiki/Whampoa_Military_Academy,"Quảng Châu và Hoàng Phố là trung tâm liên lạc cách mạng nơi Nguyễn Ái Quốc hoạt động; chỉ chọn ảnh địa điểm/nhân vật trực tiếp, không lấy ảnh quân sự chung chung.",awaiting_manual_download,,hochiminh.vn|tulieuvankien.dangcongsan.vn|dangcongsan.vn|baotanglichsu.vn|nhandan.vn|qdnd.vn|vietnamplus.vn|luutru.gov.vn,,,,,,True,False
91,nguyen-ai-quoc-hoat-dong-chau-au-siam-1927-1929,"Nguyễn Ái Quốc hoạt động cách mạng ở Pháp, Bỉ, Đức, Xiêm",Từ giữa năm 1927 đến cuối năm 1929,atomic,revolutionary,by_event/nguyen-ai-quoc-hoat-dong-chau-au-siam-1927-1929,1,thumbnail,image_01.<đúng-đuôi-file>,direct,high,Nguyễn Ái Quốc / Hồ Chí Minh — hành trình cách mạng 1927–1929,https://en.wikipedia.org/wiki/Ho_Chi_Minh#In_the_Soviet_Union_and_China,,,en.wikipedia.org,,check linked image file page before reuse,,,https://en.wikipedia.org/wiki/Ho_Chi_Minh#In_the_Soviet_Union_and_China,Trang mô tả hoạt động xuyên châu Âu và châu Á của Nguyễn Ái Quốc trong giai đoạn này.,awaiting_manual_download_candidate_independence_review,CANDIDATE GATE: the two candidate leads are not fully independent; choose distinct concrete media files during manual download.,hochiminh.vn|tulieuvankien.dangcongsan.vn|dangcongsan.vn|baotanglichsu.vn|nhandan.vn|qdnd.vn|vietnamplus.vn|luutru.gov.vn,awaiting_manual_download_candidate_independence_review,P1,candidate_independence,Hai slot cùng trang nguồn cơ sở: https://en.wikipedia.org/wiki/Ho_Chi_Minh#In_the_Soviet_Union_and_China | https://en.wikipedia.org/wiki/Ho_Chi_Minh,Thay ít nhất một slot bằng nguồn/trang độc lập; riêng event 120 hiện hai slot dùng đúng cùng URL.,True,True
91,nguyen-ai-quoc-hoat-dong-chau-au-siam-1927-1929,"Nguyễn Ái Quốc hoạt động cách mạng ở Pháp, Bỉ, Đức, Xiêm",Từ giữa năm 1927 đến cuối năm 1929,atomic,revolutionary,by_event/nguyen-ai-quoc-hoat-dong-chau-au-siam-1927-1929,2,gallery,image_02.<đúng-đuôi-file>,direct,medium,Hồ Chí Minh ở Xiêm / Thái Lan,https://en.wikipedia.org/wiki/Ho_Chi_Minh,,,en.wikipedia.org,,check linked image file page before reuse,,,https://en.wikipedia.org/wiki/Ho_Chi_Minh,Chọn ảnh/tư liệu gắn với hoạt động của Nguyễn Ái Quốc ở Xiêm cuối thập niên 1920 nếu có.,awaiting_manual_download_candidate_independence_review,CANDIDATE GATE: the two candidate leads are not fully independent; choose distinct concrete media files during manual download.,hochiminh.vn|tulieuvankien.dangcongsan.vn|dangcongsan.vn|baotanglichsu.vn|nhandan.vn|qdnd.vn|vietnamplus.vn|luutru.gov.vn,awaiting_manual_download_candidate_independence_review,P1,candidate_independence,Hai slot cùng trang nguồn cơ sở: https://en.wikipedia.org/wiki/Ho_Chi_Minh#In_the_Soviet_Union_and_China | https://en.wikipedia.org/wiki/Ho_Chi_Minh,Thay ít nhất một slot bằng nguồn/trang độc lập; riêng event 120 hiện hai slot dùng đúng cùng URL.,True,True
92,su-ra-doi-cua-ba-to-chuc-cong-san-viet-nam,Sự ra đời của ba tổ chức cộng sản ở Việt Nam,Năm 1929,atomic,revolutionary,by_event/su-ra-doi-cua-ba-to-chuc-cong-san-viet-nam,1,thumbnail,image_01.<đúng-đuôi-file>,direct,high,Ba tổ chức cộng sản ở Việt Nam năm 1929,https://en.wikipedia.org/wiki/Communist_Party_of_Vietnam#History,,,en.wikipedia.org,,check linked image file page before reuse,,,https://en.wikipedia.org/wiki/Communist_Party_of_Vietnam#History,"Trang mô tả Đông Dương Cộng sản Đảng, An Nam Cộng sản Đảng và Đông Dương Cộng sản Liên đoàn.",awaiting_manual_download,,hochiminh.vn|tulieuvankien.dangcongsan.vn|dangcongsan.vn|baotanglichsu.vn|nhandan.vn|qdnd.vn|vietnamplus.vn|luutru.gov.vn,,,,,,True,False
92,su-ra-doi-cua-ba-to-chuc-cong-san-viet-nam,Sự ra đời của ba tổ chức cộng sản ở Việt Nam,Năm 1929,atomic,revolutionary,by_event/su-ra-doi-cua-ba-to-chuc-cong-san-viet-nam,2,gallery,image_02.<đúng-đuôi-file>,direct,high,Đông Dương Cộng sản Liên đoàn,https://en.wikipedia.org/wiki/Communist_League_of_Indochina,,,en.wikipedia.org,,check linked image file page before reuse,,,https://en.wikipedia.org/wiki/Communist_League_of_Indochina,Một trong ba tổ chức cộng sản năm 1929–1930; trang có biểu trưng/tư liệu tổ chức.,awaiting_manual_download,,hochiminh.vn|tulieuvankien.dangcongsan.vn|dangcongsan.vn|baotanglichsu.vn|nhandan.vn|qdnd.vn|vietnamplus.vn|luutru.gov.vn,,,,,,True,False
93,hoi-nghi-thanh-lap-dang-cong-san-viet-nam,Nguyễn Ái Quốc triệu tập và chủ trì Hội nghị thành lập Đảng Cộng sản Việt Nam,Ngày 6 – 1 – 1930,atomic,revolutionary,by_event/hoi-nghi-thanh-lap-dang-cong-san-viet-nam,1,thumbnail,image_01.<đúng-đuôi-file>,direct,high,Hội nghị hợp nhất thành lập Đảng Cộng sản Việt Nam,https://en.wikipedia.org/wiki/Communist_Party_of_Vietnam#History,,,en.wikipedia.org,,check linked image file page before reuse,,,https://en.wikipedia.org/wiki/Communist_Party_of_Vietnam#History,Trang mô tả hội nghị thống nhất do Nguyễn Ái Quốc chủ trì tại Hồng Kông.,awaiting_manual_download,,hochiminh.vn|tulieuvankien.dangcongsan.vn|dangcongsan.vn|baotanglichsu.vn|nhandan.vn|qdnd.vn|vietnamplus.vn|luutru.gov.vn,,,,,,True,False
93,hoi-nghi-thanh-lap-dang-cong-san-viet-nam,Nguyễn Ái Quốc triệu tập và chủ trì Hội nghị thành lập Đảng Cộng sản Việt Nam,Ngày 6 – 1 – 1930,atomic,revolutionary,by_event/hoi-nghi-thanh-lap-dang-cong-san-viet-nam,2,gallery,image_02.<đúng-đuôi-file>,direct,high,Lịch sử Đảng Cộng sản Việt Nam — Hội nghị Hồng Kông,https://en.wikipedia.org/wiki/History_of_the_Communist_Party_of_Vietnam#Indo-Chinese_Communist_Party,,,en.wikipedia.org,,check linked image file page before reuse,,,https://en.wikipedia.org/wiki/History_of_the_Communist_Party_of_Vietnam#Indo-Chinese_Communist_Party,Phần mô tả trực tiếp hội nghị hợp nhất năm 1930.,awaiting_manual_download,,hochiminh.vn|tulieuvankien.dangcongsan.vn|dangcongsan.vn|baotanglichsu.vn|nhandan.vn|qdnd.vn|vietnamplus.vn|luutru.gov.vn,,,,,,True,False
94,thanh-lap-mat-tran-dan-toc-thong-nhat-viet-nam-1930,Thành lập Mặt trận Dân tộc Thống nhất Việt Nam (Hội Phản đế Đồng minh),Ngày 18 – 11 – 1930,atomic,revolutionary,by_event/thanh-lap-mat-tran-dan-toc-thong-nhat-viet-nam-1930,1,thumbnail,image_01.<đúng-đuôi-file>,strong_contextual,medium,Mặt trận phản đế / tiền thân các mặt trận thống nhất,https://en.wikipedia.org/wiki/Viet_Minh,,,en.wikipedia.org,,check linked image file page before reuse,,,https://en.wikipedia.org/wiki/Viet_Minh,Trang ghi Anti-imperialist National United Front là tiền thân của Việt Minh; dùng biểu trưng/tư liệu mặt trận nếu tìm thấy.,awaiting_manual_download,,hochiminh.vn|tulieuvankien.dangcongsan.vn|dangcongsan.vn|baotanglichsu.vn|nhandan.vn|qdnd.vn|vietnamplus.vn|luutru.gov.vn,,,,,,True,False
94,thanh-lap-mat-tran-dan-toc-thong-nhat-viet-nam-1930,Thành lập Mặt trận Dân tộc Thống nhất Việt Nam (Hội Phản đế Đồng minh),Ngày 18 – 11 – 1930,atomic,revolutionary,by_event/thanh-lap-mat-tran-dan-toc-thong-nhat-viet-nam-1930,2,gallery,image_02.<đúng-đuôi-file>,strong_contextual,medium,Lịch sử Đảng Cộng sản Việt Nam 1930,https://en.wikipedia.org/wiki/History_of_the_Communist_Party_of_Vietnam,,,en.wikipedia.org,,check linked image file page before reuse,,,https://en.wikipedia.org/wiki/History_of_the_Communist_Party_of_Vietnam,Bối cảnh tổ chức mặt trận thống nhất dân tộc do Đảng chủ trương sau khi thành lập.,awaiting_manual_download,,hochiminh.vn|tulieuvankien.dangcongsan.vn|dangcongsan.vn|baotanglichsu.vn|nhandan.vn|qdnd.vn|vietnamplus.vn|luutru.gov.vn,,,,,,True,False
95,hoat-dong-doi-ngoai-dang-cong-san-dong-duong-1930-1945,Hoạt động đối ngoại của Đảng Cộng sản Đông Dương,1930 – 1945,atomic,revolutionary,by_event/hoat-dong-doi-ngoai-dang-cong-san-dong-duong-1930-1945,1,thumbnail,image_01.<đúng-đuôi-file>,direct,high,Đảng Cộng sản Đông Dương,https://en.wikipedia.org/wiki/Indochinese_Communist_Party,,,en.wikipedia.org,,check linked image file page before reuse,,,https://en.wikipedia.org/wiki/Indochinese_Communist_Party,Tổ chức trực tiếp thực hiện hoạt động đối ngoại cách mạng giai đoạn 1930–1945.,awaiting_manual_download,,hochiminh.vn|tulieuvankien.dangcongsan.vn|dangcongsan.vn|baotanglichsu.vn|nhandan.vn|qdnd.vn|vietnamplus.vn|luutru.gov.vn,,,,,,True,False
95,hoat-dong-doi-ngoai-dang-cong-san-dong-duong-1930-1945,Hoạt động đối ngoại của Đảng Cộng sản Đông Dương,1930 – 1945,atomic,revolutionary,by_event/hoat-dong-doi-ngoai-dang-cong-san-dong-duong-1930-1945,2,gallery,image_02.<đúng-đuôi-file>,direct,high,Lịch sử Đảng Cộng sản Việt Nam — Comintern và hoạt động quốc tế,https://en.wikipedia.org/wiki/History_of_the_Communist_Party_of_Vietnam,,,en.wikipedia.org,,check linked image file page before reuse,,,https://en.wikipedia.org/wiki/History_of_the_Communist_Party_of_Vietnam,Trang mô tả quan hệ với Quốc tế Cộng sản và các mạng lưới quốc tế.,awaiting_manual_download,,hochiminh.vn|tulieuvankien.dangcongsan.vn|dangcongsan.vn|baotanglichsu.vn|nhandan.vn|qdnd.vn|vietnamplus.vn|luutru.gov.vn,,,,,,True,False
96,thanh-lap-cac-dang-cong-san-o-viet-nam-ma-lai-xiem-phi-lip-pin,"Thành lập các đảng cộng sản ở Việt Nam, Mã Lai, Xiêm, Phi-líp-pin",Trong những năm 30 của thế kỉ XX,atomic,revolutionary,by_event/thanh-lap-cac-dang-cong-san-o-viet-nam-ma-lai-xiem-phi-lip-pin,1,thumbnail,image_01.<đúng-đuôi-file>,direct,high,Đảng Cộng sản Mã Lai,https://en.wikipedia.org/wiki/Malayan_Communist_Party,,,en.wikipedia.org,,check linked image file page before reuse,,,https://en.wikipedia.org/wiki/Malayan_Communist_Party,Đảng cộng sản thành lập năm 1930 ở Mã Lai; chọn cờ/biểu trưng hoặc tư liệu thành lập.,awaiting_manual_download,,hochiminh.vn|tulieuvankien.dangcongsan.vn|dangcongsan.vn|baotanglichsu.vn|nhandan.vn|qdnd.vn|vietnamplus.vn|luutru.gov.vn,,,,,,True,False
96,thanh-lap-cac-dang-cong-san-o-viet-nam-ma-lai-xiem-phi-lip-pin,"Thành lập các đảng cộng sản ở Việt Nam, Mã Lai, Xiêm, Phi-líp-pin",Trong những năm 30 của thế kỉ XX,atomic,revolutionary,by_event/thanh-lap-cac-dang-cong-san-o-viet-nam-ma-lai-xiem-phi-lip-pin,2,gallery,image_02.<đúng-đuôi-file>,direct,high,Đảng Cộng sản Philippines 1930,https://en.wikipedia.org/wiki/Partido_Komunista_ng_Pilipinas-1930,,,en.wikipedia.org,,check linked image file page before reuse,,,https://en.wikipedia.org/wiki/Partido_Komunista_ng_Pilipinas-1930,Tổ chức cộng sản thành lập năm 1930 ở Philippines; phù hợp minh họa xu hướng khu vực.,awaiting_manual_download,,hochiminh.vn|tulieuvankien.dangcongsan.vn|dangcongsan.vn|baotanglichsu.vn|nhandan.vn|qdnd.vn|vietnamplus.vn|luutru.gov.vn,,,,,,True,False
97,nguyen-ai-quoc-hoat-dong-lien-xo-1933,Nguyễn Ái Quốc hoạt động tại Liên Xô,Năm 1933,atomic,revolutionary,by_event/nguyen-ai-quoc-hoat-dong-lien-xo-1933,1,thumbnail,image_01.<đúng-đuôi-file>,direct,high,Nguyễn Ái Quốc / Hồ Chí Minh ở Liên Xô,https://en.wikipedia.org/wiki/Ho_Chi_Minh#In_the_Soviet_Union_and_China,,,en.wikipedia.org,,check linked image file page before reuse,,,https://en.wikipedia.org/wiki/Ho_Chi_Minh#In_the_Soviet_Union_and_China,"Trang mô tả giai đoạn trở lại Moskva, học và hoạt động trong hệ thống Quốc tế Cộng sản.",awaiting_manual_download,,hochiminh.vn|tulieuvankien.dangcongsan.vn|dangcongsan.vn|baotanglichsu.vn|nhandan.vn|qdnd.vn|vietnamplus.vn|luutru.gov.vn,,,,,,True,False
97,nguyen-ai-quoc-hoat-dong-lien-xo-1933,Nguyễn Ái Quốc hoạt động tại Liên Xô,Năm 1933,atomic,revolutionary,by_event/nguyen-ai-quoc-hoat-dong-lien-xo-1933,2,gallery,image_02.<đúng-đuôi-file>,direct,high,Hồ Chí Minh tại Liên Xô — trang tiếng Pháp,https://fr.wikipedia.org/wiki/H%C3%B4_Chi_Minh#S%C3%A9jour_en_URSS_et_en_Chine,,,fr.wikipedia.org,,check linked image file page before reuse,,,https://fr.wikipedia.org/wiki/H%C3%B4_Chi_Minh#S%C3%A9jour_en_URSS_et_en_Chine,Chọn ảnh/tư liệu Moskva hoặc Nguyễn Ái Quốc trong thời gian hoạt động ở Liên Xô.,awaiting_manual_download,,hochiminh.vn|tulieuvankien.dangcongsan.vn|dangcongsan.vn|baotanglichsu.vn|nhandan.vn|qdnd.vn|vietnamplus.vn|luutru.gov.vn,,,,,,True,False
98,nguyen-ai-quoc-roi-lien-xo-tro-lai-trung-quoc,Nguyễn Ái Quốc rời Liên Xô trở lại Trung Quốc,Năm 1938,atomic,revolutionary,by_event/nguyen-ai-quoc-roi-lien-xo-tro-lai-trung-quoc,1,thumbnail,image_01.<đúng-đuôi-file>,direct,high,Nguyễn Ái Quốc trở lại Trung Quốc năm 1938,https://en.wikipedia.org/wiki/Ho_Chi_Minh#In_the_Soviet_Union_and_China,,,en.wikipedia.org,,check linked image file page before reuse,,,https://en.wikipedia.org/wiki/Ho_Chi_Minh#In_the_Soviet_Union_and_China,Trang ghi trực tiếp việc ông trở lại Trung Quốc năm 1938 và làm cố vấn cho lực lượng cộng sản Trung Quốc.,awaiting_manual_download,,hochiminh.vn|tulieuvankien.dangcongsan.vn|dangcongsan.vn|baotanglichsu.vn|nhandan.vn|qdnd.vn|vietnamplus.vn|luutru.gov.vn,,,,,,True,False
98,nguyen-ai-quoc-roi-lien-xo-tro-lai-trung-quoc,Nguyễn Ái Quốc rời Liên Xô trở lại Trung Quốc,Năm 1938,atomic,revolutionary,by_event/nguyen-ai-quoc-roi-lien-xo-tro-lai-trung-quoc,2,gallery,image_02.<đúng-đuôi-file>,strong_contextual,medium,Eighth Route Army — bối cảnh hoạt động ở Trung Quốc,https://en.wikipedia.org/wiki/Eighth_Route_Army,,,en.wikipedia.org,,check linked image file page before reuse,,,https://en.wikipedia.org/wiki/Eighth_Route_Army,Nguyễn Ái Quốc làm việc trong văn phòng của lực lượng này; chỉ chọn ảnh tổ chức/địa điểm liên quan thực sự.,awaiting_manual_download,,hochiminh.vn|tulieuvankien.dangcongsan.vn|dangcongsan.vn|baotanglichsu.vn|nhandan.vn|qdnd.vn|vietnamplus.vn|luutru.gov.vn,,,,,,True,False
99,phap-gui-cong-ham-phan-doi-nhat-ban-kiem-soat-truong-sa,Pháp gửi công hàm phản đối Nhật Bản kiểm soát một số đảo thuộc quần đảo Trường Sa,Năm 1939,atomic,maritime,by_event/phap-gui-cong-ham-phan-doi-nhat-ban-kiem-soat-truong-sa,1,thumbnail,image_01.<đúng-đuôi-file>,direct,high,Tranh chấp quần đảo Trường Sa — năm 1939,https://en.wikipedia.org/wiki/Spratly_Islands_dispute,,,en.wikipedia.org,,check linked image file page before reuse,,,https://en.wikipedia.org/wiki/Spratly_Islands_dispute,"Trang ghi Nhật sáp nhập Trường Sa năm 1939 và Pháp phản đối, tái khẳng định chủ quyền.",awaiting_manual_download,,mofa.gov.vn|biengioilanhtho.gov.vn|mod.gov.vn|qdnd.vn|chinhphu.vn|vietnamplus.vn|luutru.gov.vn,,,,,,True,False
99,phap-gui-cong-ham-phan-doi-nhat-ban-kiem-soat-truong-sa,Pháp gửi công hàm phản đối Nhật Bản kiểm soát một số đảo thuộc quần đảo Trường Sa,Năm 1939,atomic,maritime,by_event/phap-gui-cong-ham-phan-doi-nhat-ban-kiem-soat-truong-sa,2,gallery,image_02.<đúng-đuôi-file>,strong_contextual,high,Quần đảo Trường Sa — lịch sử trước Thế chiến II,https://en.wikipedia.org/wiki/Spratly_Islands,,,en.wikipedia.org,,check linked image file page before reuse,,,https://en.wikipedia.org/wiki/Spratly_Islands,"Chọn bản đồ hoặc tư liệu lịch sử trước/đến năm 1939, không dùng ảnh tranh chấp hiện đại.",awaiting_manual_download,,mofa.gov.vn|biengioilanhtho.gov.vn|mod.gov.vn|qdnd.vn|chinhphu.vn|vietnamplus.vn|luutru.gov.vn,,,,,,True,False
100,nguyen-ai-quoc-tro-ve-nuoc,Nguyễn Ái Quốc trở về nước,Ngày 28-1-1941,atomic,revolutionary,by_event/nguyen-ai-quoc-tro-ve-nuoc,1,thumbnail,image_01.<đúng-đuôi-file>,direct,high,Pác Bó,https://en.wikipedia.org/wiki/P%C3%A1c_B%C3%B3,,,en.wikipedia.org,,check linked image file page before reuse,,,https://en.wikipedia.org/wiki/P%C3%A1c_B%C3%B3,Địa điểm Hồ Chí Minh về nước và hoạt động đầu năm 1941.,awaiting_manual_download,,hochiminh.vn|tulieuvankien.dangcongsan.vn|dangcongsan.vn|baotanglichsu.vn|nhandan.vn|qdnd.vn|vietnamplus.vn|luutru.gov.vn,,,,,,True,False
100,nguyen-ai-quoc-tro-ve-nuoc,Nguyễn Ái Quốc trở về nước,Ngày 28-1-1941,atomic,revolutionary,by_event/nguyen-ai-quoc-tro-ve-nuoc,2,gallery,image_02.<đúng-đuôi-file>,direct,high,Hồ Chí Minh trở về Việt Nam năm 1941,https://en.wikipedia.org/wiki/Ho_Chi_Minh#Viet_Minh_movement,,,en.wikipedia.org,,check linked image file page before reuse,,,https://en.wikipedia.org/wiki/Ho_Chi_Minh#Viet_Minh_movement,Trang mô tả việc Hồ Chí Minh trở về Việt Nam để lãnh đạo phong trào Việt Minh.,awaiting_manual_download,,hochiminh.vn|tulieuvankien.dangcongsan.vn|dangcongsan.vn|baotanglichsu.vn|nhandan.vn|qdnd.vn|vietnamplus.vn|luutru.gov.vn,,,,,,True,False
101,hoi-nghi-lan-thu-8-ban-chap-hanh-trung-uong-dang-cong-san-dong-duong,Hội nghị lần thứ 8 Ban Chấp hành Trung ương Đảng Cộng sản Đông Dương,Từ ngày 10 đến ngày 19-5-1941,atomic,revolutionary,by_event/hoi-nghi-lan-thu-8-ban-chap-hanh-trung-uong-dang-cong-san-dong-duong,1,thumbnail,image_01.<đúng-đuôi-file>,direct,high,Pác Bó — nơi diễn ra Hội nghị Trung ương 8,https://en.wikipedia.org/wiki/P%C3%A1c_B%C3%B3,,,en.wikipedia.org,,check linked image file page before reuse,,,https://en.wikipedia.org/wiki/P%C3%A1c_B%C3%B3,Di tích Pác Bó gắn trực tiếp với hội nghị tháng 5-1941.,awaiting_manual_download,,hochiminh.vn|tulieuvankien.dangcongsan.vn|dangcongsan.vn|baotanglichsu.vn|nhandan.vn|qdnd.vn|vietnamplus.vn|luutru.gov.vn,,,,,,True,False
101,hoi-nghi-lan-thu-8-ban-chap-hanh-trung-uong-dang-cong-san-dong-duong,Hội nghị lần thứ 8 Ban Chấp hành Trung ương Đảng Cộng sản Đông Dương,Từ ngày 10 đến ngày 19-5-1941,atomic,revolutionary,by_event/hoi-nghi-lan-thu-8-ban-chap-hanh-trung-uong-dang-cong-san-dong-duong,2,gallery,image_02.<đúng-đuôi-file>,direct,high,Việt Minh — kết quả của chủ trương Hội nghị Trung ương 8,https://en.wikipedia.org/wiki/Viet_Minh,,,en.wikipedia.org,,check linked image file page before reuse,,,https://en.wikipedia.org/wiki/Viet_Minh,Trang mô tả việc thành lập mặt trận ngày 19-5-1941 tại Pác Bó.,awaiting_manual_download,,hochiminh.vn|tulieuvankien.dangcongsan.vn|dangcongsan.vn|baotanglichsu.vn|nhandan.vn|qdnd.vn|vietnamplus.vn|luutru.gov.vn,,,,,,True,False
102,thanh-lap-mat-tran-viet-nam-doc-lap-dong-minh-viet-minh,Thành lập Mặt trận Việt Nam Độc lập Đồng minh (Mặt trận Việt Minh),19-5-1941,atomic,revolutionary,by_event/thanh-lap-mat-tran-viet-nam-doc-lap-dong-minh-viet-minh,1,thumbnail,image_01.<đúng-đuôi-file>,direct,high,Mặt trận Việt Minh,https://en.wikipedia.org/wiki/Viet_Minh,,,en.wikipedia.org,,check linked image file page before reuse,,,https://en.wikipedia.org/wiki/Viet_Minh,Trang trực tiếp về tổ chức thành lập ngày 19-5-1941.,awaiting_manual_download,,hochiminh.vn|tulieuvankien.dangcongsan.vn|dangcongsan.vn|baotanglichsu.vn|nhandan.vn|qdnd.vn|vietnamplus.vn|luutru.gov.vn,,,,,,True,False
102,thanh-lap-mat-tran-viet-nam-doc-lap-dong-minh-viet-minh,Thành lập Mặt trận Việt Nam Độc lập Đồng minh (Mặt trận Việt Minh),19-5-1941,atomic,revolutionary,by_event/thanh-lap-mat-tran-viet-nam-doc-lap-dong-minh-viet-minh,2,gallery,image_02.<đúng-đuôi-file>,direct,high,Pác Bó,https://en.wikipedia.org/wiki/P%C3%A1c_B%C3%B3,,,en.wikipedia.org,,check linked image file page before reuse,,,https://en.wikipedia.org/wiki/P%C3%A1c_B%C3%B3,Địa điểm thành lập và đặt căn cứ đầu tiên của Việt Minh.,awaiting_manual_download,,hochiminh.vn|tulieuvankien.dangcongsan.vn|dangcongsan.vn|baotanglichsu.vn|nhandan.vn|qdnd.vn|vietnamplus.vn|luutru.gov.vn,,,,,,True,False
103,thanh-lap-tieu-doi-du-kich-thoat-li-dau-tien-o-cao-bang,Thành lập Tiểu đội du kích thoát li đầu tiên ở Cao Bằng,Tháng 11 – 1941,atomic,revolutionary,by_event/thanh-lap-tieu-doi-du-kich-thoat-li-dau-tien-o-cao-bang,1,thumbnail,image_01.<đúng-đuôi-file>,strong_contextual,high,Cao Bằng — căn cứ Việt Minh,https://en.wikipedia.org/wiki/P%C3%A1c_B%C3%B3,,,en.wikipedia.org,,check linked image file page before reuse,,,https://en.wikipedia.org/wiki/P%C3%A1c_B%C3%B3,Pác Bó/Cao Bằng là căn cứ trực tiếp của lực lượng vũ trang cách mạng đầu tiên.,awaiting_manual_download,,hochiminh.vn|tulieuvankien.dangcongsan.vn|dangcongsan.vn|baotanglichsu.vn|nhandan.vn|qdnd.vn|vietnamplus.vn|luutru.gov.vn,,,,,,True,False
103,thanh-lap-tieu-doi-du-kich-thoat-li-dau-tien-o-cao-bang,Thành lập Tiểu đội du kích thoát li đầu tiên ở Cao Bằng,Tháng 11 – 1941,atomic,revolutionary,by_event/thanh-lap-tieu-doi-du-kich-thoat-li-dau-tien-o-cao-bang,2,gallery,image_02.<đúng-đuôi-file>,direct,medium,Cứu quốc quân và các lực lượng vũ trang Việt Minh,https://en.wikipedia.org/wiki/Political_organizations_and_armed_forces_in_Vietnam,,,en.wikipedia.org,,check linked image file page before reuse,,,https://en.wikipedia.org/wiki/Political_organizations_and_armed_forces_in_Vietnam,Trang liệt kê Cứu quốc quân và các lực lượng vũ trang tiền thân; chọn ảnh đơn vị/chiến sĩ trực tiếp nếu có.,awaiting_manual_download,,hochiminh.vn|tulieuvankien.dangcongsan.vn|dangcongsan.vn|baotanglichsu.vn|nhandan.vn|qdnd.vn|vietnamplus.vn|luutru.gov.vn,,,,,,True,False
104,ho-chi-minh-di-trung-quoc-phoi-hop-chong-nhat,Hồ Chí Minh đi Trung Quốc để tìm cách phối hợp hành động với phong trào chống Nhật và các lực lượng Đồng minh,Tháng 8 – 1942,atomic,revolutionary,by_event/ho-chi-minh-di-trung-quoc-phoi-hop-chong-nhat,1,thumbnail,image_01.<đúng-đuôi-file>,direct,high,Hồ Chí Minh sang Trung Quốc 1942 và phối hợp chống Nhật,https://en.wikipedia.org/wiki/Ho_Chi_Minh#Viet_Minh_movement,,,en.wikipedia.org,,check linked image file page before reuse,,,https://en.wikipedia.org/wiki/Ho_Chi_Minh#Viet_Minh_movement,"Trang mô tả hoạt động ở Trung Quốc, quan hệ với lực lượng chống Nhật và Đồng minh.",awaiting_manual_download,,hochiminh.vn|tulieuvankien.dangcongsan.vn|dangcongsan.vn|baotanglichsu.vn|nhandan.vn|qdnd.vn|vietnamplus.vn|luutru.gov.vn,,,,,,True,False
104,ho-chi-minh-di-trung-quoc-phoi-hop-chong-nhat,Hồ Chí Minh đi Trung Quốc để tìm cách phối hợp hành động với phong trào chống Nhật và các lực lượng Đồng minh,Tháng 8 – 1942,atomic,revolutionary,by_event/ho-chi-minh-di-trung-quoc-phoi-hop-chong-nhat,2,gallery,image_02.<đúng-đuôi-file>,strong_contextual,medium,Chiến tranh Trung–Nhật và mặt trận chống Nhật,https://en.wikipedia.org/wiki/Second_Sino-Japanese_War,,,en.wikipedia.org,,check linked image file page before reuse,,,https://en.wikipedia.org/wiki/Second_Sino-Japanese_War,Bối cảnh trực tiếp của việc Hồ Chí Minh tìm cách phối hợp chống Nhật; không dùng ảnh chiến sự chung chung nếu không gắn với hoạt động của ông.,awaiting_manual_download,,hochiminh.vn|tulieuvankien.dangcongsan.vn|dangcongsan.vn|baotanglichsu.vn|nhandan.vn|qdnd.vn|vietnamplus.vn|luutru.gov.vn,,,,,,True,False
105,ho-chi-minh-sang-trung-quoc-1942,"Nguyễn Ái Quốc lấy tên là Hồ Chí Minh, sang Trung Quốc",Tháng 8 – 1942,atomic,revolutionary,by_event/ho-chi-minh-sang-trung-quoc-1942,1,thumbnail,image_01.<đúng-đuôi-file>,direct,high,Hồ Chí Minh — tên mới và chuyến sang Trung Quốc năm 1942,https://en.wikipedia.org/wiki/Ho_Chi_Minh#Viet_Minh_movement,,,en.wikipedia.org,,check linked image file page before reuse,,,https://en.wikipedia.org/wiki/Ho_Chi_Minh#Viet_Minh_movement,Trang mô tả giai đoạn bị bắt ở Trung Quốc và bắt đầu sử dụng tên Hồ Chí Minh.,awaiting_manual_download,,hochiminh.vn|tulieuvankien.dangcongsan.vn|dangcongsan.vn|baotanglichsu.vn|nhandan.vn|qdnd.vn|vietnamplus.vn|luutru.gov.vn,,,,,,True,False
105,ho-chi-minh-sang-trung-quoc-1942,"Nguyễn Ái Quốc lấy tên là Hồ Chí Minh, sang Trung Quốc",Tháng 8 – 1942,atomic,revolutionary,by_event/ho-chi-minh-sang-trung-quoc-1942,2,gallery,image_02.<đúng-đuôi-file>,direct,high,Nhật ký trong tù,https://en.wikipedia.org/wiki/Prison_Diary,,,en.wikipedia.org,,check linked image file page before reuse,,,https://en.wikipedia.org/wiki/Prison_Diary,Tác phẩm gắn trực tiếp với thời gian Hồ Chí Minh bị giam ở Trung Quốc 1942–1943.,awaiting_manual_download,,hochiminh.vn|tulieuvankien.dangcongsan.vn|dangcongsan.vn|baotanglichsu.vn|nhandan.vn|qdnd.vn|vietnamplus.vn|luutru.gov.vn,,,,,,True,False
106,ho-chi-minh-tro-ve-nuoc-1944,Hồ Chí Minh trở về nước tiếp tục lãnh đạo cách mạng,Tháng 9 – 1944,atomic,revolutionary,by_event/ho-chi-minh-tro-ve-nuoc-1944,1,thumbnail,image_01.<đúng-đuôi-file>,direct,high,Hồ Chí Minh trở về Việt Nam năm 1944,https://en.wikipedia.org/wiki/Ho_Chi_Minh#Viet_Minh_movement,,,en.wikipedia.org,,check linked image file page before reuse,,,https://en.wikipedia.org/wiki/Ho_Chi_Minh#Viet_Minh_movement,Trang mô tả việc trở lại Việt Nam sau khi được thả khỏi nhà tù Trung Quốc.,awaiting_manual_download,,hochiminh.vn|tulieuvankien.dangcongsan.vn|dangcongsan.vn|baotanglichsu.vn|nhandan.vn|qdnd.vn|vietnamplus.vn|luutru.gov.vn,,,,,,True,False
106,ho-chi-minh-tro-ve-nuoc-1944,Hồ Chí Minh trở về nước tiếp tục lãnh đạo cách mạng,Tháng 9 – 1944,atomic,revolutionary,by_event/ho-chi-minh-tro-ve-nuoc-1944,2,gallery,image_02.<đúng-đuôi-file>,strong_contextual,high,Pác Bó / căn cứ Cao Bằng,https://en.wikipedia.org/wiki/P%C3%A1c_B%C3%B3,,,en.wikipedia.org,,check linked image file page before reuse,,,https://en.wikipedia.org/wiki/P%C3%A1c_B%C3%B3,Căn cứ gắn với hoạt động lãnh đạo cách mạng sau khi Hồ Chí Minh trở về.,awaiting_manual_download,,hochiminh.vn|tulieuvankien.dangcongsan.vn|dangcongsan.vn|baotanglichsu.vn|nhandan.vn|qdnd.vn|vietnamplus.vn|luutru.gov.vn,,,,,,True,False
107,chi-thi-thanh-lap-doi-viet-nam-tuyen-truyen-giai-phong-quan,Chỉ thị thành lập Đội Việt Nam Tuyên truyền Giải phóng quân,22 – 12 – 1944,atomic,revolutionary,by_event/chi-thi-thanh-lap-doi-viet-nam-tuyen-truyen-giai-phong-quan,1,thumbnail,image_01.<đúng-đuôi-file>,direct,high,Đội Việt Nam Tuyên truyền Giải phóng quân,https://en.wikipedia.org/wiki/People%27s_Army_of_Vietnam#Establishment,,,en.wikipedia.org,,check linked image file page before reuse,,,https://en.wikipedia.org/wiki/People%27s_Army_of_Vietnam#Establishment,Trang mô tả việc thành lập ngày 22-12-1944 theo chỉ thị của Hồ Chí Minh.,awaiting_manual_download,,hochiminh.vn|tulieuvankien.dangcongsan.vn|dangcongsan.vn|baotanglichsu.vn|nhandan.vn|qdnd.vn|vietnamplus.vn|luutru.gov.vn,,,,,,True,False
107,chi-thi-thanh-lap-doi-viet-nam-tuyen-truyen-giai-phong-quan,Chỉ thị thành lập Đội Việt Nam Tuyên truyền Giải phóng quân,22 – 12 – 1944,atomic,revolutionary,by_event/chi-thi-thanh-lap-doi-viet-nam-tuyen-truyen-giai-phong-quan,2,gallery,image_02.<đúng-đuôi-file>,direct,high,Võ Nguyên Giáp,https://en.wikipedia.org/wiki/V%C3%B5_Nguy%C3%AAn_Gi%C3%A1p,,,en.wikipedia.org,,check linked image file page before reuse,,,https://en.wikipedia.org/wiki/V%C3%B5_Nguy%C3%AAn_Gi%C3%A1p,Người được giao tổ chức và chỉ huy đội quân đầu tiên.,awaiting_manual_download,,hochiminh.vn|tulieuvankien.dangcongsan.vn|dangcongsan.vn|baotanglichsu.vn|nhandan.vn|qdnd.vn|vietnamplus.vn|luutru.gov.vn,,,,,,True,False
108,ho-chi-minh-sang-con-minh-tim-su-ung-ho-quoc-te,Hồ Chí Minh sang Côn Minh (Trung Quốc) tìm kiếm sự ủng hộ quốc tế,Tháng 2-1945,atomic,revolutionary,by_event/ho-chi-minh-sang-con-minh-tim-su-ung-ho-quoc-te,1,thumbnail,image_01.<đúng-đuôi-file>,direct,high,Hồ Chí Minh và OSS / Đồng minh năm 1945,https://en.wikipedia.org/wiki/Ho_Chi_Minh#Viet_Minh_movement,,,en.wikipedia.org,,check linked image file page before reuse,,,https://en.wikipedia.org/wiki/Ho_Chi_Minh#Viet_Minh_movement,Trang mô tả việc Hồ Chí Minh tiếp xúc OSS và tìm kiếm liên lạc với Đồng minh.,awaiting_manual_download,,hochiminh.vn|tulieuvankien.dangcongsan.vn|dangcongsan.vn|baotanglichsu.vn|nhandan.vn|qdnd.vn|vietnamplus.vn|luutru.gov.vn,,,,,,True,False
108,ho-chi-minh-sang-con-minh-tim-su-ung-ho-quoc-te,Hồ Chí Minh sang Côn Minh (Trung Quốc) tìm kiếm sự ủng hộ quốc tế,Tháng 2-1945,atomic,revolutionary,by_event/ho-chi-minh-sang-con-minh-tim-su-ung-ho-quoc-te,2,gallery,image_02.<đúng-đuôi-file>,direct,high,Deer Team / OSS ở Việt Nam,https://en.wikipedia.org/wiki/Deer_Team,,,en.wikipedia.org,,check linked image file page before reuse,,,https://en.wikipedia.org/wiki/Deer_Team,Đơn vị OSS hợp tác với Việt Minh; phù hợp minh họa kết quả của quá trình vận động quốc tế.,awaiting_manual_download,,hochiminh.vn|tulieuvankien.dangcongsan.vn|dangcongsan.vn|baotanglichsu.vn|nhandan.vn|qdnd.vn|vietnamplus.vn|luutru.gov.vn,,,,,,True,False
109,cao-trao-khang-nhat-cuu-nuoc,"Cao trào kháng Nhật, cứu nước",Từ tháng 3 đến tháng 8 – 1945,atomic,revolutionary,by_event/cao-trao-khang-nhat-cuu-nuoc,1,thumbnail,image_01.<đúng-đuôi-file>,direct,high,Cao trào kháng Nhật cứu nước — Việt Minh,https://en.wikipedia.org/wiki/Viet_Minh#World_War_II,,,en.wikipedia.org,,check linked image file page before reuse,,,https://en.wikipedia.org/wiki/Viet_Minh#World_War_II,"Trang mô tả hoạt động chống Nhật, mở rộng lực lượng và giành chính quyền trước Cách mạng tháng Tám.",awaiting_manual_download,,hochiminh.vn|tulieuvankien.dangcongsan.vn|dangcongsan.vn|baotanglichsu.vn|nhandan.vn|qdnd.vn|vietnamplus.vn|luutru.gov.vn,,,,,,True,False
109,cao-trao-khang-nhat-cuu-nuoc,"Cao trào kháng Nhật, cứu nước",Từ tháng 3 đến tháng 8 – 1945,atomic,revolutionary,by_event/cao-trao-khang-nhat-cuu-nuoc,2,gallery,image_02.<đúng-đuôi-file>,direct,high,Nhật đảo chính Pháp ở Đông Dương 9-3-1945,https://en.wikipedia.org/wiki/Japanese_coup_d%27%C3%A9tat_in_French_Indochina,,,en.wikipedia.org,,check linked image file page before reuse,,,https://en.wikipedia.org/wiki/Japanese_coup_d%27%C3%A9tat_in_French_Indochina,Biến cố trực tiếp mở đầu cao trào kháng Nhật cứu nước.,awaiting_manual_download,,hochiminh.vn|tulieuvankien.dangcongsan.vn|dangcongsan.vn|baotanglichsu.vn|nhandan.vn|qdnd.vn|vietnamplus.vn|luutru.gov.vn,,,,,,True,False
110,viet-minh-hop-tac-oss-1945,Việt Minh hợp tác với Cơ quan Tình báo chiến lược Mỹ (OSS),Cuối tháng 4 – 1945,atomic,revolutionary,by_event/viet-minh-hop-tac-oss-1945,1,thumbnail,image_01.<đúng-đuôi-file>,direct,high,OSS Deer Team,https://en.wikipedia.org/wiki/OSS_Deer_Team,,,en.wikipedia.org,,check linked image file page before reuse,,,https://en.wikipedia.org/wiki/OSS_Deer_Team,"Đơn vị OSS trực tiếp huấn luyện, hỗ trợ y tế và hậu cần cho Việt Minh năm 1945.",awaiting_manual_download,,hochiminh.vn|tulieuvankien.dangcongsan.vn|dangcongsan.vn|baotanglichsu.vn|nhandan.vn|qdnd.vn|vietnamplus.vn|luutru.gov.vn,,,,,,True,False
110,viet-minh-hop-tac-oss-1945,Việt Minh hợp tác với Cơ quan Tình báo chiến lược Mỹ (OSS),Cuối tháng 4 – 1945,atomic,revolutionary,by_event/viet-minh-hop-tac-oss-1945,2,gallery,image_02.<đúng-đuôi-file>,direct,high,Việt Minh và OSS trong Cách mạng tháng Tám,https://en.wikipedia.org/wiki/August_Revolution#Preparation_and_supply,,,en.wikipedia.org,,check linked image file page before reuse,,,https://en.wikipedia.org/wiki/August_Revolution#Preparation_and_supply,Phần có tư liệu về hợp tác Việt Minh–OSS trước Tổng khởi nghĩa.,awaiting_manual_download,,hochiminh.vn|tulieuvankien.dangcongsan.vn|dangcongsan.vn|baotanglichsu.vn|nhandan.vn|qdnd.vn|vietnamplus.vn|luutru.gov.vn,,,,,,True,False
111,hoi-nghi-pot-xdam,Hội nghị Pốt-xđam,Từ ngày 17-7 – 1945 đến ngày 2 – 8 – 1945,atomic,revolutionary,by_event/hoi-nghi-pot-xdam,1,thumbnail,image_01.<đúng-đuôi-file>,direct,high,Hội nghị Potsdam,https://en.wikipedia.org/wiki/Potsdam_Conference,,,en.wikipedia.org,,check linked image file page before reuse,,,https://en.wikipedia.org/wiki/Potsdam_Conference,Trang trực tiếp về hội nghị từ 17-7 đến 2-8-1945.,awaiting_manual_download,,hochiminh.vn|tulieuvankien.dangcongsan.vn|dangcongsan.vn|baotanglichsu.vn|nhandan.vn|qdnd.vn|vietnamplus.vn|luutru.gov.vn,,,,,,True,False
111,hoi-nghi-pot-xdam,Hội nghị Pốt-xđam,Từ ngày 17-7 – 1945 đến ngày 2 – 8 – 1945,atomic,revolutionary,by_event/hoi-nghi-pot-xdam,2,gallery,image_02.<đúng-đuôi-file>,direct,high,Cecilienhof — địa điểm Hội nghị Potsdam,https://en.wikipedia.org/wiki/Cecilienhof,,,en.wikipedia.org,,check linked image file page before reuse,,,https://en.wikipedia.org/wiki/Cecilienhof,"Cung điện nơi diễn ra hội nghị, có ảnh phòng họp và địa điểm lịch sử.",awaiting_manual_download,,hochiminh.vn|tulieuvankien.dangcongsan.vn|dangcongsan.vn|baotanglichsu.vn|nhandan.vn|qdnd.vn|vietnamplus.vn|luutru.gov.vn,,,,,,True,False
112,uy-ban-khoi-nghia-ban-bo-quan-lenh-so-1,"Trung ương Đảng và Tổng bộ Việt Minh thành lập Uỷ ban Khởi nghĩa toàn quốc, ban bố Quân lệnh số 1",Ngày 13-8-1945,atomic,revolutionary,by_event/uy-ban-khoi-nghia-ban-bo-quan-lenh-so-1,1,thumbnail,image_01.<đúng-đuôi-file>,direct,high,Ủy ban Khởi nghĩa toàn quốc và Quân lệnh số 1,https://en.wikipedia.org/wiki/August_Revolution#August_Revolution,,,en.wikipedia.org,,check linked image file page before reuse,,,https://en.wikipedia.org/wiki/August_Revolution#August_Revolution,Trang ghi trực tiếp việc thành lập Ủy ban ngày 13-8-1945 và ban bố Military Order No. 1.,awaiting_manual_download_candidate_independence_review,CANDIDATE GATE: the two candidate leads are not fully independent; choose distinct concrete media files during manual download.,hochiminh.vn|tulieuvankien.dangcongsan.vn|dangcongsan.vn|baotanglichsu.vn|nhandan.vn|qdnd.vn|vietnamplus.vn|luutru.gov.vn,awaiting_manual_download_candidate_independence_review,P1,candidate_independence,Hai slot cùng trang nguồn cơ sở: https://en.wikipedia.org/wiki/August_Revolution#August_Revolution | https://en.wikipedia.org/wiki/August_Revolution#Preparation_and_supply,Thay ít nhất một slot bằng nguồn/trang độc lập; riêng event 120 hiện hai slot dùng đúng cùng URL.,True,True
112,uy-ban-khoi-nghia-ban-bo-quan-lenh-so-1,"Trung ương Đảng và Tổng bộ Việt Minh thành lập Uỷ ban Khởi nghĩa toàn quốc, ban bố Quân lệnh số 1",Ngày 13-8-1945,atomic,revolutionary,by_event/uy-ban-khoi-nghia-ban-bo-quan-lenh-so-1,2,gallery,image_02.<đúng-đuôi-file>,direct,high,Cách mạng tháng Tám — chuẩn bị tổng khởi nghĩa,https://en.wikipedia.org/wiki/August_Revolution#Preparation_and_supply,,,en.wikipedia.org,,check linked image file page before reuse,,,https://en.wikipedia.org/wiki/August_Revolution#Preparation_and_supply,Phần có bối cảnh trực tiếp của quyết định phát động tổng khởi nghĩa.,awaiting_manual_download_candidate_independence_review,CANDIDATE GATE: the two candidate leads are not fully independent; choose distinct concrete media files during manual download.,hochiminh.vn|tulieuvankien.dangcongsan.vn|dangcongsan.vn|baotanglichsu.vn|nhandan.vn|qdnd.vn|vietnamplus.vn|luutru.gov.vn,awaiting_manual_download_candidate_independence_review,P1,candidate_independence,Hai slot cùng trang nguồn cơ sở: https://en.wikipedia.org/wiki/August_Revolution#August_Revolution | https://en.wikipedia.org/wiki/August_Revolution#Preparation_and_supply,Thay ít nhất một slot bằng nguồn/trang độc lập; riêng event 120 hiện hai slot dùng đúng cùng URL.,True,True
113,cach-mang-thang-tam-nam-1945,Cách mạng tháng Tám năm 1945,Tháng 8 – 9 năm 1945,collection,revolutionary,by_event/cach-mang-thang-tam-nam-1945,1,thumbnail,image_01.<đúng-đuôi-file>,direct,high,Cách mạng tháng Tám năm 1945,https://en.wikipedia.org/wiki/August_Revolution,,,en.wikipedia.org,,check linked image file page before reuse,,,https://en.wikipedia.org/wiki/August_Revolution,"Trang trực tiếp về cuộc cách mạng, có ảnh chiếm Bắc Bộ phủ.",awaiting_manual_download,,hochiminh.vn|tulieuvankien.dangcongsan.vn|dangcongsan.vn|baotanglichsu.vn|nhandan.vn|qdnd.vn|vietnamplus.vn|luutru.gov.vn,,,,,,True,False
113,cach-mang-thang-tam-nam-1945,Cách mạng tháng Tám năm 1945,Tháng 8 – 9 năm 1945,collection,revolutionary,by_event/cach-mang-thang-tam-nam-1945,2,gallery,image_02.<đúng-đuôi-file>,direct,high,Tuyên ngôn Độc lập 1945,https://en.wikipedia.org/wiki/Declaration_of_independence_of_the_Democratic_Republic_of_Vietnam,,,en.wikipedia.org,,check linked image file page before reuse,,,https://en.wikipedia.org/wiki/Declaration_of_independence_of_the_Democratic_Republic_of_Vietnam,Kết quả trực tiếp của Cách mạng tháng Tám; trang có bản chụp văn kiện.,awaiting_manual_download,,hochiminh.vn|tulieuvankien.dangcongsan.vn|dangcongsan.vn|baotanglichsu.vn|nhandan.vn|qdnd.vn|vietnamplus.vn|luutru.gov.vn,,,,,,True,False
114,hoi-nghi-toan-quoc-cua-dang-cong-san-dong-duong-1945,Hội nghị toàn quốc của Đảng Cộng sản Đông Dương,Từ ngày 14 đến ngày 15-8-1945,atomic,revolutionary,by_event/hoi-nghi-toan-quoc-cua-dang-cong-san-dong-duong-1945,1,thumbnail,image_01.<đúng-đuôi-file>,direct,high,Hội nghị toàn quốc của Đảng tại Tân Trào,https://en.wikipedia.org/wiki/August_Revolution#August_Revolution,,,en.wikipedia.org,,check linked image file page before reuse,,,https://en.wikipedia.org/wiki/August_Revolution#August_Revolution,Trang ghi hội nghị Đảng mở ngày 14-8-1945 tại Tân Trào và quyết định tổng khởi nghĩa.,awaiting_manual_download,,hochiminh.vn|tulieuvankien.dangcongsan.vn|dangcongsan.vn|baotanglichsu.vn|nhandan.vn|qdnd.vn|vietnamplus.vn|luutru.gov.vn,,,,,,True,False
114,hoi-nghi-toan-quoc-cua-dang-cong-san-dong-duong-1945,Hội nghị toàn quốc của Đảng Cộng sản Đông Dương,Từ ngày 14 đến ngày 15-8-1945,atomic,revolutionary,by_event/hoi-nghi-toan-quoc-cua-dang-cong-san-dong-duong-1945,2,gallery,image_02.<đúng-đuôi-file>,direct,high,Tân Trào,https://en.wikipedia.org/wiki/T%C3%A2n_Tr%C3%A0o,,,en.wikipedia.org,,check linked image file page before reuse,,,https://en.wikipedia.org/wiki/T%C3%A2n_Tr%C3%A0o,Địa điểm trực tiếp của hội nghị; chọn ảnh đình Tân Trào hoặc di tích liên quan.,awaiting_manual_download,,hochiminh.vn|tulieuvankien.dangcongsan.vn|dangcongsan.vn|baotanglichsu.vn|nhandan.vn|qdnd.vn|vietnamplus.vn|luutru.gov.vn,,,,,,True,False
115,hoi-nghi-toan-quoc-cua-dang-tan-trao,Hội nghị toàn quốc của Đảng họp ở Tân Trào,"Ngày 14, 15-8 – 1945",atomic,revolutionary,by_event/hoi-nghi-toan-quoc-cua-dang-tan-trao,1,thumbnail,image_01.<đúng-đuôi-file>,direct,high,Hội nghị toàn quốc tại Tân Trào,https://en.wikipedia.org/wiki/August_Revolution#August_Revolution,,,en.wikipedia.org,,check linked image file page before reuse,,,https://en.wikipedia.org/wiki/August_Revolution#August_Revolution,Trang ghi trực tiếp hội nghị ngày 14–15-8-1945.,awaiting_manual_download,,hochiminh.vn|tulieuvankien.dangcongsan.vn|dangcongsan.vn|baotanglichsu.vn|nhandan.vn|qdnd.vn|vietnamplus.vn|luutru.gov.vn,,,,,,True,False
115,hoi-nghi-toan-quoc-cua-dang-tan-trao,Hội nghị toàn quốc của Đảng họp ở Tân Trào,"Ngày 14, 15-8 – 1945",atomic,revolutionary,by_event/hoi-nghi-toan-quoc-cua-dang-tan-trao,2,gallery,image_02.<đúng-đuôi-file>,direct,high,Tân Trào,https://en.wikipedia.org/wiki/T%C3%A2n_Tr%C3%A0o,,,en.wikipedia.org,,check linked image file page before reuse,,,https://en.wikipedia.org/wiki/T%C3%A2n_Tr%C3%A0o,"Chọn ảnh địa điểm hội nghị, đình Tân Trào hoặc lán Nà Nưa nếu phù hợp.",awaiting_manual_download,,hochiminh.vn|tulieuvankien.dangcongsan.vn|dangcongsan.vn|baotanglichsu.vn|nhandan.vn|qdnd.vn|vietnamplus.vn|luutru.gov.vn,,,,,,True,False
116,nhat-ban-tuyen-bo-dau-hang-dong-minh,Nhật Bản tuyên bố đầu hàng Đồng minh không điều kiện,Ngày 15 – 8 – 1945,atomic,revolutionary,by_event/nhat-ban-tuyen-bo-dau-hang-dong-minh,1,thumbnail,image_01.<đúng-đuôi-file>,direct,high,Nhật Bản đầu hàng — Gyokuon-hōsō,https://en.wikipedia.org/wiki/Hirohito_surrender_broadcast,,,en.wikipedia.org,,check linked image file page before reuse,,,https://en.wikipedia.org/wiki/Hirohito_surrender_broadcast,Thông báo đầu hàng phát ngày 15-8-1945.,awaiting_manual_download,,hochiminh.vn|tulieuvankien.dangcongsan.vn|dangcongsan.vn|baotanglichsu.vn|nhandan.vn|qdnd.vn|vietnamplus.vn|luutru.gov.vn,,,,,,True,False
116,nhat-ban-tuyen-bo-dau-hang-dong-minh,Nhật Bản tuyên bố đầu hàng Đồng minh không điều kiện,Ngày 15 – 8 – 1945,atomic,revolutionary,by_event/nhat-ban-tuyen-bo-dau-hang-dong-minh,2,gallery,image_02.<đúng-đuôi-file>,direct,high,Surrender of Japan,https://en.wikipedia.org/wiki/Surrender_of_Japan,,,en.wikipedia.org,,check linked image file page before reuse,,,https://en.wikipedia.org/wiki/Surrender_of_Japan,Trang trực tiếp về việc Nhật Bản chấp nhận đầu hàng Đồng minh.,awaiting_manual_download,,hochiminh.vn|tulieuvankien.dangcongsan.vn|dangcongsan.vn|baotanglichsu.vn|nhandan.vn|qdnd.vn|vietnamplus.vn|luutru.gov.vn,,,,,,True,False
117,giai-phong-thi-xa-thai-nguyen,Giải phóng thị xã Thái Nguyên,Chiều ngày 16 – 8 – 1945,atomic,revolutionary,by_event/giai-phong-thi-xa-thai-nguyen,1,thumbnail,image_01.<đúng-đuôi-file>,direct,high,Trận/giải phóng Thái Nguyên tháng 8-1945,https://en.wikipedia.org/wiki/Battle_of_Th%C3%A1i_Nguy%C3%AAn,,,en.wikipedia.org,,check linked image file page before reuse,,,https://en.wikipedia.org/wiki/Battle_of_Th%C3%A1i_Nguy%C3%AAn,Trang trực tiếp về lực lượng Việt Minh vào Thái Nguyên từ ngày 16-8-1945.,awaiting_manual_download,,hochiminh.vn|tulieuvankien.dangcongsan.vn|dangcongsan.vn|baotanglichsu.vn|nhandan.vn|qdnd.vn|vietnamplus.vn|luutru.gov.vn,,,,,,True,False
117,giai-phong-thi-xa-thai-nguyen,Giải phóng thị xã Thái Nguyên,Chiều ngày 16 – 8 – 1945,atomic,revolutionary,by_event/giai-phong-thi-xa-thai-nguyen,2,gallery,image_02.<đúng-đuôi-file>,direct,high,Võ Nguyên Giáp,https://en.wikipedia.org/wiki/V%C3%B5_Nguy%C3%AAn_Gi%C3%A1p,,,en.wikipedia.org,,check linked image file page before reuse,,,https://en.wikipedia.org/wiki/V%C3%B5_Nguy%C3%AAn_Gi%C3%A1p,Người chỉ huy lực lượng tiến về giải phóng Thái Nguyên.,awaiting_manual_download,,hochiminh.vn|tulieuvankien.dangcongsan.vn|dangcongsan.vn|baotanglichsu.vn|nhandan.vn|qdnd.vn|vietnamplus.vn|luutru.gov.vn,,,,,,True,False
118,cac-tinh-gianh-chinh-quyen-som-nhat,"Nhân dân Bắc Giang, Hải Dương, Hà Tĩnh và Quảng Nam giành được chính quyền",Ngày 18-8-1945,atomic,revolutionary,by_event/cac-tinh-gianh-chinh-quyen-som-nhat,1,thumbnail,image_01.<đúng-đuôi-file>,direct,high,Cách mạng tháng Tám — giành chính quyền ở các địa phương,https://en.wikipedia.org/wiki/August_Revolution,,,en.wikipedia.org,,check linked image file page before reuse,,,https://en.wikipedia.org/wiki/August_Revolution,Trang trực tiếp về làn sóng giành chính quyền trên toàn quốc tháng 8-1945.,awaiting_manual_download_candidate_independence_review,CANDIDATE GATE: the two candidate leads are not fully independent; choose distinct concrete media files during manual download.,hochiminh.vn|tulieuvankien.dangcongsan.vn|dangcongsan.vn|baotanglichsu.vn|nhandan.vn|qdnd.vn|vietnamplus.vn|luutru.gov.vn,awaiting_manual_download_candidate_independence_review,P1,candidate_independence,Hai slot cùng trang nguồn cơ sở: https://en.wikipedia.org/wiki/August_Revolution | https://en.wikipedia.org/wiki/August_Revolution#August_Revolution,Thay ít nhất một slot bằng nguồn/trang độc lập; riêng event 120 hiện hai slot dùng đúng cùng URL.,True,True
118,cac-tinh-gianh-chinh-quyen-som-nhat,"Nhân dân Bắc Giang, Hải Dương, Hà Tĩnh và Quảng Nam giành được chính quyền",Ngày 18-8-1945,atomic,revolutionary,by_event/cac-tinh-gianh-chinh-quyen-som-nhat,2,gallery,image_02.<đúng-đuôi-file>,strong_contextual,high,Bản đồ Cách mạng tháng Tám,https://en.wikipedia.org/wiki/August_Revolution#August_Revolution,,,en.wikipedia.org,,check linked image file page before reuse,,,https://en.wikipedia.org/wiki/August_Revolution#August_Revolution,Chọn bản đồ hoặc ảnh các cuộc mít tinh/chiếm công sở ở địa phương nếu có.,awaiting_manual_download_candidate_independence_review,CANDIDATE GATE: the two candidate leads are not fully independent; choose distinct concrete media files during manual download.,hochiminh.vn|tulieuvankien.dangcongsan.vn|dangcongsan.vn|baotanglichsu.vn|nhandan.vn|qdnd.vn|vietnamplus.vn|luutru.gov.vn,awaiting_manual_download_candidate_independence_review,P1,candidate_independence,Hai slot cùng trang nguồn cơ sở: https://en.wikipedia.org/wiki/August_Revolution | https://en.wikipedia.org/wiki/August_Revolution#August_Revolution,Thay ít nhất một slot bằng nguồn/trang độc lập; riêng event 120 hiện hai slot dùng đúng cùng URL.,True,True
119,khoi-nghia-gianh-chinh-quyen-hue,Khởi nghĩa giành chính quyền tại Huế,Ngày 23 – 8,atomic,revolutionary,by_event/khoi-nghia-gianh-chinh-quyen-hue,1,thumbnail,image_01.<đúng-đuôi-file>,direct,high,Khởi nghĩa giành chính quyền tại Huế,https://en.wikipedia.org/wiki/August_Revolution#Events_in_Hu%E1%BA%BF,,,en.wikipedia.org,,check linked image file page before reuse,,,https://en.wikipedia.org/wiki/August_Revolution#Events_in_Hu%E1%BA%BF,Phần mô tả trực tiếp cuộc khởi nghĩa thắng lợi ngày 23-8-1945.,awaiting_manual_download,,hochiminh.vn|tulieuvankien.dangcongsan.vn|dangcongsan.vn|baotanglichsu.vn|nhandan.vn|qdnd.vn|vietnamplus.vn|luutru.gov.vn,,,,,,True,False
119,khoi-nghia-gianh-chinh-quyen-hue,Khởi nghĩa giành chính quyền tại Huế,Ngày 23 – 8,atomic,revolutionary,by_event/khoi-nghia-gianh-chinh-quyen-hue,2,gallery,image_02.<đúng-đuôi-file>,direct,high,Bảo Đại thoái vị,https://en.wikipedia.org/wiki/B%E1%BA%A3o_%C4%90%E1%BA%A1i#Abdication,,,en.wikipedia.org,,check linked image file page before reuse,,,https://en.wikipedia.org/wiki/B%E1%BA%A3o_%C4%90%E1%BA%A1i#Abdication,Sự kiện trực tiếp tiếp nối thắng lợi giành chính quyền tại Huế.,awaiting_manual_download,,hochiminh.vn|tulieuvankien.dangcongsan.vn|dangcongsan.vn|baotanglichsu.vn|nhandan.vn|qdnd.vn|vietnamplus.vn|luutru.gov.vn,,,,,,True,False
120,cac-dia-phuong-cuoi-cung-gianh-chinh-quyen,Đồng Nai Thượng và Hà Tiên là những địa phương cuối cùng giành chính quyền,Đến ngày 28 - 8,atomic,revolutionary,by_event/cac-dia-phuong-cuoi-cung-gianh-chinh-quyen,1,thumbnail,image_01.<đúng-đuôi-file>,direct,high,Cách mạng tháng Tám — kết thúc giành chính quyền toàn quốc,https://en.wikipedia.org/wiki/August_Revolution,,,en.wikipedia.org,,check linked image file page before reuse,,,https://en.wikipedia.org/wiki/August_Revolution,Trang bao quát quá trình đến ngày 28-8-1945.,awaiting_manual_download,,hochiminh.vn|tulieuvankien.dangcongsan.vn|dangcongsan.vn|baotanglichsu.vn|nhandan.vn|qdnd.vn|vietnamplus.vn|luutru.gov.vn,,,,,,True,False
120,cac-dia-phuong-cuoi-cung-gianh-chinh-quyen,Đồng Nai Thượng và Hà Tiên là những địa phương cuối cùng giành chính quyền,Đến ngày 28 - 8,atomic,revolutionary,by_event/cac-dia-phuong-cuoi-cung-gianh-chinh-quyen,2,gallery,image_02.<đúng-đuôi-file>,strong_contextual,medium,Hà Tiên — địa phương cuối cùng giành chính quyền trong Cách mạng tháng Tám,https://en.wikipedia.org/wiki/H%C3%A0_Ti%C3%AAn_province,,,en.wikipedia.org,,"REVIEW REQUIRED: verify the specific media file page, license, attribution, and reuse terms before download or import.",,,https://en.wikipedia.org/wiki/August_Revolution,Nguồn địa phương độc lập thay cho URL trùng. Chỉ dùng ảnh/bản đồ Hà Tiên có chú thích thời kì 1945; không coi ảnh địa phương hiện đại là bằng chứng trực tiếp cho ngày 28-8.,awaiting_manual_download,,hochiminh.vn|tulieuvankien.dangcongsan.vn|dangcongsan.vn|baotanglichsu.vn|nhandan.vn|qdnd.vn|vietnamplus.vn|luutru.gov.vn,,,,,,True,False
121,tong-khoi-nghia-gianh-chinh-quyen,Tổng khởi nghĩa giành chính quyền thắng lợi,Tháng 8 – 1945,atomic,revolutionary,by_event/tong-khoi-nghia-gianh-chinh-quyen,1,thumbnail,image_01.<đúng-đuôi-file>,direct,high,Tổng khởi nghĩa tháng Tám 1945,https://en.wikipedia.org/wiki/August_Revolution,,,en.wikipedia.org,,check linked image file page before reuse,,,https://en.wikipedia.org/wiki/August_Revolution,Trang trực tiếp về tổng khởi nghĩa và thắng lợi trên toàn quốc.,awaiting_manual_download,,hochiminh.vn|tulieuvankien.dangcongsan.vn|dangcongsan.vn|baotanglichsu.vn|nhandan.vn|qdnd.vn|vietnamplus.vn|luutru.gov.vn,,,,,,True,False
121,tong-khoi-nghia-gianh-chinh-quyen,Tổng khởi nghĩa giành chính quyền thắng lợi,Tháng 8 – 1945,atomic,revolutionary,by_event/tong-khoi-nghia-gianh-chinh-quyen,2,gallery,image_02.<đúng-đuôi-file>,direct,high,Ủy ban Dân tộc Giải phóng Việt Nam,https://en.wikipedia.org/wiki/National_Liberation_Committee_of_Vietnam,,,en.wikipedia.org,,check linked image file page before reuse,,,https://en.wikipedia.org/wiki/National_Liberation_Committee_of_Vietnam,Cơ quan lãnh đạo chính trị của cuộc tổng khởi nghĩa.,awaiting_manual_download,,hochiminh.vn|tulieuvankien.dangcongsan.vn|dangcongsan.vn|baotanglichsu.vn|nhandan.vn|qdnd.vn|vietnamplus.vn|luutru.gov.vn,,,,,,True,False
122,phap-xa-sung-sai-gon-cho-lon-1945,Quân Pháp xả súng vào đồng bào Sài Gòn – Chợ Lớn,Ngày 2-9-1945,atomic,war_1945_1975,by_event/phap-xa-sung-sai-gon-cho-lon-1945,1,thumbnail,image_01.<đúng-đuôi-file>,direct,high,Sài Gòn ngày 2-9-1945 — bối cảnh sau Tuyên ngôn Độc lập,https://en.wikipedia.org/wiki/August_Revolution#Events_in_Saigon_following_the_declaration_of_independence,,,en.wikipedia.org,,check linked image file page before reuse,,,https://en.wikipedia.org/wiki/August_Revolution#Events_in_Saigon_following_the_declaration_of_independence,Phần mô tả trực tiếp cuộc mít tinh ở Sài Gòn ngày 2-9-1945 và bạo lực sau đó.,awaiting_manual_download,,btlsqsvn.org.vn|qdnd.vn|nhandan.vn|vietnamplus.vn|hochiminh.vn|baotanglichsu.vn|luutru.gov.vn|loc.gov|archives.gov,,,,,,True,False
122,phap-xa-sung-sai-gon-cho-lon-1945,Quân Pháp xả súng vào đồng bào Sài Gòn – Chợ Lớn,Ngày 2-9-1945,atomic,war_1945_1975,by_event/phap-xa-sung-sai-gon-cho-lon-1945,2,gallery,image_02.<đúng-đuôi-file>,strong_contextual,high,War in southern Vietnam 1945–1946,https://en.wikipedia.org/wiki/War_in_southern_Vietnam_%281945%E2%80%931946%29,,,en.wikipedia.org,,check linked image file page before reuse,,,https://en.wikipedia.org/wiki/War_in_southern_Vietnam_%281945%E2%80%931946%29,Bối cảnh trực tiếp của xung đột Pháp–Việt tại Sài Gòn sau ngày độc lập.,awaiting_manual_download,,btlsqsvn.org.vn|qdnd.vn|nhandan.vn|vietnamplus.vn|hochiminh.vn|baotanglichsu.vn|luutru.gov.vn|loc.gov|archives.gov,,,,,,True,False
123,phap-danh-up-uy-ban-hanh-chinh-nam-bo-1945,Thực dân Pháp đánh úp trụ sở Uỷ ban hành chính Nam Bộ và cơ quan tự vệ thành phố Sài Gòn,"Đêm 22, rạng sáng 23 – 9 – 1945",atomic,war_1945_1975,by_event/phap-danh-up-uy-ban-hanh-chinh-nam-bo-1945,1,thumbnail,image_01.<đúng-đuôi-file>,direct,high,Pháp đảo chính chính quyền Nam Bộ đêm 22–23-9-1945,https://en.wikipedia.org/wiki/War_in_southern_Vietnam_%281945%E2%80%931946%29#Allies_reassert_control_in_Saigon,,,en.wikipedia.org,,check linked image file page before reuse,,,https://en.wikipedia.org/wiki/War_in_southern_Vietnam_%281945%E2%80%931946%29#Allies_reassert_control_in_Saigon,Trang mô tả việc Pháp chiếm lại các vị trí trọng yếu ở Sài Gòn ngày 23-9.,awaiting_manual_download,,btlsqsvn.org.vn|qdnd.vn|nhandan.vn|vietnamplus.vn|hochiminh.vn|baotanglichsu.vn|luutru.gov.vn|loc.gov|archives.gov,,,,,,True,False
123,phap-danh-up-uy-ban-hanh-chinh-nam-bo-1945,Thực dân Pháp đánh úp trụ sở Uỷ ban hành chính Nam Bộ và cơ quan tự vệ thành phố Sài Gòn,"Đêm 22, rạng sáng 23 – 9 – 1945",atomic,war_1945_1975,by_event/phap-danh-up-uy-ban-hanh-chinh-nam-bo-1945,2,gallery,image_02.<đúng-đuôi-file>,direct,high,Operation Masterdom,https://en.wikipedia.org/wiki/Operation_Masterdom,,,en.wikipedia.org,,check linked image file page before reuse,,,https://en.wikipedia.org/wiki/Operation_Masterdom,Chiến dịch dẫn tới việc Pháp tái chiếm Sài Gòn và mở đầu Nam Bộ kháng chiến.,awaiting_manual_download,,btlsqsvn.org.vn|qdnd.vn|nhandan.vn|vietnamplus.vn|hochiminh.vn|baotanglichsu.vn|luutru.gov.vn|loc.gov|archives.gov,,,,,,True,False
124,thanh-lap-uy-ban-khang-chien-nam-bo-1945,Thành lập Uỷ ban kháng chiến Nam Bộ,Ngày 23 - 9 - 1945,atomic,war_1945_1975,by_event/thanh-lap-uy-ban-khang-chien-nam-bo-1945,1,thumbnail,image_01.<đúng-đuôi-file>,direct,high,Ủy ban kháng chiến Nam Bộ,https://en.wikipedia.org/wiki/War_in_southern_Vietnam_%281945%E2%80%931946%29,,,en.wikipedia.org,,check linked image file page before reuse,,,https://en.wikipedia.org/wiki/War_in_southern_Vietnam_%281945%E2%80%931946%29,Trang liệt kê Southern Resistance Committee và lãnh đạo cuộc kháng chiến ở Nam Bộ.,awaiting_manual_download,,btlsqsvn.org.vn|qdnd.vn|nhandan.vn|vietnamplus.vn|hochiminh.vn|baotanglichsu.vn|luutru.gov.vn|loc.gov|archives.gov,,,,,,True,False
124,thanh-lap-uy-ban-khang-chien-nam-bo-1945,Thành lập Uỷ ban kháng chiến Nam Bộ,Ngày 23 - 9 - 1945,atomic,war_1945_1975,by_event/thanh-lap-uy-ban-khang-chien-nam-bo-1945,2,gallery,image_02.<đúng-đuôi-file>,direct,high,Trần Văn Giàu,https://en.wikipedia.org/wiki/Tr%E1%BA%A7n_V%C4%83n_Gi%C3%A0u,,,en.wikipedia.org,,check linked image file page before reuse,,,https://en.wikipedia.org/wiki/Tr%E1%BA%A7n_V%C4%83n_Gi%C3%A0u,Nhân vật chủ chốt trong chính quyền và kháng chiến Nam Bộ năm 1945.,awaiting_manual_download,,btlsqsvn.org.vn|qdnd.vn|nhandan.vn|vietnamplus.vn|hochiminh.vn|baotanglichsu.vn|luutru.gov.vn|loc.gov|archives.gov,,,,,,True,False
125,ho-chi-minh-gui-thu-toi-chu-tich-hoi-dong-lien-hop-quoc,Chủ tịch Hồ Chí Minh gửi thư tới Chủ tịch Hội đồng Liên hợp quốc và nguyên thủ các nước lớn,Sau Cách mạng tháng Tám thành công (1945),atomic,diplomacy,by_event/ho-chi-minh-gui-thu-toi-chu-tich-hoi-dong-lien-hop-quoc,1,thumbnail,image_01.<đúng-đuôi-file>,direct,medium,Hồ Chí Minh gửi thư tìm kiếm công nhận quốc tế,https://en.wikipedia.org/wiki/Ho_Chi_Minh#Viet_Minh_movement,,,en.wikipedia.org,,check linked image file page before reuse,,,https://en.wikipedia.org/wiki/Ho_Chi_Minh#Viet_Minh_movement,Trang mô tả nhiều kiến nghị và thư của Hồ Chí Minh tới các cường quốc nhằm tìm kiếm ủng hộ độc lập.,awaiting_manual_download,,mofa.gov.vn|chinhphu.vn|vietnamplus.vn|nhandan.vn|un.org|asean.org|apec.org|europa.eu,,,,,,True,False
125,ho-chi-minh-gui-thu-toi-chu-tich-hoi-dong-lien-hop-quoc,Chủ tịch Hồ Chí Minh gửi thư tới Chủ tịch Hội đồng Liên hợp quốc và nguyên thủ các nước lớn,Sau Cách mạng tháng Tám thành công (1945),atomic,diplomacy,by_event/ho-chi-minh-gui-thu-toi-chu-tich-hoi-dong-lien-hop-quoc,2,gallery,image_02.<đúng-đuôi-file>,strong_contextual,high,Việt Nam Dân chủ Cộng hòa sau Tuyên ngôn Độc lập,https://en.wikipedia.org/wiki/Declaration_of_independence_of_the_Democratic_Republic_of_Vietnam,,,en.wikipedia.org,,check linked image file page before reuse,,,https://en.wikipedia.org/wiki/Declaration_of_independence_of_the_Democratic_Republic_of_Vietnam,Bối cảnh trực tiếp của các thư ngoại giao gửi Liên hợp quốc và các nước lớn.,awaiting_manual_download,,mofa.gov.vn|chinhphu.vn|vietnamplus.vn|nhandan.vn|un.org|asean.org|apec.org|europa.eu,,,,,,True,False
126,ho-chi-minh-keu-goi-nhuong-com-se-ao-tang-gia-san-xuat,Chủ tịch Hồ Chí Minh kêu gọi nhân dân cả nước “Nhường cơm sẻ áo” và “Tăng gia sản xuất”,Những năm 1945 – 1946,atomic,revolutionary,by_event/ho-chi-minh-keu-goi-nhuong-com-se-ao-tang-gia-san-xuat,1,thumbnail,image_01.<đúng-đuôi-file>,direct,high,Nạn đói 1944–1945,https://en.wikipedia.org/wiki/Vietnamese_famine_of_1944%E2%80%931945,,,en.wikipedia.org,,check linked image file page before reuse,,,https://en.wikipedia.org/wiki/Vietnamese_famine_of_1944%E2%80%931945,Bối cảnh trực tiếp của lời kêu gọi nhường cơm sẻ áo và tăng gia sản xuất.,awaiting_manual_download,,hochiminh.vn|tulieuvankien.dangcongsan.vn|dangcongsan.vn|baotanglichsu.vn|nhandan.vn|qdnd.vn|vietnamplus.vn|luutru.gov.vn,,,,,,True,False
126,ho-chi-minh-keu-goi-nhuong-com-se-ao-tang-gia-san-xuat,Chủ tịch Hồ Chí Minh kêu gọi nhân dân cả nước “Nhường cơm sẻ áo” và “Tăng gia sản xuất”,Những năm 1945 – 1946,atomic,revolutionary,by_event/ho-chi-minh-keu-goi-nhuong-com-se-ao-tang-gia-san-xuat,2,gallery,image_02.<đúng-đuôi-file>,direct,medium,Hồ Chí Minh,https://en.wikipedia.org/wiki/Ho_Chi_Minh,,,en.wikipedia.org,,check linked image file page before reuse,,,https://en.wikipedia.org/wiki/Ho_Chi_Minh,Nhân vật trực tiếp phát động các lời kêu gọi cứu đói và sản xuất.,awaiting_manual_download,,hochiminh.vn|tulieuvankien.dangcongsan.vn|dangcongsan.vn|baotanglichsu.vn|nhandan.vn|qdnd.vn|vietnamplus.vn|luutru.gov.vn,,,,,,True,False
127,ho-chi-minh-ki-sac-lenh-thanh-lap-nha-binh-dan-hoc-vu-va-quy-doc-lap,"Chủ tịch Hồ Chí Minh kí sắc lệnh thành lập Nha Bình dân học vụ và thành lập Quỹ Độc lập, kêu gọi hưởng ứng Tuần lễ vàng",Những năm 1945 – 1946,atomic,revolutionary,by_event/ho-chi-minh-ki-sac-lenh-thanh-lap-nha-binh-dan-hoc-vu-va-quy-doc-lap,1,thumbnail,image_01.<đúng-đuôi-file>,direct,high,Bình dân học vụ,https://en.wikipedia.org/wiki/B%C3%ACnh_d%C3%A2n_h%E1%BB%8Dc_v%E1%BB%A5,,,en.wikipedia.org,,check linked image file page before reuse,,,https://en.wikipedia.org/wiki/B%C3%ACnh_d%C3%A2n_h%E1%BB%8Dc_v%E1%BB%A5,Chương trình xóa nạn mù chữ được thành lập sau Cách mạng tháng Tám.,awaiting_manual_download,,hochiminh.vn|tulieuvankien.dangcongsan.vn|dangcongsan.vn|baotanglichsu.vn|nhandan.vn|qdnd.vn|vietnamplus.vn|luutru.gov.vn,,,,,,True,False
127,ho-chi-minh-ki-sac-lenh-thanh-lap-nha-binh-dan-hoc-vu-va-quy-doc-lap,"Chủ tịch Hồ Chí Minh kí sắc lệnh thành lập Nha Bình dân học vụ và thành lập Quỹ Độc lập, kêu gọi hưởng ứng Tuần lễ vàng",Những năm 1945 – 1946,atomic,revolutionary,by_event/ho-chi-minh-ki-sac-lenh-thanh-lap-nha-binh-dan-hoc-vu-va-quy-doc-lap,2,gallery,image_02.<đúng-đuôi-file>,strong_contextual,medium,Tuần lễ Vàng / Quỹ Độc lập — chính quyền Việt Nam Dân chủ Cộng hòa,https://en.wikipedia.org/wiki/Democratic_Republic_of_Vietnam,,,en.wikipedia.org,,check linked image file page before reuse,,,https://en.wikipedia.org/wiki/Democratic_Republic_of_Vietnam,"Chọn ảnh tiền, vàng quyên góp hoặc chính quyền non trẻ nếu có; tránh ảnh kinh tế chung chung.",awaiting_manual_download,,hochiminh.vn|tulieuvankien.dangcongsan.vn|dangcongsan.vn|baotanglichsu.vn|nhandan.vn|qdnd.vn|vietnamplus.vn|luutru.gov.vn,,,,,,True,False
128,hoat-dong-doi-ngoai-cua-vndcch-voi-trung-hoa-dan-quoc,Hoạt động đối ngoại của Việt Nam Dân chủ Cộng hoà với Trung Hoa Dân quốc,Khoảng năm 1945,atomic,revolutionary,by_event/hoat-dong-doi-ngoai-cua-vndcch-voi-trung-hoa-dan-quoc,1,thumbnail,image_01.<đúng-đuôi-file>,direct,high,Quan hệ Việt Nam Dân chủ Cộng hòa với Trung Hoa Dân quốc 1945–1946,https://en.wikipedia.org/wiki/Chinese_occupation_of_northern_Vietnam%2C_1945%E2%80%931946,,,en.wikipedia.org,,check linked image file page before reuse,,,https://en.wikipedia.org/wiki/Chinese_occupation_of_northern_Vietnam%2C_1945%E2%80%931946,"Trang trực tiếp về quan hệ, xung đột và thương lượng với lực lượng Trung Hoa Dân quốc.",awaiting_manual_download,,hochiminh.vn|tulieuvankien.dangcongsan.vn|dangcongsan.vn|baotanglichsu.vn|nhandan.vn|qdnd.vn|vietnamplus.vn|luutru.gov.vn,,,,,,True,False
128,hoat-dong-doi-ngoai-cua-vndcch-voi-trung-hoa-dan-quoc,Hoạt động đối ngoại của Việt Nam Dân chủ Cộng hoà với Trung Hoa Dân quốc,Khoảng năm 1945,atomic,revolutionary,by_event/hoat-dong-doi-ngoai-cua-vndcch-voi-trung-hoa-dan-quoc,2,gallery,image_02.<đúng-đuôi-file>,direct,medium,Lư Hán,https://en.wikipedia.org/wiki/Lu_Han,,,en.wikipedia.org,,check linked image file page before reuse,,,https://en.wikipedia.org/wiki/Lu_Han,Tướng Trung Hoa Dân quốc chỉ huy lực lượng vào Bắc Việt nhận đầu hàng Nhật; chọn chân dung/tư liệu phù hợp.,awaiting_manual_download,,hochiminh.vn|tulieuvankien.dangcongsan.vn|dangcongsan.vn|baotanglichsu.vn|nhandan.vn|qdnd.vn|vietnamplus.vn|luutru.gov.vn,,,,,,True,False
129,khang-chien-chong-thuc-dan-phap-1945-1954,Cuộc kháng chiến chống thực dân Pháp,1945-1954,collection,war_1945_1975,by_event/khang-chien-chong-thuc-dan-phap-1945-1954,1,thumbnail,image_01.<đúng-đuôi-file>,direct,high,Chiến tranh Đông Dương lần thứ nhất,https://en.wikipedia.org/wiki/First_Indochina_War,,,en.wikipedia.org,,check linked image file page before reuse,,,https://en.wikipedia.org/wiki/First_Indochina_War,Trang trực tiếp về cuộc kháng chiến chống Pháp 1946–1954.,awaiting_manual_download,,btlsqsvn.org.vn|qdnd.vn|nhandan.vn|vietnamplus.vn|hochiminh.vn|baotanglichsu.vn|luutru.gov.vn|loc.gov|archives.gov,,,,,,True,False
129,khang-chien-chong-thuc-dan-phap-1945-1954,Cuộc kháng chiến chống thực dân Pháp,1945-1954,collection,war_1945_1975,by_event/khang-chien-chong-thuc-dan-phap-1945-1954,2,gallery,image_02.<đúng-đuôi-file>,direct,high,Việt Minh,https://en.wikipedia.org/wiki/Viet_Minh,,,en.wikipedia.org,,check linked image file page before reuse,,,https://en.wikipedia.org/wiki/Viet_Minh,Lực lượng chính lãnh đạo kháng chiến chống thực dân Pháp.,awaiting_manual_download,,btlsqsvn.org.vn|qdnd.vn|nhandan.vn|vietnamplus.vn|hochiminh.vn|baotanglichsu.vn|luutru.gov.vn|loc.gov|archives.gov,,,,,,True,False
130,khang-chien-chong-thuc-dan-phap-o-viet-nam-lao-cam-pu-chia,"Kháng chiến chống thực dân Pháp ở Việt Nam, Lào, Cam-pu-chia",1945 – 1954,atomic,revolutionary,by_event/khang-chien-chong-thuc-dan-phap-o-viet-nam-lao-cam-pu-chia,1,thumbnail,image_01.<đúng-đuôi-file>,direct,high,Chiến tranh Đông Dương lần thứ nhất,https://en.wikipedia.org/wiki/First_Indochina_War,,,en.wikipedia.org,,check linked image file page before reuse,,,https://en.wikipedia.org/wiki/First_Indochina_War,Trang trực tiếp về cuộc kháng chiến chống Pháp ở Đông Dương giai đoạn 1946–1954; chọn ảnh chiến trường hoặc tư liệu thể hiện đúng phạm vi Việt Nam–Lào–Campuchia.,awaiting_manual_download,,hochiminh.vn|tulieuvankien.dangcongsan.vn|dangcongsan.vn|baotanglichsu.vn|nhandan.vn|qdnd.vn|vietnamplus.vn|luutru.gov.vn,,,,,,True,False
130,khang-chien-chong-thuc-dan-phap-o-viet-nam-lao-cam-pu-chia,"Kháng chiến chống thực dân Pháp ở Việt Nam, Lào, Cam-pu-chia",1945 – 1954,atomic,revolutionary,by_event/khang-chien-chong-thuc-dan-phap-o-viet-nam-lao-cam-pu-chia,2,gallery,image_02.<đúng-đuôi-file>,strong_contextual,high,Các cuộc chiến tranh Đông Dương,https://en.wikipedia.org/wiki/Indochina_wars,,,en.wikipedia.org,,check linked image file page before reuse,,,https://en.wikipedia.org/wiki/Indochina_wars,Khung tư liệu khu vực trực tiếp cho chiến tranh chống Pháp trên toàn Đông Dương; ưu tiên bản đồ hoặc ảnh thể hiện phạm vi ba nước.,awaiting_manual_download,,hochiminh.vn|tulieuvankien.dangcongsan.vn|dangcongsan.vn|baotanglichsu.vn|nhandan.vn|qdnd.vn|vietnamplus.vn|luutru.gov.vn,,,,,,True,False
131,viet-nam-de-nghi-lien-hop-quoc-cong-nhan-vndcch,Việt Nam đề nghị Liên hợp quốc và các nước lớn công nhận Nhà nước Việt Nam Dân chủ Cộng hoà,Năm 1945,atomic,diplomacy,by_event/viet-nam-de-nghi-lien-hop-quoc-cong-nhan-vndcch,1,thumbnail,image_01.<đúng-đuôi-file>,direct,high,Điện của Hồ Chí Minh gửi các cường quốc và Liên hợp quốc,https://en.wikipedia.org/wiki/First_Indochina_War,,,en.wikipedia.org,,check linked image file page before reuse,,,https://en.wikipedia.org/wiki/First_Indochina_War,Trang ghi điện ngày 17-10-1945 của Hồ Chí Minh kêu gọi các cường quốc đưa vấn đề Việt Nam ra Liên hợp quốc; chọn tư liệu văn kiện hoặc ảnh Hồ Chí Minh phù hợp.,awaiting_manual_download,,mofa.gov.vn|chinhphu.vn|vietnamplus.vn|nhandan.vn|un.org|asean.org|apec.org|europa.eu,,,,,,True,False
131,viet-nam-de-nghi-lien-hop-quoc-cong-nhan-vndcch,Việt Nam đề nghị Liên hợp quốc và các nước lớn công nhận Nhà nước Việt Nam Dân chủ Cộng hoà,Năm 1945,atomic,diplomacy,by_event/viet-nam-de-nghi-lien-hop-quoc-cong-nhan-vndcch,2,gallery,image_02.<đúng-đuôi-file>,direct,high,Hồ Chí Minh vận động quốc tế công nhận nền độc lập Việt Nam,https://en.wikipedia.org/wiki/Ho_Chi_Minh,,,en.wikipedia.org,,check linked image file page before reuse,,,https://en.wikipedia.org/wiki/Ho_Chi_Minh,Trang ghi các kiến nghị của Hồ Chí Minh tới phía Hoa Kỳ nhằm tìm sự ủng hộ quốc tế cho nền độc lập của Việt Nam.,awaiting_manual_download,,mofa.gov.vn|chinhphu.vn|vietnamplus.vn|nhandan.vn|un.org|asean.org|apec.org|europa.eu,,,,,,True,False
132,ho-chi-minh-gui-loi-keu-goi-quoc-dan-di-bo-phieu,Chủ tịch Hồ Chí Minh gửi Lời kêu gọi quốc dân đi bỏ phiếu,Ngày 5 – 1 – 1946,atomic,war_1945_1975,by_event/ho-chi-minh-gui-loi-keu-goi-quoc-dan-di-bo-phieu,1,thumbnail,image_01.<đúng-đuôi-file>,direct,high,Tổng tuyển cử ngày 6-1-1946,https://en.wikipedia.org/wiki/1946_North_Vietnamese_legislative_election,,,en.wikipedia.org,,check linked image file page before reuse,,,https://en.wikipedia.org/wiki/1946_North_Vietnamese_legislative_election,"Trang trực tiếp về cuộc tổng tuyển cử ngày 6-1-1946; chọn ảnh cử tri, điểm bỏ phiếu hoặc tài liệu bầu cử.",awaiting_manual_download,,btlsqsvn.org.vn|qdnd.vn|nhandan.vn|vietnamplus.vn|hochiminh.vn|baotanglichsu.vn|luutru.gov.vn|loc.gov|archives.gov,,,,,,True,False
132,ho-chi-minh-gui-loi-keu-goi-quoc-dan-di-bo-phieu,Chủ tịch Hồ Chí Minh gửi Lời kêu gọi quốc dân đi bỏ phiếu,Ngày 5 – 1 – 1946,atomic,war_1945_1975,by_event/ho-chi-minh-gui-loi-keu-goi-quoc-dan-di-bo-phieu,2,gallery,image_02.<đúng-đuôi-file>,direct,high,Quốc hội Việt Nam khóa I,https://en.wikipedia.org/wiki/National_Assembly_of_Vietnam,,,en.wikipedia.org,,check linked image file page before reuse,,,https://en.wikipedia.org/wiki/National_Assembly_of_Vietnam,Trang lịch sử Quốc hội xác nhận cuộc tổng tuyển cử đầu tiên; phù hợp cho ảnh hiện vật hoặc tư liệu bầu cử gắn với Lời kêu gọi ngày 5-1-1946.,awaiting_manual_download,,btlsqsvn.org.vn|qdnd.vn|nhandan.vn|vietnamplus.vn|hochiminh.vn|baotanglichsu.vn|luutru.gov.vn|loc.gov|archives.gov,,,,,,True,False
133,ho-chi-minh-duoc-bau-chu-tich-nuoc-1946,Hồ Chí Minh được Quốc hội khoá I bầu làm Chủ tịch nước Việt Nam Dân chủ Cộng hoà,Tháng 1 – 1946,atomic,war_1945_1975,by_event/ho-chi-minh-duoc-bau-chu-tich-nuoc-1946,1,thumbnail,image_01.<đúng-đuôi-file>,direct,high,Quốc hội khóa I bầu Hồ Chí Minh đứng đầu Nhà nước,https://en.wikipedia.org/wiki/National_Assembly_of_Vietnam,,,en.wikipedia.org,,check linked image file page before reuse,,,https://en.wikipedia.org/wiki/National_Assembly_of_Vietnam,Trang lịch sử Quốc hội ghi khóa I phê chuẩn Hồ Chí Minh đứng đầu chính phủ; chọn ảnh kỳ họp đầu tiên hoặc Hồ Chí Minh tại Quốc hội.,awaiting_manual_download,,btlsqsvn.org.vn|qdnd.vn|nhandan.vn|vietnamplus.vn|hochiminh.vn|baotanglichsu.vn|luutru.gov.vn|loc.gov|archives.gov,,,,,,True,False
133,ho-chi-minh-duoc-bau-chu-tich-nuoc-1946,Hồ Chí Minh được Quốc hội khoá I bầu làm Chủ tịch nước Việt Nam Dân chủ Cộng hoà,Tháng 1 – 1946,atomic,war_1945_1975,by_event/ho-chi-minh-duoc-bau-chu-tich-nuoc-1946,2,gallery,image_02.<đúng-đuôi-file>,direct,high,Hồ Chí Minh — Chủ tịch đầu tiên của Việt Nam,https://en.wikipedia.org/wiki/President_of_Vietnam,,,en.wikipedia.org,,check linked image file page before reuse,,,https://en.wikipedia.org/wiki/President_of_Vietnam,"Trang chức danh ghi Hồ Chí Minh là Chủ tịch đầu tiên, được Quốc hội bổ nhiệm năm 1946.",awaiting_manual_download,,btlsqsvn.org.vn|qdnd.vn|nhandan.vn|vietnamplus.vn|hochiminh.vn|baotanglichsu.vn|luutru.gov.vn|loc.gov|archives.gov,,,,,,True,False
134,hiep-uoc-hoa-phap-1946,Kí Hiệp ước Hoa - Pháp,28-2-1946,atomic,war_1945_1975,by_event/hiep-uoc-hoa-phap-1946,1,thumbnail,image_01.<đúng-đuôi-file>,direct,high,Thoả thuận Hoa–Pháp và việc Pháp trở lại Bắc Việt Nam,https://en.wikipedia.org/wiki/First_Indochina_War,,,en.wikipedia.org,,check linked image file page before reuse,,,https://en.wikipedia.org/wiki/First_Indochina_War,Trang ghi thỏa thuận tháng 2-1946 buộc Pháp nhượng các quyền lợi ở Trung Quốc để quân Trung Hoa rút và quân Pháp trở lại miền Bắc Việt Nam.,awaiting_manual_download,,btlsqsvn.org.vn|qdnd.vn|nhandan.vn|vietnamplus.vn|hochiminh.vn|baotanglichsu.vn|luutru.gov.vn|loc.gov|archives.gov,,,,,,True,False
134,hiep-uoc-hoa-phap-1946,Kí Hiệp ước Hoa - Pháp,28-2-1946,atomic,war_1945_1975,by_event/hiep-uoc-hoa-phap-1946,2,gallery,image_02.<đúng-đuôi-file>,direct,medium,Bối cảnh Hiệp ước Hoa–Pháp năm 1946,https://en.wikipedia.org/wiki/Indochina_wars,,,en.wikipedia.org,,check linked image file page before reuse,,,https://en.wikipedia.org/wiki/Indochina_wars,Trang tóm lược các thỏa thuận Hoa–Pháp và Hồ–Sainteny dẫn đến việc quân Pháp thay quân Trung Hoa ở miền Bắc năm 1946.,awaiting_manual_download,,btlsqsvn.org.vn|qdnd.vn|nhandan.vn|vietnamplus.vn|hochiminh.vn|baotanglichsu.vn|luutru.gov.vn|loc.gov|archives.gov,,,,,,True,False
135,ho-chi-minh-ki-hiep-dinh-so-bo-voi-g-xanh-to-ni,Chủ tịch Hồ Chí Minh kí Hiệp định Sơ bộ với G. Xanh-tơ-ni,6 – 3 – 1946,atomic,war_1945_1975,by_event/ho-chi-minh-ki-hiep-dinh-so-bo-voi-g-xanh-to-ni,1,thumbnail,image_01.<đúng-đuôi-file>,direct,high,Hiệp định Hồ–Sainteny ngày 6-3-1946,https://en.wikipedia.org/wiki/Ho%E2%80%93Sainteny_Agreement,,,en.wikipedia.org,,check linked image file page before reuse,,,https://en.wikipedia.org/wiki/Ho%E2%80%93Sainteny_Agreement,Trang trực tiếp về Hiệp định Sơ bộ ngày 6-3-1946 giữa Hồ Chí Minh và Jean Sainteny.,awaiting_manual_download,,btlsqsvn.org.vn|qdnd.vn|nhandan.vn|vietnamplus.vn|hochiminh.vn|baotanglichsu.vn|luutru.gov.vn|loc.gov|archives.gov,,,,,,True,False
135,ho-chi-minh-ki-hiep-dinh-so-bo-voi-g-xanh-to-ni,Chủ tịch Hồ Chí Minh kí Hiệp định Sơ bộ với G. Xanh-tơ-ni,6 – 3 – 1946,atomic,war_1945_1975,by_event/ho-chi-minh-ki-hiep-dinh-so-bo-voi-g-xanh-to-ni,2,gallery,image_02.<đúng-đuôi-file>,direct,high,Jean Sainteny — người ký phía Pháp,https://en.wikipedia.org/wiki/Jean_Sainteny,,,en.wikipedia.org,,check linked image file page before reuse,,,https://en.wikipedia.org/wiki/Jean_Sainteny,Người đại diện Pháp trực tiếp đàm phán và ký thỏa thuận với Hồ Chí Minh tháng 3-1946.,awaiting_manual_download,,btlsqsvn.org.vn|qdnd.vn|nhandan.vn|vietnamplus.vn|hochiminh.vn|baotanglichsu.vn|luutru.gov.vn|loc.gov|archives.gov,,,,,,True,False
136,ho-chi-minh-ra-loi-keu-goi-toan-quoc-khang-chien,Chủ tịch Hồ Chí Minh ra Lời kêu gọi toàn quốc kháng chiến,Tối ngày 19-12-1946,atomic,war_1945_1975,by_event/ho-chi-minh-ra-loi-keu-goi-toan-quoc-khang-chien,1,thumbnail,image_01.<đúng-đuôi-file>,direct,high,Bản viết tay Lời kêu gọi toàn quốc kháng chiến,https://en.wikipedia.org/wiki/Battle_of_Hanoi_%281946%29,,,en.wikipedia.org,,check linked image file page before reuse,,,https://en.wikipedia.org/wiki/Battle_of_Hanoi_%281946%29,Trang có tư liệu trực tiếp về ngày 19-12-1946 và ảnh bản viết tay lời kêu gọi của Hồ Chí Minh.,awaiting_manual_download,,btlsqsvn.org.vn|qdnd.vn|nhandan.vn|vietnamplus.vn|hochiminh.vn|baotanglichsu.vn|luutru.gov.vn|loc.gov|archives.gov,,,,,,True,False
136,ho-chi-minh-ra-loi-keu-goi-toan-quoc-khang-chien,Chủ tịch Hồ Chí Minh ra Lời kêu gọi toàn quốc kháng chiến,Tối ngày 19-12-1946,atomic,war_1945_1975,by_event/ho-chi-minh-ra-loi-keu-goi-toan-quoc-khang-chien,2,gallery,image_02.<đúng-đuôi-file>,strong_contextual,high,Hồ Chí Minh — tác giả Lời kêu gọi,https://en.wikipedia.org/wiki/Ho_Chi_Minh,,,en.wikipedia.org,,check linked image file page before reuse,,,https://en.wikipedia.org/wiki/Ho_Chi_Minh,Chân dung người trực tiếp ban hành Lời kêu gọi; dùng khi không lấy được ảnh văn kiện gốc ở slot 1.,awaiting_manual_download,,btlsqsvn.org.vn|qdnd.vn|nhandan.vn|vietnamplus.vn|hochiminh.vn|baotanglichsu.vn|luutru.gov.vn|loc.gov|archives.gov,,,,,,True,False
137,khang-chien-toan-quoc-chong-thuc-dan-phap-bung-no,Kháng chiến toàn quốc chống thực dân Pháp bùng nổ,Tháng 12 năm 1946,atomic,war_1945_1975,by_event/khang-chien-toan-quoc-chong-thuc-dan-phap-bung-no,1,thumbnail,image_01.<đúng-đuôi-file>,direct,high,Trận Hà Nội mở đầu toàn quốc kháng chiến,https://en.wikipedia.org/wiki/Battle_of_Hanoi_%281946%29,,,en.wikipedia.org,,check linked image file page before reuse,,,https://en.wikipedia.org/wiki/Battle_of_Hanoi_%281946%29,"Trang trực tiếp về giao tranh bắt đầu ngày 19-12-1946 tại Hà Nội, mở màn chiến tranh toàn quốc.",awaiting_manual_download,,btlsqsvn.org.vn|qdnd.vn|nhandan.vn|vietnamplus.vn|hochiminh.vn|baotanglichsu.vn|luutru.gov.vn|loc.gov|archives.gov,,,,,,True,False
137,khang-chien-toan-quoc-chong-thuc-dan-phap-bung-no,Kháng chiến toàn quốc chống thực dân Pháp bùng nổ,Tháng 12 năm 1946,atomic,war_1945_1975,by_event/khang-chien-toan-quoc-chong-thuc-dan-phap-bung-no,2,gallery,image_02.<đúng-đuôi-file>,direct,high,Chiến tranh Đông Dương lần thứ nhất,https://en.wikipedia.org/wiki/First_Indochina_War,,,en.wikipedia.org,,check linked image file page before reuse,,,https://en.wikipedia.org/wiki/First_Indochina_War,Trang tổng thể cuộc chiến bùng nổ toàn diện tháng 12-1946; chọn ảnh chiến đấu đầu kỳ hoặc bản đồ chiến sự.,awaiting_manual_download,,btlsqsvn.org.vn|qdnd.vn|nhandan.vn|vietnamplus.vn|hochiminh.vn|baotanglichsu.vn|luutru.gov.vn|loc.gov|archives.gov,,,,,,True,False
138,viet-nam-the-hien-thien-chi-hoa-binh-sau-12-1946,Việt Nam thể hiện thiện chí hoà bình sau khi kháng chiến bùng nổ,Từ tháng 12 năm 1946,atomic,war_1945_1975,by_event/viet-nam-the-hien-thien-chi-hoa-binh-sau-12-1946,1,thumbnail,image_01.<đúng-đuôi-file>,direct,high,Lời kêu gọi hòa bình trước khi chiến tranh bùng nổ,https://en.wikipedia.org/wiki/Haiphong_incident,,,en.wikipedia.org,,check linked image file page before reuse,,,https://en.wikipedia.org/wiki/Haiphong_incident,Trang ghi lời kêu gọi hòa bình của Hồ Chí Minh ngày 12-12-1946 trong nỗ lực tránh chiến tranh.,awaiting_manual_download,,btlsqsvn.org.vn|qdnd.vn|nhandan.vn|vietnamplus.vn|hochiminh.vn|baotanglichsu.vn|luutru.gov.vn|loc.gov|archives.gov,,,,,,True,False
138,viet-nam-the-hien-thien-chi-hoa-binh-sau-12-1946,Việt Nam thể hiện thiện chí hoà bình sau khi kháng chiến bùng nổ,Từ tháng 12 năm 1946,atomic,war_1945_1975,by_event/viet-nam-the-hien-thien-chi-hoa-binh-sau-12-1946,2,gallery,image_02.<đúng-đuôi-file>,direct,medium,Nỗ lực tiếp tục đàm phán và đề nghị ngừng bắn năm 1947,https://en.wikipedia.org/wiki/Operation_L%C3%A9a,,,en.wikipedia.org,,check linked image file page before reuse,,,https://en.wikipedia.org/wiki/Operation_L%C3%A9a,"Trang ghi Hồ Chí Minh tiếp tục tìm ngừng bắn và đàm phán độc lập vào mùa xuân 1947, thể hiện thiện chí hòa bình sau khi chiến sự đã bùng nổ.",awaiting_manual_download,,btlsqsvn.org.vn|qdnd.vn|nhandan.vn|vietnamplus.vn|hochiminh.vn|baotanglichsu.vn|luutru.gov.vn|loc.gov|archives.gov,,,,,,True,False
139,hien-phap-viet-nam-dan-chu-cong-hoa-1946,Hiến pháp nước Việt Nam Dân chủ Cộng hoà năm 1946,Năm 1946,atomic,war_1945_1975,by_event/hien-phap-viet-nam-dan-chu-cong-hoa-1946,1,thumbnail,image_01.<đúng-đuôi-file>,direct,high,Hiến pháp năm 1946,https://en.wikipedia.org/wiki/Constitution_of_Vietnam,,,en.wikipedia.org,,check linked image file page before reuse,,,https://en.wikipedia.org/wiki/Constitution_of_Vietnam,Trang trực tiếp về Hiến pháp 1946 của Việt Nam Dân chủ Cộng hòa; chọn ảnh văn bản hoặc bìa hiến pháp.,awaiting_manual_download,,btlsqsvn.org.vn|qdnd.vn|nhandan.vn|vietnamplus.vn|hochiminh.vn|baotanglichsu.vn|luutru.gov.vn|loc.gov|archives.gov,,,,,,True,False
139,hien-phap-viet-nam-dan-chu-cong-hoa-1946,Hiến pháp nước Việt Nam Dân chủ Cộng hoà năm 1946,Năm 1946,atomic,war_1945_1975,by_event/hien-phap-viet-nam-dan-chu-cong-hoa-1946,2,gallery,image_02.<đúng-đuôi-file>,direct,high,Quốc hội khóa I thông qua Hiến pháp 1946,https://en.wikipedia.org/wiki/National_Assembly_of_Vietnam,,,en.wikipedia.org,,check linked image file page before reuse,,,https://en.wikipedia.org/wiki/National_Assembly_of_Vietnam,Trang lịch sử Quốc hội xác nhận Hiến pháp đầu tiên được Quốc hội khóa I thông qua; chọn ảnh kỳ họp hoặc tư liệu Quốc hội.,awaiting_manual_download,,btlsqsvn.org.vn|qdnd.vn|nhandan.vn|vietnamplus.vn|hochiminh.vn|baotanglichsu.vn|luutru.gov.vn|loc.gov|archives.gov,,,,,,True,False
140,phap-cho-hai-quan-tru-dong-truong-sa,Pháp cho hải quân trú đóng ở các đảo chính thuộc quần đảo Trường Sa,Năm 1946,atomic,maritime,by_event/phap-cho-hai-quan-tru-dong-truong-sa,1,thumbnail,image_01.<đúng-đuôi-file>,direct,high,Diễn biến Trường Sa sau Chiến tranh thế giới thứ hai,https://en.wikipedia.org/wiki/Timeline_of_the_South_China_Sea_dispute,,,en.wikipedia.org,,check linked image file page before reuse,,,https://en.wikipedia.org/wiki/Timeline_of_the_South_China_Sea_dispute,Trang dòng thời gian ghi hoạt động của Pháp và các bên tại Hoàng Sa–Trường Sa năm 1946; chọn bản đồ hoặc ảnh đảo liên quan.,awaiting_manual_download,,mofa.gov.vn|biengioilanhtho.gov.vn|mod.gov.vn|qdnd.vn|chinhphu.vn|vietnamplus.vn|luutru.gov.vn,,,,,,True,False
140,phap-cho-hai-quan-tru-dong-truong-sa,Pháp cho hải quân trú đóng ở các đảo chính thuộc quần đảo Trường Sa,Năm 1946,atomic,maritime,by_event/phap-cho-hai-quan-tru-dong-truong-sa,2,gallery,image_02.<đúng-đuôi-file>,direct,high,Quần đảo Trường Sa trong giai đoạn 1946,https://en.wikipedia.org/wiki/Spratly_Islands,,,en.wikipedia.org,,check linked image file page before reuse,,,https://en.wikipedia.org/wiki/Spratly_Islands,"Trang lịch sử quần đảo mô tả hoạt động chiếm đóng và tranh chấp sau chiến tranh; ưu tiên ảnh bản đồ hoặc đảo chính, không dùng ảnh hiện đại sai ngữ cảnh.",awaiting_manual_download,,mofa.gov.vn|biengioilanhtho.gov.vn|mod.gov.vn|qdnd.vn|chinhphu.vn|vietnamplus.vn|luutru.gov.vn,,,,,,True,False
141,chien-dich-viet-bac-thu-dong-1947,Chiến dịch Việt Bắc thu – đông năm 1947,Từ tháng 10 đến tháng 12 – 1947,atomic,war_1945_1975,by_event/chien-dich-viet-bac-thu-dong-1947,1,thumbnail,image_01.<đúng-đuôi-file>,direct,high,Chiến dịch Việt Bắc / Operation Léa,https://en.wikipedia.org/wiki/Operation_L%C3%A9a,,,en.wikipedia.org,,check linked image file page before reuse,,,https://en.wikipedia.org/wiki/Operation_L%C3%A9a,Trang trực tiếp về chiến dịch tại Việt Bắc từ tháng 10 đến tháng 11-1947; có bản đồ chiến dịch.,awaiting_manual_download,,btlsqsvn.org.vn|qdnd.vn|nhandan.vn|vietnamplus.vn|hochiminh.vn|baotanglichsu.vn|luutru.gov.vn|loc.gov|archives.gov,,,,,,True,False
141,chien-dich-viet-bac-thu-dong-1947,Chiến dịch Việt Bắc thu – đông năm 1947,Từ tháng 10 đến tháng 12 – 1947,atomic,war_1945_1975,by_event/chien-dich-viet-bac-thu-dong-1947,2,gallery,image_02.<đúng-đuôi-file>,direct,high,Chiến tranh Đông Dương — chiến dịch Việt Bắc 1947,https://en.wikipedia.org/wiki/First_Indochina_War,,,en.wikipedia.org,,check linked image file page before reuse,,,https://en.wikipedia.org/wiki/First_Indochina_War,Trang tổng thể cuộc chiến đặt chiến dịch Việt Bắc trong diễn biến 1947; chọn ảnh lực lượng hoặc bản đồ đúng chiến dịch.,awaiting_manual_download,,btlsqsvn.org.vn|qdnd.vn|nhandan.vn|vietnamplus.vn|hochiminh.vn|baotanglichsu.vn|luutru.gov.vn|loc.gov|archives.gov,,,,,,True,False
142,chien-dich-bien-gioi-thu-dong-1950,Chiến dịch Biên giới thu – đông năm 1950,Từ tháng 9 đến tháng 10 – 1950,atomic,war_1945_1975,by_event/chien-dich-bien-gioi-thu-dong-1950,1,thumbnail,image_01.<đúng-đuôi-file>,direct,high,Chiến dịch Biên giới / Trận Đường số 4,https://en.wikipedia.org/wiki/Battle_of_Route_Coloniale_4,,,en.wikipedia.org,,check linked image file page before reuse,,,https://en.wikipedia.org/wiki/Battle_of_Route_Coloniale_4,"Trang trực tiếp gọi sự kiện là Autumn-Winter Border Campaign, diễn ra dọc Đường số 4 năm 1950.",awaiting_manual_download,,btlsqsvn.org.vn|qdnd.vn|nhandan.vn|vietnamplus.vn|hochiminh.vn|baotanglichsu.vn|luutru.gov.vn|loc.gov|archives.gov,,,,,,True,False
142,chien-dich-bien-gioi-thu-dong-1950,Chiến dịch Biên giới thu – đông năm 1950,Từ tháng 9 đến tháng 10 – 1950,atomic,war_1945_1975,by_event/chien-dich-bien-gioi-thu-dong-1950,2,gallery,image_02.<đúng-đuôi-file>,direct,high,Chuẩn bị và diễn biến Chiến dịch Biên giới 1950,https://en.wikipedia.org/wiki/Luo_Guibo,,,en.wikipedia.org,,check linked image file page before reuse,,,https://en.wikipedia.org/wiki/Luo_Guibo,"Trang mô tả trực tiếp việc chuẩn bị, viện trợ và diễn biến Chiến dịch Biên giới bắt đầu tháng 9-1950.",awaiting_manual_download,,btlsqsvn.org.vn|qdnd.vn|nhandan.vn|vietnamplus.vn|hochiminh.vn|baotanglichsu.vn|luutru.gov.vn|loc.gov|archives.gov,,,,,,True,False
143,cac-chien-dich-tien-cong-quan-doi-viet-nam-1950-1953,Các chiến dịch tiến công của Quân đội Việt Nam (1950-1953),Từ cuối năm 1950 đến giữa năm 1953,atomic,war_1945_1975,by_event/cac-chien-dich-tien-cong-quan-doi-viet-nam-1950-1953,1,thumbnail,image_01.<đúng-đuôi-file>,direct,high,Các chiến dịch 1950–1953 trong Chiến tranh Đông Dương,https://en.wikipedia.org/wiki/First_Indochina_War,,,en.wikipedia.org,,check linked image file page before reuse,,,https://en.wikipedia.org/wiki/First_Indochina_War,Trang tổng hợp các chiến dịch lớn từ cuối năm 1950 đến giữa năm 1953; chọn bản đồ hoặc ảnh chiến dịch trong đúng giai đoạn.,awaiting_manual_download,,btlsqsvn.org.vn|qdnd.vn|nhandan.vn|vietnamplus.vn|hochiminh.vn|baotanglichsu.vn|luutru.gov.vn|loc.gov|archives.gov,,,,,,True,False
143,cac-chien-dich-tien-cong-quan-doi-viet-nam-1950-1953,Các chiến dịch tiến công của Quân đội Việt Nam (1950-1953),Từ cuối năm 1950 đến giữa năm 1953,atomic,war_1945_1975,by_event/cac-chien-dich-tien-cong-quan-doi-viet-nam-1950-1953,2,gallery,image_02.<đúng-đuôi-file>,direct,high,Chiến dịch Tây Bắc và Thượng Lào 1952–1953,https://en.wikipedia.org/wiki/Luo_Guibo,,,en.wikipedia.org,,check linked image file page before reuse,,,https://en.wikipedia.org/wiki/Luo_Guibo,"Trang mô tả chuỗi chiến dịch Tây Bắc, Sầm Nưa và chuyển hướng chiến lược 1952–1953, phù hợp nội dung event.",awaiting_manual_download,,btlsqsvn.org.vn|qdnd.vn|nhandan.vn|vietnamplus.vn|hochiminh.vn|baotanglichsu.vn|luutru.gov.vn|loc.gov|archives.gov,,,,,,True,False
144,vndcch-thiet-lap-quan-he-ngoai-giao-voi-cac-nuoc-xhcn,"Việt Nam Dân chủ Cộng hoà thiết lập quan hệ ngoại giao với Cộng hoà Nhân dân Trung Hoa, Liên Xô và các nước xã hội chủ nghĩa khác",Năm 1950,atomic,diplomacy,by_event/vndcch-thiet-lap-quan-he-ngoai-giao-voi-cac-nuoc-xhcn,1,thumbnail,image_01.<đúng-đuôi-file>,direct,high,Quan hệ đối ngoại của Việt Nam — công nhận năm 1950,https://en.wikipedia.org/wiki/Foreign_relations_of_Vietnam,,,en.wikipedia.org,,check linked image file page before reuse,,,https://en.wikipedia.org/wiki/Foreign_relations_of_Vietnam,Trang ghi Trung Quốc và Liên Xô là hai nước đầu tiên công nhận Việt Nam Dân chủ Cộng hòa trong tháng 1-1950.,awaiting_manual_download,,mofa.gov.vn|chinhphu.vn|vietnamplus.vn|nhandan.vn|un.org|asean.org|apec.org|europa.eu,,,,,,True,False
144,vndcch-thiet-lap-quan-he-ngoai-giao-voi-cac-nuoc-xhcn,"Việt Nam Dân chủ Cộng hoà thiết lập quan hệ ngoại giao với Cộng hoà Nhân dân Trung Hoa, Liên Xô và các nước xã hội chủ nghĩa khác",Năm 1950,atomic,diplomacy,by_event/vndcch-thiet-lap-quan-he-ngoai-giao-voi-cac-nuoc-xhcn,2,gallery,image_02.<đúng-đuôi-file>,direct,high,Quan hệ Trung Quốc–Việt Nam từ năm 1950,https://en.wikipedia.org/wiki/China%E2%80%93Vietnam_relations,,,en.wikipedia.org,,check linked image file page before reuse,,,https://en.wikipedia.org/wiki/China%E2%80%93Vietnam_relations,Trang ghi việc thiết lập quan hệ nhà nước với Việt Nam Dân chủ Cộng hòa vào tháng 1-1950; chọn ảnh ngoại giao đầu giai đoạn.,awaiting_manual_download,,mofa.gov.vn|chinhphu.vn|vietnamplus.vn|nhandan.vn|un.org|asean.org|apec.org|europa.eu,,,,,,True,False
145,ho-chi-minh-duoc-bau-chu-tich-ban-chap-hanh-trung-uong-dang-1951,Hồ Chí Minh được bầu làm Chủ tịch Ban Chấp hành Trung ương Đảng,Tháng 2 – 1951,atomic,war_1945_1975,by_event/ho-chi-minh-duoc-bau-chu-tich-ban-chap-hanh-trung-uong-dang-1951,1,thumbnail,image_01.<đúng-đuôi-file>,direct,high,Ban Chấp hành Trung ương khóa II — Chủ tịch Hồ Chí Minh,https://en.wikipedia.org/wiki/2nd_Central_Committee_of_the_Workers%27_Party_of_Vietnam,,,en.wikipedia.org,,check linked image file page before reuse,,,https://en.wikipedia.org/wiki/2nd_Central_Committee_of_the_Workers%27_Party_of_Vietnam,Trang trực tiếp ghi Hồ Chí Minh là Chủ tịch Ban Chấp hành Trung ương khóa II từ năm 1951.,awaiting_manual_download,,btlsqsvn.org.vn|qdnd.vn|nhandan.vn|vietnamplus.vn|hochiminh.vn|baotanglichsu.vn|luutru.gov.vn|loc.gov|archives.gov,,,,,,True,False
145,ho-chi-minh-duoc-bau-chu-tich-ban-chap-hanh-trung-uong-dang-1951,Hồ Chí Minh được bầu làm Chủ tịch Ban Chấp hành Trung ương Đảng,Tháng 2 – 1951,atomic,war_1945_1975,by_event/ho-chi-minh-duoc-bau-chu-tich-ban-chap-hanh-trung-uong-dang-1951,2,gallery,image_02.<đúng-đuôi-file>,direct,high,Đại hội II của Đảng năm 1951,https://en.wikipedia.org/wiki/National_Congress_of_the_Communist_Party_of_Vietnam,,,en.wikipedia.org,,check linked image file page before reuse,,,https://en.wikipedia.org/wiki/National_Congress_of_the_Communist_Party_of_Vietnam,"Trang dòng thời gian đại hội ghi Đại hội II tháng 2-1951, nơi bầu Ban Chấp hành Trung ương khóa II.",awaiting_manual_download,,btlsqsvn.org.vn|qdnd.vn|nhandan.vn|vietnamplus.vn|hochiminh.vn|baotanglichsu.vn|luutru.gov.vn|loc.gov|archives.gov,,,,,,True,False
146,mat-tran-lien-viet-ra-doi-1951,Mặt trận Liên hiệp quốc dân Việt Nam (Mặt trận Liên Việt) ra đời,Ngày 3-3-1951,atomic,war_1945_1975,by_event/mat-tran-lien-viet-ra-doi-1951,1,thumbnail,image_01.<đúng-đuôi-file>,direct,high,Mặt trận Liên Việt năm 1951,https://en.wikipedia.org/wiki/Vietnam_Fatherland_Front,,,en.wikipedia.org,,check linked image file page before reuse,,,https://en.wikipedia.org/wiki/Vietnam_Fatherland_Front,Trang lịch sử các tổ chức tiền thân ghi Mặt trận Liên Việt thành lập năm 1951 do hợp nhất Việt Minh và Liên Việt.,awaiting_manual_download,,btlsqsvn.org.vn|qdnd.vn|nhandan.vn|vietnamplus.vn|hochiminh.vn|baotanglichsu.vn|luutru.gov.vn|loc.gov|archives.gov,,,,,,True,False
146,mat-tran-lien-viet-ra-doi-1951,Mặt trận Liên hiệp quốc dân Việt Nam (Mặt trận Liên Việt) ra đời,Ngày 3-3-1951,atomic,war_1945_1975,by_event/mat-tran-lien-viet-ra-doi-1951,2,gallery,image_02.<đúng-đuôi-file>,direct,high,Việt Minh và Liên Việt hợp nhất,https://en.wikipedia.org/wiki/Viet_Minh,,,en.wikipedia.org,,check linked image file page before reuse,,,https://en.wikipedia.org/wiki/Viet_Minh,Trang ghi Việt Minh và Hội Liên Việt hợp nhất ngày 7-3-1951 thành Mặt trận Liên Việt.,awaiting_manual_download,,btlsqsvn.org.vn|qdnd.vn|nhandan.vn|vietnamplus.vn|hochiminh.vn|baotanglichsu.vn|luutru.gov.vn|loc.gov|archives.gov,,,,,,True,False
147,chu-quyen-viet-nam-duoc-tuyen-bo-cong-nhan-hoi-nghi-xan-phran-xi-xo,Chủ quyền của Việt Nam đối với Hoàng Sa và Trường Sa được tuyên bố và công nhận tại Hội nghị Hoà bình Xan Phran-xi-xcô,Tháng 9 năm 1951,atomic,maritime,by_event/chu-quyen-viet-nam-duoc-tuyen-bo-cong-nhan-hoi-nghi-xan-phran-xi-xo,1,thumbnail,image_01.<đúng-đuôi-file>,direct,high,Tuyên bố chủ quyền tại Hội nghị San Francisco 1951,https://en.wikipedia.org/wiki/Spratly_Islands_dispute,,,en.wikipedia.org,,check linked image file page before reuse,,,https://en.wikipedia.org/wiki/Spratly_Islands_dispute,Trang ghi đoàn Việt Nam tuyên bố chủ quyền đối với Hoàng Sa và Trường Sa tại Hội nghị San Francisco năm 1951.,awaiting_manual_download,,mofa.gov.vn|biengioilanhtho.gov.vn|mod.gov.vn|qdnd.vn|chinhphu.vn|vietnamplus.vn|luutru.gov.vn,,,,,,True,False
147,chu-quyen-viet-nam-duoc-tuyen-bo-cong-nhan-hoi-nghi-xan-phran-xi-xo,Chủ quyền của Việt Nam đối với Hoàng Sa và Trường Sa được tuyên bố và công nhận tại Hội nghị Hoà bình Xan Phran-xi-xcô,Tháng 9 năm 1951,atomic,maritime,by_event/chu-quyen-viet-nam-duoc-tuyen-bo-cong-nhan-hoi-nghi-xan-phran-xi-xo,2,gallery,image_02.<đúng-đuôi-file>,direct,high,Hội nghị và Hiệp ước Hòa bình San Francisco,https://en.wikipedia.org/wiki/Treaty_of_San_Francisco,,,en.wikipedia.org,,check linked image file page before reuse,,,https://en.wikipedia.org/wiki/Treaty_of_San_Francisco,Trang trực tiếp về hội nghị tháng 9-1951 và việc Nhật Bản từ bỏ quyền đối với các quần đảo; chọn ảnh hội nghị hoặc văn kiện.,awaiting_manual_download,,mofa.gov.vn|biengioilanhtho.gov.vn|mod.gov.vn|qdnd.vn|chinhphu.vn|vietnamplus.vn|luutru.gov.vn,,,,,,True,False
148,thanh-lap-lien-minh-nhan-dan-viet-mien-lao,Thành lập Liên minh nhân dân Việt – Miên - Lào,Năm 1951,atomic,war_1945_1975,by_event/thanh-lap-lien-minh-nhan-dan-viet-mien-lao,1,thumbnail,image_01.<đúng-đuôi-file>,direct,medium,Pathet Lào và liên minh với lực lượng Việt Nam,https://en.wikipedia.org/wiki/Pathet_Lao,,,en.wikipedia.org,,check linked image file page before reuse,,,https://en.wikipedia.org/wiki/Pathet_Lao,Trang mô tả lực lượng Pathet Lào gia nhập cuộc đấu tranh chống Pháp cùng Việt Minh và hình thành liên minh trong giai đoạn này.,awaiting_manual_download,,btlsqsvn.org.vn|qdnd.vn|nhandan.vn|vietnamplus.vn|hochiminh.vn|baotanglichsu.vn|luutru.gov.vn|loc.gov|archives.gov,,,,,,True,False
148,thanh-lap-lien-minh-nhan-dan-viet-mien-lao,Thành lập Liên minh nhân dân Việt – Miên - Lào,Năm 1951,atomic,war_1945_1975,by_event/thanh-lap-lien-minh-nhan-dan-viet-mien-lao,2,gallery,image_02.<đúng-đuôi-file>,direct,medium,"Việt Minh và các lực lượng cách mạng Lào, Campuchia",https://en.wikipedia.org/wiki/Viet_Minh,,,en.wikipedia.org,,check linked image file page before reuse,,,https://en.wikipedia.org/wiki/Viet_Minh,Trang mô tả các lực lượng Khmer Issarak và Pathet Lào hoạt động trong liên minh với Việt Minh; chọn ảnh đại diện đúng các lực lượng nếu có.,awaiting_manual_download,,btlsqsvn.org.vn|qdnd.vn|nhandan.vn|vietnamplus.vn|hochiminh.vn|baotanglichsu.vn|luutru.gov.vn|loc.gov|archives.gov,,,,,,True,False
149,cuoc-van-dong-san-xuat-va-tiet-kiem-1952,Cuộc vận động sản xuất và tiết kiệm,Năm 1952,atomic,war_1945_1975,by_event/cuoc-van-dong-san-xuat-va-tiet-kiem-1952,1,thumbnail,image_01.<đúng-đuôi-file>,strong_contextual,medium,Bối cảnh kinh tế kháng chiến và vận động sản xuất,https://en.wikipedia.org/wiki/Economic_history_of_Vietnam,,,en.wikipedia.org,,check linked image file page before reuse,,,https://en.wikipedia.org/wiki/Economic_history_of_Vietnam,Dùng ảnh tư liệu về sản xuất nông nghiệp hoặc lao động thời kháng chiến đầu thập niên 1950; không dùng ảnh kinh tế hiện đại.,awaiting_manual_download,,btlsqsvn.org.vn|qdnd.vn|nhandan.vn|vietnamplus.vn|hochiminh.vn|baotanglichsu.vn|luutru.gov.vn|loc.gov|archives.gov,,,,,,True,False
149,cuoc-van-dong-san-xuat-va-tiet-kiem-1952,Cuộc vận động sản xuất và tiết kiệm,Năm 1952,atomic,war_1945_1975,by_event/cuoc-van-dong-san-xuat-va-tiet-kiem-1952,2,gallery,image_02.<đúng-đuôi-file>,strong_contextual,medium,"Hồ Chí Minh và phong trào thi đua sản xuất, tiết kiệm",https://en.wikipedia.org/wiki/Ho_Chi_Minh,,,en.wikipedia.org,,check linked image file page before reuse,,,https://en.wikipedia.org/wiki/Ho_Chi_Minh,Chọn ảnh Hồ Chí Minh với nông dân hoặc công nhân đúng giai đoạn đầu thập niên 1950 để minh họa lời kêu gọi sản xuất và tiết kiệm.,awaiting_manual_download,,btlsqsvn.org.vn|qdnd.vn|nhandan.vn|vietnamplus.vn|hochiminh.vn|baotanglichsu.vn|luutru.gov.vn|loc.gov|archives.gov,,,,,,True,False
150,dai-hoi-chien-si-thi-dua-can-bo-guong-mau-toan-quoc-lan-thu-nhat-1952,Đại hội Chiến sĩ thi đua và Cán bộ gương mẫu toàn quốc lần thứ nhất,1952,atomic,war_1945_1975,by_event/dai-hoi-chien-si-thi-dua-can-bo-guong-mau-toan-quoc-lan-thu-nhat-1952,1,thumbnail,image_01.<đúng-đuôi-file>,direct,medium,Phim tài liệu “Đại hội chiến sĩ thi đua lần thứ nhất”,https://en.wikipedia.org/wiki/2nd_Vietnam_Film_Festival,,,en.wikipedia.org,,check linked image file page before reuse,,,https://en.wikipedia.org/wiki/2nd_Vietnam_Film_Festival,"Trang liệt kê phim tài liệu “Đại hội chiến sĩ thi đua lần thứ nhất”, là tư liệu trực tiếp về đại hội năm 1952; chỉ dùng khi trang dẫn tới khung hình, poster hoặc tư liệu đúng bộ phim.",awaiting_manual_download,,btlsqsvn.org.vn|qdnd.vn|nhandan.vn|vietnamplus.vn|hochiminh.vn|baotanglichsu.vn|luutru.gov.vn|loc.gov|archives.gov,,,,,,True,False
150,dai-hoi-chien-si-thi-dua-can-bo-guong-mau-toan-quoc-lan-thu-nhat-1952,Đại hội Chiến sĩ thi đua và Cán bộ gương mẫu toàn quốc lần thứ nhất,1952,atomic,war_1945_1975,by_event/dai-hoi-chien-si-thi-dua-can-bo-guong-mau-toan-quoc-lan-thu-nhat-1952,2,gallery,image_02.<đúng-đuôi-file>,strong_contextual,medium,Chủ tịch Hồ Chí Minh và phong trào thi đua yêu nước,https://en.wikipedia.org/wiki/Ho_Chi_Minh,,,en.wikipedia.org,,check linked image file page before reuse,,,https://en.wikipedia.org/wiki/Ho_Chi_Minh,"Hồ Chí Minh chủ trì và nêu tư tưởng “Thi đua là yêu nước”; chỉ chọn ảnh đúng giai đoạn đầu thập niên 1950 hoặc ảnh gắn với các anh hùng, chiến sĩ thi đua, không dùng chân dung chung chung.",awaiting_manual_download,,btlsqsvn.org.vn|qdnd.vn|nhandan.vn|vietnamplus.vn|hochiminh.vn|baotanglichsu.vn|luutru.gov.vn|loc.gov|archives.gov,,,,,,True,False
151,ke-hoach-na-va-1953,Kế hoạch Na-va,Tháng 7 – 1953,atomic,war_1945_1975,by_event/ke-hoach-na-va-1953,1,thumbnail,image_01.<đúng-đuôi-file>,direct,high,Kế hoạch Nava trong Chiến tranh Đông Dương lần thứ nhất,https://en.wikipedia.org/wiki/First_Indochina_War,,,en.wikipedia.org,,check linked image file page before reuse,,,https://en.wikipedia.org/wiki/First_Indochina_War,"Trang chiến tranh có bối cảnh trực tiếp về chiến lược Pháp–Mỹ năm 1953; ưu tiên bản đồ, ảnh tướng Henri Navarre hoặc bố trí quân sự đúng giai đoạn.",awaiting_manual_download,,btlsqsvn.org.vn|qdnd.vn|nhandan.vn|vietnamplus.vn|hochiminh.vn|baotanglichsu.vn|luutru.gov.vn|loc.gov|archives.gov,,,,,,True,False
151,ke-hoach-na-va-1953,Kế hoạch Na-va,Tháng 7 – 1953,atomic,war_1945_1975,by_event/ke-hoach-na-va-1953,2,gallery,image_02.<đúng-đuôi-file>,strong_contextual,high,Điện Biên Phủ và sự phá sản của Kế hoạch Nava,https://en.wikipedia.org/wiki/Battle_of_Dien_Bien_Phu,,,en.wikipedia.org,,check linked image file page before reuse,,,https://en.wikipedia.org/wiki/Battle_of_Dien_Bien_Phu,Chiến dịch Điện Biên Phủ là đỉnh điểm làm phá sản hoàn toàn Kế hoạch Nava; chọn bản đồ hoặc ảnh chiến dịch thể hiện trực tiếp hệ quả của kế hoạch.,awaiting_manual_download,,btlsqsvn.org.vn|qdnd.vn|nhandan.vn|vietnamplus.vn|hochiminh.vn|baotanglichsu.vn|luutru.gov.vn|loc.gov|archives.gov,,,,,,True,False
152,quoc-hoi-thong-qua-luat-cai-cach-ruong-dat-1953,Quốc hội thông qua Luật Cải cách ruộng đất và quyết định tiến hành cải cách ruộng đất,Tháng 12 – 1953,atomic,war_1945_1975,by_event/quoc-hoi-thong-qua-luat-cai-cach-ruong-dat-1953,1,thumbnail,image_01.<đúng-đuôi-file>,direct,high,Luật và chiến dịch Cải cách ruộng đất 1953,https://en.wikipedia.org/wiki/Land_reform_in_Vietnam,,,en.wikipedia.org,,check linked image file page before reuse,,,https://en.wikipedia.org/wiki/Land_reform_in_Vietnam,"Trang ghi Luật Cải cách ruộng đất ngày 4-12-1953 và quá trình triển khai; ưu tiên ảnh văn kiện, kỳ họp hoặc tư liệu cải cách ruộng đất đúng giai đoạn.",awaiting_manual_download,,btlsqsvn.org.vn|qdnd.vn|nhandan.vn|vietnamplus.vn|hochiminh.vn|baotanglichsu.vn|luutru.gov.vn|loc.gov|archives.gov,,,,,,True,False
152,quoc-hoi-thong-qua-luat-cai-cach-ruong-dat-1953,Quốc hội thông qua Luật Cải cách ruộng đất và quyết định tiến hành cải cách ruộng đất,Tháng 12 – 1953,atomic,war_1945_1975,by_event/quoc-hoi-thong-qua-luat-cai-cach-ruong-dat-1953,2,gallery,image_02.<đúng-đuôi-file>,strong_contextual,high,Trường Chinh và chủ trương cải cách ruộng đất,https://en.wikipedia.org/wiki/Tr%C6%B0%E1%BB%9Dng_Chinh,,,en.wikipedia.org,,check linked image file page before reuse,,,https://en.wikipedia.org/wiki/Tr%C6%B0%E1%BB%9Dng_Chinh,Trang ghi Trường Chinh trình bày đường lối và Quốc hội thông qua Luật Cải cách ruộng đất năm 1953; chọn ảnh đúng nhân vật và thời kỳ.,awaiting_manual_download,,btlsqsvn.org.vn|qdnd.vn|nhandan.vn|vietnamplus.vn|hochiminh.vn|baotanglichsu.vn|luutru.gov.vn|loc.gov|archives.gov,,,,,,True,False
153,cuoc-tien-cong-chien-luoc-dong-xuan-1953-1954,Cuộc Tiến công chiến lược Đông - Xuân 1953 - 1954,Đông - Xuân 1953 - 1954,atomic,war_1945_1975,by_event/cuoc-tien-cong-chien-luoc-dong-xuan-1953-1954,1,thumbnail,image_01.<đúng-đuôi-file>,direct,high,Tiến công chiến lược Đông–Xuân 1953–1954 trong Chiến tranh Đông Dương,https://en.wikipedia.org/wiki/First_Indochina_War,,,en.wikipedia.org,,check linked image file page before reuse,,,https://en.wikipedia.org/wiki/First_Indochina_War,Trang tổng hợp chiến sự 1953–1954; chọn bản đồ hoặc ảnh các hướng tiến công làm phân tán lực lượng Pháp và phá sản bước đầu Kế hoạch Nava.,awaiting_manual_download,,btlsqsvn.org.vn|qdnd.vn|nhandan.vn|vietnamplus.vn|hochiminh.vn|baotanglichsu.vn|luutru.gov.vn|loc.gov|archives.gov,,,,,,True,False
153,cuoc-tien-cong-chien-luoc-dong-xuan-1953-1954,Cuộc Tiến công chiến lược Đông - Xuân 1953 - 1954,Đông - Xuân 1953 - 1954,atomic,war_1945_1975,by_event/cuoc-tien-cong-chien-luoc-dong-xuan-1953-1954,2,gallery,image_02.<đúng-đuôi-file>,strong_contextual,high,Điện Biên Phủ — điểm kết thúc cao trào Đông–Xuân 1953–1954,https://en.wikipedia.org/wiki/Battle_of_Dien_Bien_Phu,,,en.wikipedia.org,,check linked image file page before reuse,,,https://en.wikipedia.org/wiki/Battle_of_Dien_Bien_Phu,Điện Biên Phủ là chiến dịch quyết định tiếp nối cuộc tiến công Đông–Xuân; phù hợp làm ảnh gallery khi ảnh thể hiện đúng mối liên hệ chiến lược.,awaiting_manual_download,,btlsqsvn.org.vn|qdnd.vn|nhandan.vn|vietnamplus.vn|hochiminh.vn|baotanglichsu.vn|luutru.gov.vn|loc.gov|archives.gov,,,,,,True,False
154,cai-cach-ruong-dat-mien-bac,"Hoàn thành cải cách ruộng đất, khôi phục kinh tế ở miền Bắc",1954 - 1960,atomic,war_1945_1975,by_event/cai-cach-ruong-dat-mien-bac,1,thumbnail,image_01.<đúng-đuôi-file>,direct,high,Cải cách ruộng đất và khôi phục miền Bắc,https://en.wikipedia.org/wiki/North_Vietnam,,,en.wikipedia.org,,check linked image file page before reuse,,,https://en.wikipedia.org/wiki/North_Vietnam,"Trang về miền Bắc có các mục cải cách ruộng đất, khôi phục sản xuất và kế hoạch ba năm; chọn ảnh nông nghiệp, phục hồi kinh tế hoặc cải cách đúng giai đoạn 1954–1960.",awaiting_manual_download,,btlsqsvn.org.vn|qdnd.vn|nhandan.vn|vietnamplus.vn|hochiminh.vn|baotanglichsu.vn|luutru.gov.vn|loc.gov|archives.gov,,,,,,True,False
154,cai-cach-ruong-dat-mien-bac,"Hoàn thành cải cách ruộng đất, khôi phục kinh tế ở miền Bắc",1954 - 1960,atomic,war_1945_1975,by_event/cai-cach-ruong-dat-mien-bac,2,gallery,image_02.<đúng-đuôi-file>,direct,high,Cải cách ruộng đất ở miền Bắc Việt Nam,https://en.wikipedia.org/wiki/Land_reform_in_North_Vietnam,,,en.wikipedia.org,,check linked image file page before reuse,,,https://en.wikipedia.org/wiki/Land_reform_in_North_Vietnam,"Trang trực tiếp về cải cách ruộng đất 1953–1956; chọn ảnh nông dân, chia ruộng hoặc tư liệu chiến dịch có chú thích thời gian rõ ràng.",awaiting_manual_download,,btlsqsvn.org.vn|qdnd.vn|nhandan.vn|vietnamplus.vn|hochiminh.vn|baotanglichsu.vn|luutru.gov.vn|loc.gov|archives.gov,,,,,,True,False
155,chien-tranh-bao-ve-doc-lap-dan-toc-va-chu-quyen-quoc-gia-o-dong-duong,Chiến tranh bảo vệ độc lập dân tộc và chủ quyền quốc gia ở Đông Dương,1954 - 1975,atomic,war_1945_1975,by_event/chien-tranh-bao-ve-doc-lap-dan-toc-va-chu-quyen-quoc-gia-o-dong-duong,1,thumbnail,image_01.<đúng-đuôi-file>,direct,high,Các cuộc chiến tranh Đông Dương 1954–1975,https://en.wikipedia.org/wiki/Indochina_wars,,,en.wikipedia.org,,check linked image file page before reuse,,,https://en.wikipedia.org/wiki/Indochina_wars,"Trang bao quát chiến tranh ở Việt Nam, Lào và Campuchia; chọn bản đồ hoặc ảnh thể hiện phạm vi ba nước trong giai đoạn 1954–1975.",awaiting_manual_download,,btlsqsvn.org.vn|qdnd.vn|nhandan.vn|vietnamplus.vn|hochiminh.vn|baotanglichsu.vn|luutru.gov.vn|loc.gov|archives.gov,,,,,,True,False
155,chien-tranh-bao-ve-doc-lap-dan-toc-va-chu-quyen-quoc-gia-o-dong-duong,Chiến tranh bảo vệ độc lập dân tộc và chủ quyền quốc gia ở Đông Dương,1954 - 1975,atomic,war_1945_1975,by_event/chien-tranh-bao-ve-doc-lap-dan-toc-va-chu-quyen-quoc-gia-o-dong-duong,2,gallery,image_02.<đúng-đuôi-file>,direct,high,Chiến tranh Việt Nam trong không gian Đông Dương,https://en.wikipedia.org/wiki/Vietnam_War,,,en.wikipedia.org,,check linked image file page before reuse,,,https://en.wikipedia.org/wiki/Vietnam_War,Trang xác nhận xung đột lan sang Lào và Campuchia; ưu tiên bản đồ chiến trường Đông Dương hoặc ảnh liên quân trực tiếp liên quan.,awaiting_manual_download,,btlsqsvn.org.vn|qdnd.vn|nhandan.vn|vietnamplus.vn|hochiminh.vn|baotanglichsu.vn|luutru.gov.vn|loc.gov|archives.gov,,,,,,True,False
156,giai-doan-khang-chien-chong-my-1954-1960,"Giai đoạn 1954 - 1960 của cuộc kháng chiến chống Mỹ, cứu nước",1954 - 1960,atomic,war_1945_1975,by_event/giai-doan-khang-chien-chong-my-1954-1960,1,thumbnail,image_01.<đúng-đuôi-file>,direct,high,Chiến tranh ở Việt Nam giai đoạn 1954–1959,https://en.wikipedia.org/wiki/War_in_Vietnam_%281954%E2%80%931959%29,,,en.wikipedia.org,,check linked image file page before reuse,,,https://en.wikipedia.org/wiki/War_in_Vietnam_%281954%E2%80%931959%29,"Trang trực tiếp về giai đoạn 1954–1959, gồm chia cắt hai miền, củng cố chính quyền Ngô Đình Diệm và phục hồi lực lượng cách mạng.",awaiting_manual_download,,btlsqsvn.org.vn|qdnd.vn|nhandan.vn|vietnamplus.vn|hochiminh.vn|baotanglichsu.vn|luutru.gov.vn|loc.gov|archives.gov,,,,,,True,False
156,giai-doan-khang-chien-chong-my-1954-1960,"Giai đoạn 1954 - 1960 của cuộc kháng chiến chống Mỹ, cứu nước",1954 - 1960,atomic,war_1945_1975,by_event/giai-doan-khang-chien-chong-my-1954-1960,2,gallery,image_02.<đúng-đuôi-file>,direct,high,Phong trào Đồng Khởi 1959–1960,https://en.wikipedia.org/wiki/%C4%90%E1%BB%93ng_Kh%E1%BB%9Fi_Movement,,,en.wikipedia.org,,check linked image file page before reuse,,,https://en.wikipedia.org/wiki/%C4%90%E1%BB%93ng_Kh%E1%BB%9Fi_Movement,Đồng Khởi là cao trào kết thúc giai đoạn 1954–1960 và gắn với Nghị quyết Trung ương 15; chọn ảnh trực tiếp về phong trào.,awaiting_manual_download,,btlsqsvn.org.vn|qdnd.vn|nhandan.vn|vietnamplus.vn|hochiminh.vn|baotanglichsu.vn|luutru.gov.vn|loc.gov|archives.gov,,,,,,True,False
157,khang-chien-chong-my-cuu-nuoc,"Cuộc kháng chiến chống Mỹ, cứu nước",1954-1975,collection,war_1945_1975,by_event/khang-chien-chong-my-cuu-nuoc,1,thumbnail,image_01.<đúng-đuôi-file>,direct,high,"Cuộc kháng chiến chống Mỹ, cứu nước 1954–1975",https://en.wikipedia.org/wiki/Vietnam_War,,,en.wikipedia.org,,check linked image file page before reuse,,,https://en.wikipedia.org/wiki/Vietnam_War,"Trang trực tiếp về toàn bộ cuộc chiến 1954/1955–1975; chọn ảnh hoặc bản đồ có giá trị đại diện rõ, tránh ảnh quá riêng lẻ nếu dùng làm thumbnail.",awaiting_manual_download,,btlsqsvn.org.vn|qdnd.vn|nhandan.vn|vietnamplus.vn|hochiminh.vn|baotanglichsu.vn|luutru.gov.vn|loc.gov|archives.gov,,,,,,True,False
157,khang-chien-chong-my-cuu-nuoc,"Cuộc kháng chiến chống Mỹ, cứu nước",1954-1975,collection,war_1945_1975,by_event/khang-chien-chong-my-cuu-nuoc,2,gallery,image_02.<đúng-đuôi-file>,strong_contextual,high,Đường mòn Hồ Chí Minh — tuyến chi viện chiến lược,https://en.wikipedia.org/wiki/Ho_Chi_Minh_trail,,,en.wikipedia.org,,check linked image file page before reuse,,,https://en.wikipedia.org/wiki/Ho_Chi_Minh_trail,"Tuyến chi viện là cấu phần chiến lược trực tiếp của cuộc kháng chiến chống Mỹ; phù hợp gallery, không thay thế ảnh tổng quan cho thumbnail nếu có lựa chọn tốt hơn.",awaiting_manual_download,,btlsqsvn.org.vn|qdnd.vn|nhandan.vn|vietnamplus.vn|hochiminh.vn|baotanglichsu.vn|luutru.gov.vn|loc.gov|archives.gov,,,,,,True,False
158,mien-bac-viet-nam-giai-phong-xay-dung-cnxh,Miền Bắc Việt Nam được giải phóng và đi theo con đường xây dựng chủ nghĩa xã hội,1954,atomic,war_1945_1975,by_event/mien-bac-viet-nam-giai-phong-xay-dung-cnxh,1,thumbnail,image_01.<đúng-đuôi-file>,direct,high,Miền Bắc Việt Nam sau năm 1954,https://en.wikipedia.org/wiki/North_Vietnam,,,en.wikipedia.org,,check linked image file page before reuse,,,https://en.wikipedia.org/wiki/North_Vietnam,"Trang trực tiếp về miền Bắc sau Hiệp định Giơ-ne-vơ, được công nhận chủ quyền và bước vào giai đoạn xây dựng nhà nước xã hội chủ nghĩa.",awaiting_manual_download,,btlsqsvn.org.vn|qdnd.vn|nhandan.vn|vietnamplus.vn|hochiminh.vn|baotanglichsu.vn|luutru.gov.vn|loc.gov|archives.gov,,,,,,True,False
158,mien-bac-viet-nam-giai-phong-xay-dung-cnxh,Miền Bắc Việt Nam được giải phóng và đi theo con đường xây dựng chủ nghĩa xã hội,1954,atomic,war_1945_1975,by_event/mien-bac-viet-nam-giai-phong-xay-dung-cnxh,2,gallery,image_02.<đúng-đuôi-file>,direct,high,Xây dựng chủ nghĩa xã hội ở miền Bắc,https://en.wikipedia.org/wiki/Socialism_in_Vietnam,,,en.wikipedia.org,,check linked image file page before reuse,,,https://en.wikipedia.org/wiki/Socialism_in_Vietnam,"Trang có giai đoạn 1954–1975 về xây dựng chủ nghĩa xã hội ở miền Bắc; chọn ảnh nhà máy, hợp tác xã hoặc công trình đúng thời kỳ.",awaiting_manual_download,,btlsqsvn.org.vn|qdnd.vn|nhandan.vn|vietnamplus.vn|hochiminh.vn|baotanglichsu.vn|luutru.gov.vn|loc.gov|archives.gov,,,,,,True,False
159,my-can-thiep-vao-dong-duong,Mỹ can thiệp vào Đông Dương,Từ năm 1954,atomic,war_1945_1975,by_event/my-can-thiep-vao-dong-duong,1,thumbnail,image_01.<đúng-đuôi-file>,direct,high,Phái bộ Cố vấn Viện trợ Quân sự Mỹ tại Đông Dương,https://en.wikipedia.org/wiki/Military_Assistance_Advisory_Group,,,en.wikipedia.org,,check linked image file page before reuse,,,https://en.wikipedia.org/wiki/Military_Assistance_Advisory_Group,"Trang trực tiếp về MAAG, viện trợ và vai trò Mỹ ở Đông Dương, đặc biệt chuyển trọng tâm sang Nam Việt Nam sau 1954.",awaiting_manual_download,,btlsqsvn.org.vn|qdnd.vn|nhandan.vn|vietnamplus.vn|hochiminh.vn|baotanglichsu.vn|luutru.gov.vn|loc.gov|archives.gov,,,,,,True,False
159,my-can-thiep-vao-dong-duong,Mỹ can thiệp vào Đông Dương,Từ năm 1954,atomic,war_1945_1975,by_event/my-can-thiep-vao-dong-duong,2,gallery,image_02.<đúng-đuôi-file>,direct,high,Mỹ can dự ngày càng sâu vào chiến tranh Việt Nam,https://en.wikipedia.org/wiki/United_States_in_the_Vietnam_War,,,en.wikipedia.org,,check linked image file page before reuse,,,https://en.wikipedia.org/wiki/United_States_in_the_Vietnam_War,"Trang dòng thời gian ghi viện trợ, cố vấn và các bước can thiệp của Mỹ từ thập niên 1950; chọn ảnh cố vấn, viện trợ hoặc thiết bị đúng giai đoạn.",awaiting_manual_download,,btlsqsvn.org.vn|qdnd.vn|nhandan.vn|vietnamplus.vn|hochiminh.vn|baotanglichsu.vn|luutru.gov.vn|loc.gov|archives.gov,,,,,,True,False
160,my-thay-chan-phap-dung-chinh-quyen-ngo-dinh-diem,"Mỹ thay chân Pháp, dựng chính quyền Ngô Đình Diệm",Sau Hiệp định Giơ-ne-vơ (1954),atomic,war_1945_1975,by_event/my-thay-chan-phap-dung-chinh-quyen-ngo-dinh-diem,1,thumbnail,image_01.<đúng-đuôi-file>,direct,high,Ngô Đình Diệm và sự hậu thuẫn của Hoa Kỳ,https://en.wikipedia.org/wiki/Ngo_Dinh_Diem,,,en.wikipedia.org,,check linked image file page before reuse,,,https://en.wikipedia.org/wiki/Ngo_Dinh_Diem,"Trang ghi Diệm trở về năm 1954, làm thủ tướng rồi lập Việt Nam Cộng hòa với sự hậu thuẫn của Mỹ; chọn ảnh Diệm với quan chức hoặc biểu tượng hỗ trợ Mỹ.",awaiting_manual_download,,btlsqsvn.org.vn|qdnd.vn|nhandan.vn|vietnamplus.vn|hochiminh.vn|baotanglichsu.vn|luutru.gov.vn|loc.gov|archives.gov,,,,,,True,False
160,my-thay-chan-phap-dung-chinh-quyen-ngo-dinh-diem,"Mỹ thay chân Pháp, dựng chính quyền Ngô Đình Diệm",Sau Hiệp định Giơ-ne-vơ (1954),atomic,war_1945_1975,by_event/my-thay-chan-phap-dung-chinh-quyen-ngo-dinh-diem,2,gallery,image_02.<đúng-đuôi-file>,direct,high,Giai đoạn Mỹ–Diệm 1954–1959,https://en.wikipedia.org/wiki/War_in_Vietnam_%281954%E2%80%931959%29,,,en.wikipedia.org,,check linked image file page before reuse,,,https://en.wikipedia.org/wiki/War_in_Vietnam_%281954%E2%80%931959%29,"Trang trực tiếp về quá trình Pháp rút, chính quyền Diệm củng cố quyền lực và Mỹ hỗ trợ Nam Việt Nam sau 1954.",awaiting_manual_download,,btlsqsvn.org.vn|qdnd.vn|nhandan.vn|vietnamplus.vn|hochiminh.vn|baotanglichsu.vn|luutru.gov.vn|loc.gov|archives.gov,,,,,,True,False
161,quan-li-hanh-chinh-chinh-quyen-sai-gon-hoang-sa-truong-sa,Quản lí hành chính của chính quyền Sài Gòn đối với quần đảo Hoàng Sa và quần đảo Trường Sa,Từ năm 1954 đến năm 1975,atomic,maritime,by_event/quan-li-hanh-chinh-chinh-quyen-sai-gon-hoang-sa-truong-sa,1,thumbnail,image_01.<đúng-đuôi-file>,direct,high,Chính quyền Việt Nam Cộng hòa thực thi quyền quản lý ở Trường Sa,https://en.wikipedia.org/wiki/Spratly_Islands_dispute,,,en.wikipedia.org,,check linked image file page before reuse,,,https://en.wikipedia.org/wiki/Spratly_Islands_dispute,"Trang ghi Việt Nam Cộng hòa kế thừa quyền và nghĩa vụ, dựng mốc và duy trì lực lượng tại Trường Sa đến 1975; chọn ảnh mốc chủ quyền, quân đồn trú hoặc bản đồ hành chính.",awaiting_manual_download,,mofa.gov.vn|biengioilanhtho.gov.vn|mod.gov.vn|qdnd.vn|chinhphu.vn|vietnamplus.vn|luutru.gov.vn,,,,,,True,False
161,quan-li-hanh-chinh-chinh-quyen-sai-gon-hoang-sa-truong-sa,Quản lí hành chính của chính quyền Sài Gòn đối với quần đảo Hoàng Sa và quần đảo Trường Sa,Từ năm 1954 đến năm 1975,atomic,maritime,by_event/quan-li-hanh-chinh-chinh-quyen-sai-gon-hoang-sa-truong-sa,2,gallery,image_02.<đúng-đuôi-file>,direct,high,Quản lý và đồn trú của Việt Nam Cộng hòa tại Hoàng Sa,https://en.wikipedia.org/wiki/Paracel_Islands,,,en.wikipedia.org,,check linked image file page before reuse,,,https://en.wikipedia.org/wiki/Paracel_Islands,"Trang ghi Nam Việt Nam tiếp quản sự hiện diện của Pháp và duy trì lực lượng tại Hoàng Sa; chọn ảnh đồn trú, đảo hoặc bản đồ đúng thời kỳ 1954–1975.",awaiting_manual_download,,mofa.gov.vn|biengioilanhtho.gov.vn|mod.gov.vn|qdnd.vn|chinhphu.vn|vietnamplus.vn|luutru.gov.vn,,,,,,True,False
162,viet-nam-tam-thoi-bi-chia-cat-hai-mien,Việt Nam tạm thời bị chia cắt làm hai miền,Sau Hiệp định Giơ-ne-vơ (1954),atomic,war_1945_1975,by_event/viet-nam-tam-thoi-bi-chia-cat-hai-mien,1,thumbnail,image_01.<đúng-đuôi-file>,direct,high,Hiệp định Giơ-ne-vơ và giới tuyến quân sự tạm thời,https://en.wikipedia.org/wiki/1954_Geneva_Conference,,,en.wikipedia.org,,check linked image file page before reuse,,,https://en.wikipedia.org/wiki/1954_Geneva_Conference,Trang trực tiếp ghi đường giới tuyến quân sự tạm thời gần vĩ tuyến 17 và việc tập kết lực lượng hai phía; ưu tiên bản đồ chia cắt tạm thời.,awaiting_manual_download,,btlsqsvn.org.vn|qdnd.vn|nhandan.vn|vietnamplus.vn|hochiminh.vn|baotanglichsu.vn|luutru.gov.vn|loc.gov|archives.gov,,,,,,True,False
162,viet-nam-tam-thoi-bi-chia-cat-hai-mien,Việt Nam tạm thời bị chia cắt làm hai miền,Sau Hiệp định Giơ-ne-vơ (1954),atomic,war_1945_1975,by_event/viet-nam-tam-thoi-bi-chia-cat-hai-mien,2,gallery,image_02.<đúng-đuôi-file>,direct,high,Miền Bắc Việt Nam sau chia cắt năm 1954,https://en.wikipedia.org/wiki/North_Vietnam,,,en.wikipedia.org,,check linked image file page before reuse,,,https://en.wikipedia.org/wiki/North_Vietnam,Trang mô tả Việt Nam tạm chia thành hai vùng sau Hiệp định Giơ-ne-vơ; chọn bản đồ Bắc–Nam hoặc ảnh biên giới/giới tuyến đúng giai đoạn.,awaiting_manual_download,,btlsqsvn.org.vn|qdnd.vn|nhandan.vn|vietnamplus.vn|hochiminh.vn|baotanglichsu.vn|luutru.gov.vn|loc.gov|archives.gov,,,,,,True,False
163,lien-xo-vien-tro-cho-viet-nam,Liên Xô viện trợ cho Việt Nam,1955 - 1975,atomic,war_1945_1975,by_event/lien-xo-vien-tro-cho-viet-nam,1,thumbnail,image_01.<đúng-đuôi-file>,direct,high,Quan hệ Liên Xô–Việt Nam và viện trợ cho miền Bắc,https://en.wikipedia.org/wiki/Russia%E2%80%93Vietnam_relations,,,en.wikipedia.org,,check linked image file page before reuse,,,https://en.wikipedia.org/wiki/Russia%E2%80%93Vietnam_relations,Trang ghi Liên Xô là đồng minh chủ chốt và cung cấp viện trợ quân sự quan trọng cho miền Bắc trong chiến tranh.,awaiting_manual_download,,btlsqsvn.org.vn|qdnd.vn|nhandan.vn|vietnamplus.vn|hochiminh.vn|baotanglichsu.vn|luutru.gov.vn|loc.gov|archives.gov,,,,,,True,False
163,lien-xo-vien-tro-cho-viet-nam,Liên Xô viện trợ cho Việt Nam,1955 - 1975,atomic,war_1945_1975,by_event/lien-xo-vien-tro-cho-viet-nam,2,gallery,image_02.<đúng-đuôi-file>,direct,high,Viện trợ và chuyên gia Liên Xô trong Chiến tranh Việt Nam,https://en.wikipedia.org/wiki/International_participation_in_the_Vietnam_War,,,en.wikipedia.org,,check linked image file page before reuse,,,https://en.wikipedia.org/wiki/International_participation_in_the_Vietnam_War,"Trang có mục riêng về Liên Xô, gồm vũ khí, tên lửa, chuyên gia và huấn luyện; chọn ảnh khí tài hoặc chuyên gia có chú thích nguồn rõ.",awaiting_manual_download,,btlsqsvn.org.vn|qdnd.vn|nhandan.vn|vietnamplus.vn|hochiminh.vn|baotanglichsu.vn|luutru.gov.vn|loc.gov|archives.gov,,,,,,True,False
164,ho-chi-minh-chu-tich-tong-bi-thu-dang-lao-dong-1956,"Chủ tịch Hồ Chí Minh là Chủ tịch Đảng, kiêm Tổng Bí thư Đảng Lao động Việt Nam",Tháng 10 – 1956,atomic,war_1945_1975,by_event/ho-chi-minh-chu-tich-tong-bi-thu-dang-lao-dong-1956,1,thumbnail,image_01.<đúng-đuôi-file>,direct,high,Ban Chấp hành Trung ương khóa II và Hồ Chí Minh kiêm Tổng Bí thư,https://en.wikipedia.org/wiki/2nd_Central_Committee_of_the_Workers%27_Party_of_Vietnam,,,en.wikipedia.org,,check linked image file page before reuse,,,https://en.wikipedia.org/wiki/2nd_Central_Committee_of_the_Workers%27_Party_of_Vietnam,Trang ghi Hồ Chí Minh là Chủ tịch Đảng và giữ chức Tổng Bí thư từ tháng 10-1956 đến 9-1960; chọn ảnh Hồ Chí Minh trong hoạt động Đảng đúng thời kỳ.,awaiting_manual_download,,btlsqsvn.org.vn|qdnd.vn|nhandan.vn|vietnamplus.vn|hochiminh.vn|baotanglichsu.vn|luutru.gov.vn|loc.gov|archives.gov,,,,,,True,False
164,ho-chi-minh-chu-tich-tong-bi-thu-dang-lao-dong-1956,"Chủ tịch Hồ Chí Minh là Chủ tịch Đảng, kiêm Tổng Bí thư Đảng Lao động Việt Nam",Tháng 10 – 1956,atomic,war_1945_1975,by_event/ho-chi-minh-chu-tich-tong-bi-thu-dang-lao-dong-1956,2,gallery,image_02.<đúng-đuôi-file>,direct,high,Hồ Chí Minh tiếp quản chức Tổng Bí thư năm 1956,https://en.wikipedia.org/wiki/General_Secretary_of_the_Communist_Party_of_Vietnam,,,en.wikipedia.org,,check linked image file page before reuse,,,https://en.wikipedia.org/wiki/General_Secretary_of_the_Communist_Party_of_Vietnam,Trang lịch sử chức vụ ghi Trường Chinh rời chức năm 1956 và Hồ Chí Minh tiếp quản; chọn ảnh nhân vật hoặc tư liệu tổ chức phù hợp.,awaiting_manual_download,,btlsqsvn.org.vn|qdnd.vn|nhandan.vn|vietnamplus.vn|hochiminh.vn|baotanglichsu.vn|luutru.gov.vn|loc.gov|archives.gov,,,,,,True,False
165,dai-loan-chiem-dong-dao-ba-binh-truong-sa,Đài Loan chiếm đóng đảo Ba Bình thuộc quần đảo Trường Sa,Năm 1956,atomic,maritime,by_event/dai-loan-chiem-dong-dao-ba-binh-truong-sa,1,thumbnail,image_01.<đúng-đuôi-file>,direct,high,Đảo Ba Bình (Taiping/Itu Aba) do Đài Loan tái đồn trú năm 1956,https://en.wikipedia.org/wiki/Taiping_Island,,,en.wikipedia.org,,check linked image file page before reuse,,,https://en.wikipedia.org/wiki/Taiping_Island,Trang trực tiếp về đảo Ba Bình và ghi chính quyền Trung Hoa Dân Quốc thiết lập sự hiện diện thường trực trở lại năm 1956.,awaiting_manual_download,,mofa.gov.vn|biengioilanhtho.gov.vn|mod.gov.vn|qdnd.vn|chinhphu.vn|vietnamplus.vn|luutru.gov.vn,,,,,,True,False
165,dai-loan-chiem-dong-dao-ba-binh-truong-sa,Đài Loan chiếm đóng đảo Ba Bình thuộc quần đảo Trường Sa,Năm 1956,atomic,maritime,by_event/dai-loan-chiem-dong-dao-ba-binh-truong-sa,2,gallery,image_02.<đúng-đuôi-file>,direct,high,Quần đảo Trường Sa và việc Đài Loan tái chiếm Ba Bình năm 1956,https://en.wikipedia.org/wiki/Spratly_Islands,,,en.wikipedia.org,,check linked image file page before reuse,,,https://en.wikipedia.org/wiki/Spratly_Islands,Trang lịch sử Trường Sa ghi Đài Loan tái đồn trú Itu Aba/Ba Bình năm 1956; chọn bản đồ hoặc ảnh đảo có chú thích rõ.,awaiting_manual_download,,mofa.gov.vn|biengioilanhtho.gov.vn|mod.gov.vn|qdnd.vn|chinhphu.vn|vietnamplus.vn|luutru.gov.vn,,,,,,True,False
166,philippin-tuyen-bo-quyen-khai-thac-lap-nghiep-truong-sa,"Phi-líp-pin tuyên bố có quyền khai thác, lập nghiệp tại nhóm đảo Trường Sa",Năm 1956,atomic,maritime,by_event/philippin-tuyen-bo-quyen-khai-thac-lap-nghiep-truong-sa,1,thumbnail,image_01.<đúng-đuôi-file>,direct,high,Tuyên bố Freedomland của Tomás Cloma năm 1956,https://en.wikipedia.org/wiki/Free_Territory_of_Freedomland,,,en.wikipedia.org,,check linked image file page before reuse,,,https://en.wikipedia.org/wiki/Free_Territory_of_Freedomland,"Trang trực tiếp về tuyên bố chiếm hữu, khai thác và lập nghiệp của nhóm Cloma tại Trường Sa năm 1956.",awaiting_manual_download,,mofa.gov.vn|biengioilanhtho.gov.vn|mod.gov.vn|qdnd.vn|chinhphu.vn|vietnamplus.vn|luutru.gov.vn,,,,,,True,False
166,philippin-tuyen-bo-quyen-khai-thac-lap-nghiep-truong-sa,"Phi-líp-pin tuyên bố có quyền khai thác, lập nghiệp tại nhóm đảo Trường Sa",Năm 1956,atomic,maritime,by_event/philippin-tuyen-bo-quyen-khai-thac-lap-nghiep-truong-sa,2,gallery,image_02.<đúng-đuôi-file>,direct,high,Kalayaan và yêu sách Philippines bắt nguồn từ năm 1956,https://en.wikipedia.org/wiki/Kalayaan%2C_Palawan,,,en.wikipedia.org,,check linked image file page before reuse,,,https://en.wikipedia.org/wiki/Kalayaan%2C_Palawan,"Trang ghi Cloma cùng 40 người tuyên bố chiếm hữu các đảo năm 1956; chọn ảnh Cloma, bản đồ nhóm đảo hoặc tư liệu tuyên bố.",awaiting_manual_download,,mofa.gov.vn|biengioilanhtho.gov.vn|mod.gov.vn|qdnd.vn|chinhphu.vn|vietnamplus.vn|luutru.gov.vn,,,,,,True,False
167,viet-nam-danh-chiem-nua-phia-dong-hoang-sa,Việt Nam (chính quyền Sài Gòn) đánh chiếm nửa phía đông của quần đảo Hoàng Sa (nhóm An Vĩnh),Năm 1956,atomic,maritime,by_event/viet-nam-danh-chiem-nua-phia-dong-hoang-sa,1,thumbnail,image_01.<đúng-đuôi-file>,strong_contextual,medium,Hoàng Sa năm 1956 — nguồn cần đối chiếu lại với event,https://en.wikipedia.org/wiki/Paracel_Islands,,,en.wikipedia.org,,check linked image file page before reuse,,,https://en.wikipedia.org/wiki/Paracel_Islands,"CẢNH BÁO DỮ LIỆU: nguồn ghi Nam Việt Nam đồn trú đảo Hoàng Sa/Pattle thuộc nhóm Lưỡi Liềm ở phía tây, trong khi Trung Quốc hiện diện ở nhóm An Vĩnh phía đông. Không tải ảnh để “chứng minh” event trước khi sửa/đối chiếu lại nội dung event.",blocked_data_issue,BLOCKED: unresolved historical/data issue. Do not approve or download as final evidence until the event data is corrected.,mofa.gov.vn|biengioilanhtho.gov.vn|mod.gov.vn|qdnd.vn|chinhphu.vn|vietnamplus.vn|luutru.gov.vn,blocked_data_issue,P0,data_issue,event hiện có dấu hiệu mâu thuẫn lịch sử về nhóm An Vĩnh năm 1956. Hai link dưới đây dùng để kiểm chứng dữ liệu trước; không tải ảnh như thể event đã được xác nhận đúng.,Không phê duyệt ảnh trước khi sửa/đối chiếu lại event về nhóm An Vĩnh năm 1956.,False,True
167,viet-nam-danh-chiem-nua-phia-dong-hoang-sa,Việt Nam (chính quyền Sài Gòn) đánh chiếm nửa phía đông của quần đảo Hoàng Sa (nhóm An Vĩnh),Năm 1956,atomic,maritime,by_event/viet-nam-danh-chiem-nua-phia-dong-hoang-sa,2,gallery,image_02.<đúng-đuôi-file>,strong_contextual,medium,Dòng thời gian tranh chấp Biển Đông năm 1956,https://en.wikipedia.org/wiki/Timeline_of_the_South_China_Sea_dispute,,,en.wikipedia.org,,check linked image file page before reuse,,,https://en.wikipedia.org/wiki/Timeline_of_the_South_China_Sea_dispute,"CẢNH BÁO DỮ LIỆU: dòng thời gian cho thấy năm 1956 Nam Việt Nam tuyên bố chủ quyền Hoàng Sa–Trường Sa nhưng không xác nhận việc đánh chiếm nhóm An Vĩnh; dùng để kiểm chứng mâu thuẫn, không dùng như bằng chứng cho phát biểu hiện tại.",blocked_data_issue,BLOCKED: unresolved historical/data issue. Do not approve or download as final evidence until the event data is corrected.,mofa.gov.vn|biengioilanhtho.gov.vn|mod.gov.vn|qdnd.vn|chinhphu.vn|vietnamplus.vn|luutru.gov.vn,blocked_data_issue,P0,data_issue,event hiện có dấu hiệu mâu thuẫn lịch sử về nhóm An Vĩnh năm 1956. Hai link dưới đây dùng để kiểm chứng dữ liệu trước; không tải ảnh như thể event đã được xác nhận đúng.,Không phê duyệt ảnh trước khi sửa/đối chiếu lại event về nhóm An Vĩnh năm 1956.,False,True
168,hoi-nghi-ban-chap-hanh-trung-uong-lan-thu-15-dang-lao-dong-viet-nam,Hội nghị Ban Chấp hành Trung ương lần thứ 15 của Đảng Lao động Việt Nam,Tháng 1 – 1959,atomic,war_1945_1975,by_event/hoi-nghi-ban-chap-hanh-trung-uong-lan-thu-15-dang-lao-dong-viet-nam,1,thumbnail,image_01.<đúng-đuôi-file>,direct,high,Hội nghị Trung ương 15 trong Ban Chấp hành Trung ương khóa II,https://en.wikipedia.org/wiki/2nd_Central_Committee_of_the_Workers%27_Party_of_Vietnam,,,en.wikipedia.org,,check linked image file page before reuse,,,https://en.wikipedia.org/wiki/2nd_Central_Committee_of_the_Workers%27_Party_of_Vietnam,"Trang lịch các hội nghị ghi Hội nghị Trung ương 15 ngày 5-1-1959; chọn ảnh hội nghị, lãnh đạo hoặc tư liệu khóa II nếu có chú thích phù hợp.",awaiting_manual_download,,btlsqsvn.org.vn|qdnd.vn|nhandan.vn|vietnamplus.vn|hochiminh.vn|baotanglichsu.vn|luutru.gov.vn|loc.gov|archives.gov,,,,,,True,False
168,hoi-nghi-ban-chap-hanh-trung-uong-lan-thu-15-dang-lao-dong-viet-nam,Hội nghị Ban Chấp hành Trung ương lần thứ 15 của Đảng Lao động Việt Nam,Tháng 1 – 1959,atomic,war_1945_1975,by_event/hoi-nghi-ban-chap-hanh-trung-uong-lan-thu-15-dang-lao-dong-viet-nam,2,gallery,image_02.<đúng-đuôi-file>,strong_contextual,high,Nghị quyết Trung ương 15 và phong trào Đồng Khởi,https://en.wikipedia.org/wiki/%C4%90%E1%BB%93ng_Kh%E1%BB%9Fi_Movement,,,en.wikipedia.org,,check linked image file page before reuse,,,https://en.wikipedia.org/wiki/%C4%90%E1%BB%93ng_Kh%E1%BB%9Fi_Movement,Trang ghi Hội nghị Trung ương 15 tháng 1-1959 quyết định cho cách mạng miền Nam dùng bạo lực cách mạng; Đồng Khởi là hệ quả trực tiếp của đường lối này.,awaiting_manual_download,,btlsqsvn.org.vn|qdnd.vn|nhandan.vn|vietnamplus.vn|hochiminh.vn|baotanglichsu.vn|luutru.gov.vn|loc.gov|archives.gov,,,,,,True,False
169,dai-hoi-dai-bieu-toan-quoc-lan-thu-iii-dang-lao-dong-viet-nam,Đại hội đại biểu toàn quốc lần thứ III Đảng Lao động Việt Nam,Tháng 9 – 1960,atomic,war_1945_1975,by_event/dai-hoi-dai-bieu-toan-quoc-lan-thu-iii-dang-lao-dong-viet-nam,1,thumbnail,image_01.<đúng-đuôi-file>,direct,high,"Đại hội III Đảng Lao động Việt Nam, tháng 9-1960",https://en.wikipedia.org/wiki/3rd_National_Congress_of_the_Workers%27_Party_of_Vietnam,,,en.wikipedia.org,,check linked image file page before reuse,,,https://en.wikipedia.org/wiki/3rd_National_Congress_of_the_Workers%27_Party_of_Vietnam,"Trang trực tiếp về Đại hội III tại Hà Nội từ 5 đến 10-9-1960; chọn ảnh đại hội, đoàn chủ tịch hoặc đại biểu có chú thích rõ.",awaiting_manual_download,,btlsqsvn.org.vn|qdnd.vn|nhandan.vn|vietnamplus.vn|hochiminh.vn|baotanglichsu.vn|luutru.gov.vn|loc.gov|archives.gov,,,,,,True,False
169,dai-hoi-dai-bieu-toan-quoc-lan-thu-iii-dang-lao-dong-viet-nam,Đại hội đại biểu toàn quốc lần thứ III Đảng Lao động Việt Nam,Tháng 9 – 1960,atomic,war_1945_1975,by_event/dai-hoi-dai-bieu-toan-quoc-lan-thu-iii-dang-lao-dong-viet-nam,2,gallery,image_02.<đúng-đuôi-file>,direct,high,Ban Chấp hành Trung ương khóa III được bầu tại Đại hội,https://en.wikipedia.org/wiki/3rd_Central_Committee_of_the_Workers%27_Party_of_Vietnam,,,en.wikipedia.org,,check linked image file page before reuse,,,https://en.wikipedia.org/wiki/3rd_Central_Committee_of_the_Workers%27_Party_of_Vietnam,Trang trực tiếp về Ban Chấp hành Trung ương được Đại hội III bầu; phù hợp cho ảnh cơ cấu lãnh đạo hoặc biểu tượng đại hội nếu có nguồn file rõ.,awaiting_manual_download,,btlsqsvn.org.vn|qdnd.vn|nhandan.vn|vietnamplus.vn|hochiminh.vn|baotanglichsu.vn|luutru.gov.vn|loc.gov|archives.gov,,,,,,True,False
170,thanh-lap-mat-tran-dan-toc-giai-phong-mien-nam-viet-nam,Thành lập Mặt trận Dân tộc giải phóng miền Nam Việt Nam,20 – 12 – 1960,atomic,war_1945_1975,by_event/thanh-lap-mat-tran-dan-toc-giai-phong-mien-nam-viet-nam,1,thumbnail,image_01.<đúng-đuôi-file>,direct,high,Mặt trận Dân tộc Giải phóng miền Nam Việt Nam — thành lập ngày 20-12-1960,https://en.wikipedia.org/wiki/Viet_Cong,,,en.wikipedia.org,,check linked image file page before reuse,,,https://en.wikipedia.org/wiki/Viet_Cong,"Trang trực tiếp về Mặt trận Dân tộc Giải phóng miền Nam và ghi ngày thành lập 20-12-1960; ưu tiên ảnh cờ, đại biểu, địa điểm hoặc tư liệu tổ chức đúng giai đoạn đầu.",awaiting_manual_download,,btlsqsvn.org.vn|qdnd.vn|nhandan.vn|vietnamplus.vn|hochiminh.vn|baotanglichsu.vn|luutru.gov.vn|loc.gov|archives.gov,,,,,,True,False
170,thanh-lap-mat-tran-dan-toc-giai-phong-mien-nam-viet-nam,Thành lập Mặt trận Dân tộc giải phóng miền Nam Việt Nam,20 – 12 – 1960,atomic,war_1945_1975,by_event/thanh-lap-mat-tran-dan-toc-giai-phong-mien-nam-viet-nam,2,gallery,image_02.<đúng-đuôi-file>,strong_contextual,high,Phong trào Đồng Khởi dẫn tới sự ra đời của Mặt trận,https://en.wikipedia.org/wiki/%C4%90%E1%BB%93ng_Kh%E1%BB%9Fi_Movement,,,en.wikipedia.org,,check linked image file page before reuse,,,https://en.wikipedia.org/wiki/%C4%90%E1%BB%93ng_Kh%E1%BB%9Fi_Movement,Phong trào Đồng Khởi là bối cảnh trực tiếp dẫn tới việc thành lập Mặt trận; chỉ chọn ảnh thể hiện cao trào hoặc lực lượng chính trị gắn rõ với sự ra đời của Mặt trận.,awaiting_manual_download,,btlsqsvn.org.vn|qdnd.vn|nhandan.vn|vietnamplus.vn|hochiminh.vn|baotanglichsu.vn|luutru.gov.vn|loc.gov|archives.gov,,,,,,True,False
171,thanh-lap-quan-giai-phong-mien-nam,Thành lập Quân Giải phóng miền Nam,Ngày 15 – 2 – 1961,atomic,war_1945_1975,by_event/thanh-lap-quan-giai-phong-mien-nam,1,thumbnail,image_01.<đúng-đuôi-file>,direct,high,Quân Giải phóng miền Nam Việt Nam — được công nhận ngày 15-2-1961,https://en.wikipedia.org/wiki/Liberation_Army_of_South_Vietnam,,,en.wikipedia.org,,check linked image file page before reuse,,,https://en.wikipedia.org/wiki/Liberation_Army_of_South_Vietnam,"Trang trực tiếp về Quân Giải phóng miền Nam và nêu ngày 15-2-1961; ưu tiên cờ hiệu, đơn vị hoặc lực lượng được chú thích đúng giai đoạn thành lập.",awaiting_manual_download,,btlsqsvn.org.vn|qdnd.vn|nhandan.vn|vietnamplus.vn|hochiminh.vn|baotanglichsu.vn|luutru.gov.vn|loc.gov|archives.gov,,,,,,True,False
171,thanh-lap-quan-giai-phong-mien-nam,Thành lập Quân Giải phóng miền Nam,Ngày 15 – 2 – 1961,atomic,war_1945_1975,by_event/thanh-lap-quan-giai-phong-mien-nam,2,gallery,image_02.<đúng-đuôi-file>,strong_contextual,medium,Quan hệ tổ chức giữa Quân Giải phóng miền Nam và Quân đội Nhân dân Việt Nam,https://en.wikipedia.org/wiki/People%27s_Army_of_Vietnam,,,en.wikipedia.org,,check linked image file page before reuse,,,https://en.wikipedia.org/wiki/People%27s_Army_of_Vietnam,"Trang cung cấp bối cảnh tổ chức và quan hệ lực lượng; chỉ dùng ảnh có chú thích cụ thể về lực lượng giải phóng miền Nam năm 1961, không dùng ảnh PAVN chung chung.",awaiting_manual_download,,btlsqsvn.org.vn|qdnd.vn|nhandan.vn|vietnamplus.vn|hochiminh.vn|baotanglichsu.vn|luutru.gov.vn|loc.gov|archives.gov,,,,,,True,False
172,chu-tich-ho-chi-minh-tham-quan-cang-bai-chay-1961,Chủ tịch Hồ Chí Minh thăm Quân cảng Bãi Cháy và căn dặn về bảo vệ biển,Năm 1961,atomic,war_1945_1975,by_event/chu-tich-ho-chi-minh-tham-quan-cang-bai-chay-1961,1,thumbnail,image_01.<đúng-đuôi-file>,strong_contextual,medium,Bãi Cháy — địa điểm của chuyến thăm năm 1961,https://en.wikipedia.org/wiki/B%C3%A3i_Ch%C3%A1y,,,en.wikipedia.org,,check linked image file page before reuse,,,https://en.wikipedia.org/wiki/B%C3%A3i_Ch%C3%A1y,Nguồn xác định đúng địa điểm Bãi Cháy nhưng không trực tiếp chứng minh chuyến thăm; chỉ tải nếu tìm thấy ảnh tư liệu có chú thích rõ Hồ Chí Minh tại quân cảng năm 1961.,blocked_needs_direct_source,BLOCKED: no sufficiently direct image source was found. Current links are research leads only.,btlsqsvn.org.vn|qdnd.vn|nhandan.vn|vietnamplus.vn|hochiminh.vn|baotanglichsu.vn|luutru.gov.vn|loc.gov|archives.gov,blocked_needs_direct_source,P1,missing_direct_source,Chưa có nguồn ảnh trực tiếp đủ chắc cho chính chuyến thăm Quân cảng Bãi Cháy năm 1961. Hai link dưới đây chỉ là điểm xuất phát theo địa điểm và lực lượng; không tải ảnh chung chung.,Giữ event ở trạng thái blocked cho đến khi tìm được tư liệu trực tiếp hoặc chấp nhận rõ đây chỉ là contextual.,False,True
172,chu-tich-ho-chi-minh-tham-quan-cang-bai-chay-1961,Chủ tịch Hồ Chí Minh thăm Quân cảng Bãi Cháy và căn dặn về bảo vệ biển,Năm 1961,atomic,war_1945_1975,by_event/chu-tich-ho-chi-minh-tham-quan-cang-bai-chay-1961,2,gallery,image_02.<đúng-đuôi-file>,strong_contextual,medium,Hải quân Nhân dân Việt Nam — lực lượng gắn với lời căn dặn bảo vệ biển,https://en.wikipedia.org/wiki/Vietnam_People%27s_Navy,,,en.wikipedia.org,,check linked image file page before reuse,,,https://en.wikipedia.org/wiki/Vietnam_People%27s_Navy,Nguồn cung cấp bối cảnh lực lượng hải quân; không dùng ảnh tàu chiến chung chung. Chỉ chọn tư liệu có chú thích trực tiếp về chuyến thăm/căn dặn của Hồ Chí Minh năm 1961.,blocked_needs_direct_source,BLOCKED: no sufficiently direct image source was found. Current links are research leads only.,btlsqsvn.org.vn|qdnd.vn|nhandan.vn|vietnamplus.vn|hochiminh.vn|baotanglichsu.vn|luutru.gov.vn|loc.gov|archives.gov,blocked_needs_direct_source,P1,missing_direct_source,Chưa có nguồn ảnh trực tiếp đủ chắc cho chính chuyến thăm Quân cảng Bãi Cháy năm 1961. Hai link dưới đây chỉ là điểm xuất phát theo địa điểm và lực lượng; không tải ảnh chung chung.,Giữ event ở trạng thái blocked cho đến khi tìm được tư liệu trực tiếp hoặc chấp nhận rõ đây chỉ là contextual.,False,True
173,ke-hoach-nha-nuoc-5-nam-lan-thu-nhat-mien-bac,Kế hoạch Nhà nước 5 năm lần thứ nhất (1961-1965) ở miền Bắc,1961 - 1965,atomic,war_1945_1975,by_event/ke-hoach-nha-nuoc-5-nam-lan-thu-nhat-mien-bac,1,thumbnail,image_01.<đúng-đuôi-file>,direct,high,Kế hoạch 5 năm lần thứ nhất của miền Bắc 1961–1965,https://en.wikipedia.org/wiki/Five-Year_Plans_of_Vietnam,,,en.wikipedia.org,,check linked image file page before reuse,,,https://en.wikipedia.org/wiki/Five-Year_Plans_of_Vietnam,"Trang có mục riêng về Kế hoạch 5 năm lần thứ nhất 1961–1965 ở miền Bắc; ưu tiên ảnh nhà máy, công trình, hợp tác xã hoặc biểu đồ đúng kế hoạch.",awaiting_manual_download,,btlsqsvn.org.vn|qdnd.vn|nhandan.vn|vietnamplus.vn|hochiminh.vn|baotanglichsu.vn|luutru.gov.vn|loc.gov|archives.gov,,,,,,True,False
173,ke-hoach-nha-nuoc-5-nam-lan-thu-nhat-mien-bac,Kế hoạch Nhà nước 5 năm lần thứ nhất (1961-1965) ở miền Bắc,1961 - 1965,atomic,war_1945_1975,by_event/ke-hoach-nha-nuoc-5-nam-lan-thu-nhat-mien-bac,2,gallery,image_02.<đúng-đuôi-file>,direct,high,Kinh tế miền Bắc trong Kế hoạch 5 năm lần thứ nhất,https://en.wikipedia.org/wiki/Economic_history_of_Vietnam,,,en.wikipedia.org,,check linked image file page before reuse,,,https://en.wikipedia.org/wiki/Economic_history_of_Vietnam,Trang mô tả trực tiếp ưu tiên công nghiệp nặng và bối cảnh kinh tế miền Bắc 1961–1965; chọn ảnh sản xuất hoặc xây dựng có niên đại rõ.,awaiting_manual_download,,btlsqsvn.org.vn|qdnd.vn|nhandan.vn|vietnamplus.vn|hochiminh.vn|baotanglichsu.vn|luutru.gov.vn|loc.gov|archives.gov,,,,,,True,False
174,chien-thang-ap-bac,Chiến thắng Ấp Bắc,Tháng 1 – 1963,atomic,war_1945_1975,by_event/chien-thang-ap-bac,1,thumbnail,image_01.<đúng-đuôi-file>,direct,high,Trận Ấp Bắc ngày 2-1-1963,https://en.wikipedia.org/wiki/Battle_of_Ap_Bac,,,en.wikipedia.org,,check linked image file page before reuse,,,https://en.wikipedia.org/wiki/Battle_of_Ap_Bac,"Trang trực tiếp về trận Ấp Bắc; ưu tiên ảnh trực thăng bị bắn hạ, bản đồ trận đánh hoặc lực lượng tham chiến có chú thích đúng ngày và địa điểm.",awaiting_manual_download,,btlsqsvn.org.vn|qdnd.vn|nhandan.vn|vietnamplus.vn|hochiminh.vn|baotanglichsu.vn|luutru.gov.vn|loc.gov|archives.gov,,,,,,True,False
174,chien-thang-ap-bac,Chiến thắng Ấp Bắc,Tháng 1 – 1963,atomic,war_1945_1975,by_event/chien-thang-ap-bac,2,gallery,image_02.<đúng-đuôi-file>,direct,medium,Chiến sự Việt Nam năm 1963 — Ấp Bắc,https://en.wikipedia.org/wiki/1963_in_the_Vietnam_War,,,en.wikipedia.org,,check linked image file page before reuse,,,https://en.wikipedia.org/wiki/1963_in_the_Vietnam_War,"Dòng thời gian chiến tranh năm 1963 có trận Ấp Bắc; chỉ dùng ảnh được chú thích trực tiếp cho trận, không lấy ảnh chiến tranh cùng năm nhưng khác sự kiện.",awaiting_manual_download,,btlsqsvn.org.vn|qdnd.vn|nhandan.vn|vietnamplus.vn|hochiminh.vn|baotanglichsu.vn|luutru.gov.vn|loc.gov|archives.gov,,,,,,True,False
175,chien-tranh-pha-hoai-mien-bac-lan-thu-nhat,Chiến tranh phá hoại miền Bắc lần thứ nhất của Mỹ,Tháng 8 – 1964 – 1968,atomic,war_1945_1975,by_event/chien-tranh-pha-hoai-mien-bac-lan-thu-nhat,1,thumbnail,image_01.<đúng-đuôi-file>,direct,high,Chiến dịch Pierce Arrow mở đầu đánh phá miền Bắc tháng 8-1964,https://en.wikipedia.org/wiki/Operation_Pierce_Arrow,,,en.wikipedia.org,,check linked image file page before reuse,,,https://en.wikipedia.org/wiki/Operation_Pierce_Arrow,Chiến dịch Pierce Arrow là đợt không kích trực tiếp sau sự kiện Vịnh Bắc Bộ tháng 8-1964; phù hợp minh họa giai đoạn mở đầu chiến tranh phá hoại lần thứ nhất.,awaiting_manual_download,,btlsqsvn.org.vn|qdnd.vn|nhandan.vn|vietnamplus.vn|hochiminh.vn|baotanglichsu.vn|luutru.gov.vn|loc.gov|archives.gov,,,,,,True,False
175,chien-tranh-pha-hoai-mien-bac-lan-thu-nhat,Chiến tranh phá hoại miền Bắc lần thứ nhất của Mỹ,Tháng 8 – 1964 – 1968,atomic,war_1945_1975,by_event/chien-tranh-pha-hoai-mien-bac-lan-thu-nhat,2,gallery,image_02.<đúng-đuôi-file>,direct,high,Chiến dịch Rolling Thunder 1965–1968,https://en.wikipedia.org/wiki/Operation_Rolling_Thunder,,,en.wikipedia.org,,check linked image file page before reuse,,,https://en.wikipedia.org/wiki/Operation_Rolling_Thunder,"Trang trực tiếp về chiến dịch ném bom kéo dài 1965–1968 trên miền Bắc; ưu tiên máy bay, bản đồ mục tiêu hoặc hậu quả có chú thích rõ.",awaiting_manual_download,,btlsqsvn.org.vn|qdnd.vn|nhandan.vn|vietnamplus.vn|hochiminh.vn|baotanglichsu.vn|luutru.gov.vn|loc.gov|archives.gov,,,,,,True,False
176,cac-chien-thang-quan-su-1964-1965,Các chiến thắng quân sự 1964-1965,1964 – 1965,atomic,war_1945_1975,by_event/cac-chien-thang-quan-su-1964-1965,1,thumbnail,image_01.<đúng-đuôi-file>,direct,high,Chiến thắng Bình Giã 1964–1965,https://en.wikipedia.org/wiki/Battle_of_Binh_Gia,,,en.wikipedia.org,,check linked image file page before reuse,,,https://en.wikipedia.org/wiki/Battle_of_Binh_Gia,Bình Giã là một trong các thắng lợi quân sự tiêu biểu cuối 1964 đầu 1965; chọn ảnh hoặc bản đồ đúng trận.,awaiting_manual_download,,btlsqsvn.org.vn|qdnd.vn|nhandan.vn|vietnamplus.vn|hochiminh.vn|baotanglichsu.vn|luutru.gov.vn|loc.gov|archives.gov,,,,,,True,False
176,cac-chien-thang-quan-su-1964-1965,Các chiến thắng quân sự 1964-1965,1964 – 1965,atomic,war_1945_1975,by_event/cac-chien-thang-quan-su-1964-1965,2,gallery,image_02.<đúng-đuôi-file>,direct,high,Chiến thắng Đồng Xoài tháng 6-1965,https://en.wikipedia.org/wiki/Battle_of_%C4%90%E1%BB%93ng_Xo%C3%A0i,,,en.wikipedia.org,,check linked image file page before reuse,,,https://en.wikipedia.org/wiki/Battle_of_%C4%90%E1%BB%93ng_Xo%C3%A0i,"Đồng Xoài là một thắng lợi quân sự tiêu biểu năm 1965; chọn ảnh chiến trường, bản đồ hoặc đơn vị tham chiến có chú thích trực tiếp.",awaiting_manual_download,,btlsqsvn.org.vn|qdnd.vn|nhandan.vn|vietnamplus.vn|hochiminh.vn|baotanglichsu.vn|luutru.gov.vn|loc.gov|archives.gov,,,,,,True,False
177,chien-thang-van-tuong,Chiến thắng Vạn Tường,18 – 8 – 1965,atomic,war_1945_1975,by_event/chien-thang-van-tuong,1,thumbnail,image_01.<đúng-đuôi-file>,direct,high,"Chiến thắng Vạn Tường / Operation Starlite, 18-8-1965",https://en.wikipedia.org/wiki/Operation_Starlite,,,en.wikipedia.org,,check linked image file page before reuse,,,https://en.wikipedia.org/wiki/Operation_Starlite,"Trang trực tiếp về trận Vạn Tường, bắt đầu ngày 18-8-1965; ưu tiên ảnh tù binh, bản đồ, lực lượng hoặc địa điểm có chú thích đúng trận.",awaiting_manual_download,,btlsqsvn.org.vn|qdnd.vn|nhandan.vn|vietnamplus.vn|hochiminh.vn|baotanglichsu.vn|luutru.gov.vn|loc.gov|archives.gov,,,,,,True,False
177,chien-thang-van-tuong,Chiến thắng Vạn Tường,18 – 8 – 1965,atomic,war_1945_1975,by_event/chien-thang-van-tuong,2,gallery,image_02.<đúng-đuôi-file>,direct,medium,Chiến sự Việt Nam năm 1965 — trận Vạn Tường,https://en.wikipedia.org/wiki/1965_in_the_Vietnam_War,,,en.wikipedia.org,,check linked image file page before reuse,,,https://en.wikipedia.org/wiki/1965_in_the_Vietnam_War,Dòng thời gian 1965 dùng để tìm thêm ảnh trực tiếp về Vạn Tường; bỏ qua mọi ảnh khác trận dù cùng năm.,awaiting_manual_download,,btlsqsvn.org.vn|qdnd.vn|nhandan.vn|vietnamplus.vn|hochiminh.vn|baotanglichsu.vn|luutru.gov.vn|loc.gov|archives.gov,,,,,,True,False
178,hoi-nghi-pa-ri-ve-viet-nam,Hội nghị Pa-ri về Việt Nam,1968 – 27-1-1973,atomic,war_1945_1975,by_event/hoi-nghi-pa-ri-ve-viet-nam,1,thumbnail,image_01.<đúng-đuôi-file>,direct,high,Hội nghị Pa-ri và Hiệp định Paris về Việt Nam,https://en.wikipedia.org/wiki/Paris_Peace_Accords,,,en.wikipedia.org,,check linked image file page before reuse,,,https://en.wikipedia.org/wiki/Paris_Peace_Accords,"Trang trực tiếp về tiến trình đàm phán bắt đầu năm 1968 và hiệp định ký ngày 27-1-1973; ưu tiên ảnh bàn đàm phán, đoàn đại biểu hoặc lễ ký.",awaiting_manual_download,,btlsqsvn.org.vn|qdnd.vn|nhandan.vn|vietnamplus.vn|hochiminh.vn|baotanglichsu.vn|luutru.gov.vn|loc.gov|archives.gov,,,,,,True,False
178,hoi-nghi-pa-ri-ve-viet-nam,Hội nghị Pa-ri về Việt Nam,1968 – 27-1-1973,atomic,war_1945_1975,by_event/hoi-nghi-pa-ri-ve-viet-nam,2,gallery,image_02.<đúng-đuôi-file>,strong_contextual,high,Lê Đức Thọ trong tiến trình đàm phán Paris,https://en.wikipedia.org/wiki/L%C3%AA_%C4%90%E1%BB%A9c_Th%E1%BB%8D,,,en.wikipedia.org,,check linked image file page before reuse,,,https://en.wikipedia.org/wiki/L%C3%AA_%C4%90%E1%BB%A9c_Th%E1%BB%8D,"Lê Đức Thọ là nhà đàm phán chủ chốt của phía Việt Nam; chỉ dùng ảnh tại/đúng bối cảnh đàm phán Paris, không dùng chân dung chung chung.",awaiting_manual_download,,btlsqsvn.org.vn|qdnd.vn|nhandan.vn|vietnamplus.vn|hochiminh.vn|baotanglichsu.vn|luutru.gov.vn|loc.gov|archives.gov,,,,,,True,False
179,thanh-lap-chinh-phu-cach-mang-lam-thoi-cong-hoa-mien-nam-viet-nam,Thành lập Chính phủ cách mạng lâm thời Cộng hoà miền Nam Việt Nam,Ngày 8-6-1969,atomic,war_1945_1975,by_event/thanh-lap-chinh-phu-cach-mang-lam-thoi-cong-hoa-mien-nam-viet-nam,1,thumbnail,image_01.<đúng-đuôi-file>,direct,high,Chính phủ Cách mạng lâm thời Cộng hòa miền Nam Việt Nam,https://en.wikipedia.org/wiki/Provisional_Revolutionary_Government_of_the_Republic_of_South_Vietnam,,,en.wikipedia.org,,check linked image file page before reuse,,,https://en.wikipedia.org/wiki/Hu%E1%BB%B3nh_T%E1%BA%A5n_Ph%C3%A1t,"Trang trực tiếp về việc thành lập Chính phủ Cách mạng lâm thời năm 1969; ưu tiên ảnh lãnh đạo, cờ, đoàn đại biểu hoặc hoạt động chính phủ đúng giai đoạn. Ngày được chuẩn hóa thành 8-6-1969 trong V2 sau lượt kiểm chứng.",awaiting_manual_download,DATA CORRECTED IN V2: Multiple reference pages for the PRG and its leaders converge on 8 June 1969.,btlsqsvn.org.vn|qdnd.vn|nhandan.vn|vietnamplus.vn|hochiminh.vn|baotanglichsu.vn|luutru.gov.vn|loc.gov|archives.gov,awaiting_manual_download,RESOLVED,resolved_data_correction,Multiple reference pages for the PRG and its leaders converge on 8 June 1969.,Use corrected V2 metadata; preserve the correction log when syncing back to the master dataset.,True,False
179,thanh-lap-chinh-phu-cach-mang-lam-thoi-cong-hoa-mien-nam-viet-nam,Thành lập Chính phủ cách mạng lâm thời Cộng hoà miền Nam Việt Nam,Ngày 8-6-1969,atomic,war_1945_1975,by_event/thanh-lap-chinh-phu-cach-mang-lam-thoi-cong-hoa-mien-nam-viet-nam,2,gallery,image_02.<đúng-đuôi-file>,strong_contextual,high,Nguyễn Hữu Thọ và cơ cấu lãnh đạo Chính phủ Cách mạng lâm thời,https://en.wikipedia.org/wiki/Nguy%E1%BB%85n_H%E1%BB%AFu_Th%E1%BB%8D,,,en.wikipedia.org,,check linked image file page before reuse,,,https://en.wikipedia.org/wiki/Provisional_Revolutionary_Government_of_the_Republic_of_South_Vietnam,Nguyễn Hữu Thọ giữ vai trò lãnh đạo trong cơ cấu chính trị của Chính phủ Cách mạng lâm thời; chỉ chọn ảnh đúng giai đoạn năm 1969 hoặc hoạt động của chính phủ.,awaiting_manual_download,DATA CORRECTED IN V2: Multiple reference pages for the PRG and its leaders converge on 8 June 1969.,btlsqsvn.org.vn|qdnd.vn|nhandan.vn|vietnamplus.vn|hochiminh.vn|baotanglichsu.vn|luutru.gov.vn|loc.gov|archives.gov,awaiting_manual_download,RESOLVED,resolved_data_correction,Multiple reference pages for the PRG and its leaders converge on 8 June 1969.,Use corrected V2 metadata; preserve the correction log when syncing back to the master dataset.,True,False
180,dap-tan-cuoc-hanh-quan-xam-luoc-vao-cam-pu-chia-1970,Đập tan cuộc hành quân xâm lược của Mỹ và quân đội Sài Gòn vào Cam-pu-chia,Từ ngày 30 – 4 đến ngày 30-6-1970,atomic,war_1945_1975,by_event/dap-tan-cuoc-hanh-quan-xam-luoc-vao-cam-pu-chia-1970,1,thumbnail,image_01.<đúng-đuôi-file>,direct,high,Cuộc hành quân Campuchia 1970 của Mỹ và quân đội Sài Gòn,https://en.wikipedia.org/wiki/Cambodian_campaign,,,en.wikipedia.org,,check linked image file page before reuse,,,https://en.wikipedia.org/wiki/Cambodian_campaign,"Trang trực tiếp về chiến dịch tiến vào Campuchia từ cuối tháng 4-1970; chọn bản đồ chiến dịch, lực lượng hoặc ảnh vượt biên giới đúng sự kiện.",awaiting_manual_download,,btlsqsvn.org.vn|qdnd.vn|nhandan.vn|vietnamplus.vn|hochiminh.vn|baotanglichsu.vn|luutru.gov.vn|loc.gov|archives.gov,,,,,,True,False
180,dap-tan-cuoc-hanh-quan-xam-luoc-vao-cam-pu-chia-1970,Đập tan cuộc hành quân xâm lược của Mỹ và quân đội Sài Gòn vào Cam-pu-chia,Từ ngày 30 – 4 đến ngày 30-6-1970,atomic,war_1945_1975,by_event/dap-tan-cuoc-hanh-quan-xam-luoc-vao-cam-pu-chia-1970,2,gallery,image_02.<đúng-đuôi-file>,direct,high,Chiến tranh Việt Nam năm 1970 — cuộc tiến công vào Campuchia,https://en.wikipedia.org/wiki/1970_in_the_Vietnam_War,,,en.wikipedia.org,,check linked image file page before reuse,,,https://en.wikipedia.org/wiki/1970_in_the_Vietnam_War,"Dòng thời gian 1970 có cuộc hành quân vào Campuchia; chỉ dùng ảnh gắn trực tiếp với chiến dịch, không lấy ảnh chiến tranh khác trong năm.",awaiting_manual_download,,btlsqsvn.org.vn|qdnd.vn|nhandan.vn|vietnamplus.vn|hochiminh.vn|baotanglichsu.vn|luutru.gov.vn|loc.gov|archives.gov,,,,,,True,False
181,hoi-nghi-cap-cao-ba-nuoc-viet-nam-lao-cam-pu-chia,Hội nghị cấp cao ba nước Việt Nam - Lào - Cam-pu-chia,Tháng 4 – 1970,atomic,war_1945_1975,by_event/hoi-nghi-cap-cao-ba-nuoc-viet-nam-lao-cam-pu-chia,1,thumbnail,image_01.<đúng-đuôi-file>,strong_contextual,medium,Norodom Sihanouk trong bối cảnh hội nghị đoàn kết nhân dân Đông Dương năm 1970,https://en.wikipedia.org/wiki/Norodom_Sihanouk,,,en.wikipedia.org,,check linked image file page before reuse,,,https://en.wikipedia.org/wiki/Norodom_Sihanouk,Sihanouk là một trong các nhân vật trung tâm của hội nghị cấp cao nhân dân Đông Dương tháng 4-1970; chỉ tải ảnh nếu chú thích xác nhận đúng hội nghị hoặc cuộc gặp các lãnh đạo ba nước.,blocked_needs_direct_source,BLOCKED: no sufficiently direct image source was found. Current links are research leads only.,btlsqsvn.org.vn|qdnd.vn|nhandan.vn|vietnamplus.vn|hochiminh.vn|baotanglichsu.vn|luutru.gov.vn|loc.gov|archives.gov,blocked_needs_direct_source,P1,missing_direct_source,Chưa có trang ảnh trực tiếp đủ chắc về chính Hội nghị cấp cao nhân dân ba nước Đông Dương tháng 4-1970. Chỉ tải khi trang ảnh/chú thích xác nhận đúng hội nghị hoặc cuộc gặp các lãnh đạo tham dự.,Giữ event ở trạng thái blocked cho đến khi tìm được tư liệu trực tiếp hoặc chấp nhận rõ đây chỉ là contextual.,False,True
181,hoi-nghi-cap-cao-ba-nuoc-viet-nam-lao-cam-pu-chia,Hội nghị cấp cao ba nước Việt Nam - Lào - Cam-pu-chia,Tháng 4 – 1970,atomic,war_1945_1975,by_event/hoi-nghi-cap-cao-ba-nuoc-viet-nam-lao-cam-pu-chia,2,gallery,image_02.<đúng-đuôi-file>,strong_contextual,medium,Bối cảnh Campuchia năm 1970 và liên minh ba nước Đông Dương,https://en.wikipedia.org/wiki/1970_in_Cambodia,,,en.wikipedia.org,,check linked image file page before reuse,,,https://en.wikipedia.org/wiki/1970_in_Cambodia,Nguồn cung cấp bối cảnh chính trị Campuchia năm 1970; không dùng ảnh đảo chính hay chiến sự chung. Chỉ chọn ảnh khi có chú thích trực tiếp về hội nghị ba nước.,blocked_needs_direct_source,BLOCKED: no sufficiently direct image source was found. Current links are research leads only.,btlsqsvn.org.vn|qdnd.vn|nhandan.vn|vietnamplus.vn|hochiminh.vn|baotanglichsu.vn|luutru.gov.vn|loc.gov|archives.gov,blocked_needs_direct_source,P1,missing_direct_source,Chưa có trang ảnh trực tiếp đủ chắc về chính Hội nghị cấp cao nhân dân ba nước Đông Dương tháng 4-1970. Chỉ tải khi trang ảnh/chú thích xác nhận đúng hội nghị hoặc cuộc gặp các lãnh đạo tham dự.,Giữ event ở trạng thái blocked cho đến khi tìm được tư liệu trực tiếp hoặc chấp nhận rõ đây chỉ là contextual.,False,True
182,chien-dich-duong-9-nam-lao,Chiến dịch Đường 9 – Nam Lào,Từ tháng 2 đến tháng 3 – 1971,atomic,war_1945_1975,by_event/chien-dich-duong-9-nam-lao,1,thumbnail,image_01.<đúng-đuôi-file>,direct,high,Chiến dịch Đường 9 – Nam Lào / Operation Lam Son 719,https://en.wikipedia.org/wiki/Operation_Lam_Son_719,,,en.wikipedia.org,,check linked image file page before reuse,,,https://en.wikipedia.org/wiki/Operation_Lam_Son_719,"Trang trực tiếp về chiến dịch từ tháng 2 đến tháng 3-1971; ưu tiên bản đồ, lực lượng trên Đường 9 hoặc ảnh chiến sự tại Lào đúng chiến dịch.",awaiting_manual_download,,btlsqsvn.org.vn|qdnd.vn|nhandan.vn|vietnamplus.vn|hochiminh.vn|baotanglichsu.vn|luutru.gov.vn|loc.gov|archives.gov,,,,,,True,False
182,chien-dich-duong-9-nam-lao,Chiến dịch Đường 9 – Nam Lào,Từ tháng 2 đến tháng 3 – 1971,atomic,war_1945_1975,by_event/chien-dich-duong-9-nam-lao,2,gallery,image_02.<đúng-đuôi-file>,direct,medium,Chiến tranh Việt Nam năm 1971 — Đường 9 Nam Lào,https://en.wikipedia.org/wiki/1971_in_the_Vietnam_War,,,en.wikipedia.org,,check linked image file page before reuse,,,https://en.wikipedia.org/wiki/1971_in_the_Vietnam_War,Dòng thời gian 1971 dùng để tìm thêm ảnh trực tiếp về chiến dịch; bỏ qua ảnh cùng năm nhưng khác chiến trường.,awaiting_manual_download,,btlsqsvn.org.vn|qdnd.vn|nhandan.vn|vietnamplus.vn|hochiminh.vn|baotanglichsu.vn|luutru.gov.vn|loc.gov|archives.gov,,,,,,True,False
183,philippin-chiem-dong-9-dao-truong-sa,Phi-líp-pin chiếm đóng 9 đảo thuộc quần đảo Trường Sa,Từ năm 1971 đến năm 1980,atomic,maritime,by_event/philippin-chiem-dong-9-dao-truong-sa,1,thumbnail,image_01.<đúng-đuôi-file>,direct,high,Đảo Thị Tứ/Pag-asa bị Philippines chiếm năm 1971,https://en.wikipedia.org/wiki/Thitu_Island,,,en.wikipedia.org,,check linked image file page before reuse,,,https://en.wikipedia.org/wiki/Thitu_Island,"Trang ghi Philippines đổ bộ chiếm đảo ngày 29-7-1971; chọn ảnh đảo, lực lượng đồn trú hoặc bản đồ có chú thích lịch sử rõ.",awaiting_manual_download,,mofa.gov.vn|biengioilanhtho.gov.vn|mod.gov.vn|qdnd.vn|chinhphu.vn|vietnamplus.vn|luutru.gov.vn,,,,,,True,False
183,philippin-chiem-dong-9-dao-truong-sa,Phi-líp-pin chiếm đóng 9 đảo thuộc quần đảo Trường Sa,Từ năm 1971 đến năm 1980,atomic,maritime,by_event/philippin-chiem-dong-9-dao-truong-sa,2,gallery,image_02.<đúng-đuôi-file>,direct,high,Tranh chấp Trường Sa và quá trình Philippines chiếm đóng các đảo,https://en.wikipedia.org/wiki/Spratly_Islands_dispute,,,en.wikipedia.org,,check linked image file page before reuse,,,https://en.wikipedia.org/wiki/Spratly_Islands_dispute,Trang bao quát các hành động chiếm đóng của Philippines tại Trường Sa; ưu tiên bản đồ hoặc ảnh các đảo bị chiếm trong giai đoạn 1971–1980.,awaiting_manual_download,,mofa.gov.vn|biengioilanhtho.gov.vn|mod.gov.vn|qdnd.vn|chinhphu.vn|vietnamplus.vn|luutru.gov.vn,,,,,,True,False
184,cuoc-tien-cong-chien-luoc-nam-1972,Cuộc Tiến công chiến lược năm 1972,Từ tháng 3 – 1972,atomic,war_1945_1975,by_event/cuoc-tien-cong-chien-luoc-nam-1972,1,thumbnail,image_01.<đúng-đuôi-file>,direct,high,Cuộc Tiến công chiến lược năm 1972 / Easter Offensive,https://en.wikipedia.org/wiki/Easter_Offensive,,,en.wikipedia.org,,check linked image file page before reuse,,,https://en.wikipedia.org/wiki/Easter_Offensive,Trang trực tiếp về cuộc tiến công chiến lược mở màn ngày 30-3-1972 trên nhiều hướng; ưu tiên bản đồ tổng thể hoặc ảnh lực lượng tiến công.,awaiting_manual_download,,btlsqsvn.org.vn|qdnd.vn|nhandan.vn|vietnamplus.vn|hochiminh.vn|baotanglichsu.vn|luutru.gov.vn|loc.gov|archives.gov,,,,,,True,False
184,cuoc-tien-cong-chien-luoc-nam-1972,Cuộc Tiến công chiến lược năm 1972,Từ tháng 3 – 1972,atomic,war_1945_1975,by_event/cuoc-tien-cong-chien-luoc-nam-1972,2,gallery,image_02.<đúng-đuôi-file>,strong_contextual,high,Mặt trận Quảng Trị trong cuộc Tiến công chiến lược 1972,https://en.wikipedia.org/wiki/Second_Battle_of_Qu%E1%BA%A3ng_Tr%E1%BB%8B,,,en.wikipedia.org,,check linked image file page before reuse,,,https://en.wikipedia.org/wiki/Second_Battle_of_Qu%E1%BA%A3ng_Tr%E1%BB%8B,"Quảng Trị là một chiến trường trọng điểm của chiến dịch 1972; phù hợp gallery khi ảnh thể hiện rõ một giai đoạn cụ thể, không thay thế ảnh tổng quan nếu dùng làm thumbnail.",awaiting_manual_download,,btlsqsvn.org.vn|qdnd.vn|nhandan.vn|vietnamplus.vn|hochiminh.vn|baotanglichsu.vn|luutru.gov.vn|loc.gov|archives.gov,,,,,,True,False
185,chien-tranh-pha-hoai-mien-bac-lan-thu-hai,Chiến tranh phá hoại miền Bắc lần thứ hai của Mỹ,Từ ngày 16-4-1972 đến 29-12-1972,atomic,war_1945_1975,by_event/chien-tranh-pha-hoai-mien-bac-lan-thu-hai,1,thumbnail,image_01.<đúng-đuôi-file>,direct,high,Operation Linebacker — chiến tranh phá hoại miền Bắc lần hai năm 1972,https://en.wikipedia.org/wiki/Operation_Linebacker,,,en.wikipedia.org,,check linked image file page before reuse,,,https://en.wikipedia.org/wiki/Operation_Linebacker,"Trang trực tiếp về chiến dịch không kích miền Bắc từ 9-5 đến 23-10-1972; chọn máy bay, bản đồ mục tiêu hoặc ảnh hậu quả có chú thích rõ.",awaiting_manual_download,,btlsqsvn.org.vn|qdnd.vn|nhandan.vn|vietnamplus.vn|hochiminh.vn|baotanglichsu.vn|luutru.gov.vn|loc.gov|archives.gov,,,,,,True,False
185,chien-tranh-pha-hoai-mien-bac-lan-thu-hai,Chiến tranh phá hoại miền Bắc lần thứ hai của Mỹ,Từ ngày 16-4-1972 đến 29-12-1972,atomic,war_1945_1975,by_event/chien-tranh-pha-hoai-mien-bac-lan-thu-hai,2,gallery,image_02.<đúng-đuôi-file>,direct,high,Operation Linebacker II — cuộc tập kích đường không cuối tháng 12-1972,https://en.wikipedia.org/wiki/Operation_Linebacker_II,,,en.wikipedia.org,,check linked image file page before reuse,,,https://en.wikipedia.org/wiki/Operation_Linebacker_II,Trang trực tiếp về đợt tập kích B-52 từ 18 đến 29-12-1972; phù hợp minh họa giai đoạn cao điểm cuối của chiến tranh phá hoại lần hai.,awaiting_manual_download,,btlsqsvn.org.vn|qdnd.vn|nhandan.vn|vietnamplus.vn|hochiminh.vn|baotanglichsu.vn|luutru.gov.vn|loc.gov|archives.gov,,,,,,True,False
186,hoi-nghi-ban-chap-hanh-trung-uong-dang-lan-thu-21,Hội nghị Ban Chấp hành Trung ương Đảng lần thứ 21,Tháng 7 – 1973,atomic,war_1945_1975,by_event/hoi-nghi-ban-chap-hanh-trung-uong-dang-lan-thu-21,1,thumbnail,image_01.<đúng-đuôi-file>,direct,high,"Hội nghị lần thứ 21 Ban Chấp hành Trung ương khóa III, tháng 7-1973",https://en.wikipedia.org/wiki/3rd_Central_Committee_of_the_Workers%27_Party_of_Vietnam,,,en.wikipedia.org,,check linked image file page before reuse,,,https://en.wikipedia.org/wiki/3rd_Central_Committee_of_the_Workers%27_Party_of_Vietnam,"Trang liệt kê trực tiếp Hội nghị Trung ương lần thứ 21 vào tháng 7-1973; ưu tiên ảnh hội nghị, lãnh đạo khóa III hoặc tư liệu nghị quyết đúng thời điểm.",awaiting_manual_download,,btlsqsvn.org.vn|qdnd.vn|nhandan.vn|vietnamplus.vn|hochiminh.vn|baotanglichsu.vn|luutru.gov.vn|loc.gov|archives.gov,,,,,,True,False
186,hoi-nghi-ban-chap-hanh-trung-uong-dang-lan-thu-21,Hội nghị Ban Chấp hành Trung ương Đảng lần thứ 21,Tháng 7 – 1973,atomic,war_1945_1975,by_event/hoi-nghi-ban-chap-hanh-trung-uong-dang-lan-thu-21,2,gallery,image_02.<đúng-đuôi-file>,strong_contextual,medium,Bộ Chính trị khóa III trong bối cảnh triển khai Nghị quyết Trung ương 21,https://en.wikipedia.org/wiki/3rd_Politburo_of_the_Workers%27_Party_of_Vietnam,,,en.wikipedia.org,,check linked image file page before reuse,,,https://en.wikipedia.org/wiki/3rd_Politburo_of_the_Workers%27_Party_of_Vietnam,"Trang cung cấp cơ cấu lãnh đạo khóa III; chỉ dùng ảnh có chú thích gắn trực tiếp với Hội nghị 21 hoặc hoạt động lãnh đạo tháng 7-1973, không dùng biểu tượng chung.",awaiting_manual_download,,btlsqsvn.org.vn|qdnd.vn|nhandan.vn|vietnamplus.vn|hochiminh.vn|baotanglichsu.vn|luutru.gov.vn|loc.gov|archives.gov,,,,,,True,False
187,quan-doi-sai-gon-that-bai-bao-ve-hoang-sa,Quân đội Sài Gòn thất bại trong chiến đấu bảo vệ quần đảo Hoàng Sa,Tháng 1 năm 1974,atomic,maritime,by_event/quan-doi-sai-gon-that-bai-bao-ve-hoang-sa,1,thumbnail,image_01.<đúng-đuôi-file>,direct,high,Hải chiến Hoàng Sa 19-1-1974 — thất bại của Hải quân Việt Nam Cộng hòa,https://en.wikipedia.org/wiki/Battle_of_the_Paracel_Islands,,,en.wikipedia.org,,check linked image file page before reuse,,,https://en.wikipedia.org/wiki/Battle_of_the_Paracel_Islands,"Trang trực tiếp về trận hải chiến và tổn thất của phía Việt Nam Cộng hòa; ưu tiên bản đồ trận đánh, tàu tham chiến hoặc ảnh lực lượng đúng sự kiện.",awaiting_manual_download,,mofa.gov.vn|biengioilanhtho.gov.vn|mod.gov.vn|qdnd.vn|chinhphu.vn|vietnamplus.vn|luutru.gov.vn,,,,,,True,False
187,quan-doi-sai-gon-that-bai-bao-ve-hoang-sa,Quân đội Sài Gòn thất bại trong chiến đấu bảo vệ quần đảo Hoàng Sa,Tháng 1 năm 1974,atomic,maritime,by_event/quan-doi-sai-gon-that-bai-bao-ve-hoang-sa,2,gallery,image_02.<đúng-đuôi-file>,direct,high,Ngụy Văn Thà và tàu Nhật Tảo HQ-10 trong Hải chiến Hoàng Sa,https://en.wikipedia.org/wiki/Ng%E1%BB%A5y_V%C4%83n_Th%C3%A0,,,en.wikipedia.org,,check linked image file page before reuse,,,https://en.wikipedia.org/wiki/Ng%E1%BB%A5y_V%C4%83n_Th%C3%A0,"Ngụy Văn Thà chỉ huy HQ-10 và tử trận tại Hoàng Sa; chọn ảnh nhân vật/tàu có chú thích trực tiếp với trận chiến, phù hợp gallery hoặc tư liệu nhân chứng.",awaiting_manual_download,,mofa.gov.vn|biengioilanhtho.gov.vn|mod.gov.vn|qdnd.vn|chinhphu.vn|vietnamplus.vn|luutru.gov.vn,,,,,,True,False
188,trung-quoc-danh-chiem-toan-bo-hoang-sa,Trung Quốc đánh chiếm toàn bộ quần đảo Hoàng Sa,Tháng 1 năm 1974,atomic,maritime,by_event/trung-quoc-danh-chiem-toan-bo-hoang-sa,1,thumbnail,image_01.<đúng-đuôi-file>,direct,high,Trung Quốc chiếm toàn bộ Hoàng Sa sau hải chiến tháng 1-1974,https://en.wikipedia.org/wiki/Battle_of_the_Paracel_Islands,,,en.wikipedia.org,,check linked image file page before reuse,,,https://en.wikipedia.org/wiki/Battle_of_the_Paracel_Islands,Trang ghi kết quả trận đánh là Trung Quốc thiết lập toàn quyền kiểm soát thực tế đối với Hoàng Sa; ưu tiên bản đồ thay đổi kiểm soát hoặc ảnh quân sự đúng sự kiện.,awaiting_manual_download,,mofa.gov.vn|biengioilanhtho.gov.vn|mod.gov.vn|qdnd.vn|chinhphu.vn|vietnamplus.vn|luutru.gov.vn,,,,,,True,False
188,trung-quoc-danh-chiem-toan-bo-hoang-sa,Trung Quốc đánh chiếm toàn bộ quần đảo Hoàng Sa,Tháng 1 năm 1974,atomic,maritime,by_event/trung-quoc-danh-chiem-toan-bo-hoang-sa,2,gallery,image_02.<đúng-đuôi-file>,direct,high,Dòng thời gian năm 1974 — Trung Quốc thiết lập kiểm soát Hoàng Sa,https://en.wikipedia.org/wiki/1974_in_the_Vietnam_War,,,en.wikipedia.org,,check linked image file page before reuse,,,https://en.wikipedia.org/wiki/1974_in_the_Vietnam_War,Dòng thời gian ghi ngày 19-1-1974 và hệ quả Trung Quốc kiểm soát Hoàng Sa; chỉ chọn ảnh trực tiếp về trận đánh hoặc hậu quả chiếm đóng.,awaiting_manual_download,,mofa.gov.vn|biengioilanhtho.gov.vn|mod.gov.vn|qdnd.vn|chinhphu.vn|vietnamplus.vn|luutru.gov.vn,,,,,,True,False
189,chien-thang-duong-14-phuoc-long,Chiến thắng Đường 14 Phước Long,"Cuối năm 1974, đầu năm 1975",atomic,war_1945_1975,by_event/chien-thang-duong-14-phuoc-long,1,thumbnail,image_01.<đúng-đuôi-file>,direct,high,Chiến thắng Đường 14 – Phước Long 1974–1975,https://en.wikipedia.org/wiki/Battle_of_Ph%C6%B0%E1%BB%9Bc_Long,,,en.wikipedia.org,,check linked image file page before reuse,,,https://en.wikipedia.org/wiki/Battle_of_Ph%C6%B0%E1%BB%9Bc_Long,"Trang trực tiếp về trận Phước Long từ 12-12-1974 đến 6-1-1975; ưu tiên bản đồ, lực lượng hoặc ảnh thị xã/phòng tuyến đúng chiến dịch.",awaiting_manual_download,,btlsqsvn.org.vn|qdnd.vn|nhandan.vn|vietnamplus.vn|hochiminh.vn|baotanglichsu.vn|luutru.gov.vn|loc.gov|archives.gov,,,,,,True,False
189,chien-thang-duong-14-phuoc-long,Chiến thắng Đường 14 Phước Long,"Cuối năm 1974, đầu năm 1975",atomic,war_1945_1975,by_event/chien-thang-duong-14-phuoc-long,2,gallery,image_02.<đúng-đuôi-file>,strong_contextual,high,Phước Long mở đầu chuỗi thắng lợi dẫn tới Tổng tiến công mùa Xuân 1975,https://en.wikipedia.org/wiki/1975_spring_offensive,,,en.wikipedia.org,,check linked image file page before reuse,,,https://en.wikipedia.org/wiki/1975_spring_offensive,Trang có mục riêng về Phước Long như bước mở đầu quan trọng của cuộc tiến công 1975; phù hợp gallery khi thể hiện rõ mối liên hệ chiến lược.,awaiting_manual_download,,btlsqsvn.org.vn|qdnd.vn|nhandan.vn|vietnamplus.vn|hochiminh.vn|baotanglichsu.vn|luutru.gov.vn|loc.gov|archives.gov,,,,,,True,False
190,chien-dich-tay-nguyen-1975,Chiến dịch Tây Nguyên,Từ ngày 10 – 3 đến ngày 24 – 3 – 1975,atomic,war_1945_1975,by_event/chien-dich-tay-nguyen-1975,1,thumbnail,image_01.<đúng-đuôi-file>,direct,high,Trận Buôn Ma Thuột mở đầu đòn quyết định của Chiến dịch Tây Nguyên,https://en.wikipedia.org/wiki/Battle_of_Ban_Me_Thuot,,,en.wikipedia.org,,check linked image file page before reuse,,,https://en.wikipedia.org/wiki/Battle_of_Ban_Me_Thuot,"Trang trực tiếp về trận Buôn Ma Thuột trong Campaign 275/Tây Nguyên; ưu tiên bản đồ, xe tăng, lực lượng hoặc địa điểm có chú thích đúng chiến dịch tháng 3-1975.",awaiting_manual_download,,btlsqsvn.org.vn|qdnd.vn|nhandan.vn|vietnamplus.vn|hochiminh.vn|baotanglichsu.vn|luutru.gov.vn|loc.gov|archives.gov,,,,,,True,False
190,chien-dich-tay-nguyen-1975,Chiến dịch Tây Nguyên,Từ ngày 10 – 3 đến ngày 24 – 3 – 1975,atomic,war_1945_1975,by_event/chien-dich-tay-nguyen-1975,2,gallery,image_02.<đúng-đuôi-file>,direct,high,Tổng tiến công mùa Xuân 1975 — hướng Tây Nguyên,https://en.wikipedia.org/wiki/1975_spring_offensive,,,en.wikipedia.org,,check linked image file page before reuse,,,https://en.wikipedia.org/wiki/1975_spring_offensive,"Trang về toàn bộ cuộc tiến công mùa Xuân 1975 có hướng Tây Nguyên và diễn biến tiếp nối sau Buôn Ma Thuột; chỉ chọn ảnh/bản đồ thể hiện rõ chiến dịch Tây Nguyên, không lấy ảnh 30-4 chung chung.",awaiting_manual_download,,btlsqsvn.org.vn|qdnd.vn|nhandan.vn|vietnamplus.vn|hochiminh.vn|baotanglichsu.vn|luutru.gov.vn|loc.gov|archives.gov,,,,,,True,False
191,giai-phong-hue-va-thua-thien,Giải phóng thành phố Huế và toàn tỉnh Thừa Thiên,Ngày 26 – 3 – 1975,atomic,war_1945_1975,by_event/giai-phong-hue-va-thua-thien,1,thumbnail,image_01.<đúng-đuôi-file>,direct,high,Chiến dịch Huế–Đà Nẵng và việc giải phóng Huế,https://en.wikipedia.org/wiki/Hue%E2%80%93Da_Nang_Campaign,,,en.wikipedia.org,,check linked image file page before reuse,,,https://en.wikipedia.org/wiki/Hue%E2%80%93Da_Nang_Campaign,"Trang trực tiếp về chiến dịch, có diễn biến chiếm Huế cuối tháng 3-1975; ưu tiên bản đồ, lực lượng tiến vào Huế hoặc ảnh thành phố có chú thích đúng ngày 26-3-1975.",awaiting_manual_download,,btlsqsvn.org.vn|qdnd.vn|nhandan.vn|vietnamplus.vn|hochiminh.vn|baotanglichsu.vn|luutru.gov.vn|loc.gov|archives.gov,,,,,,True,False
191,giai-phong-hue-va-thua-thien,Giải phóng thành phố Huế và toàn tỉnh Thừa Thiên,Ngày 26 – 3 – 1975,atomic,war_1945_1975,by_event/giai-phong-hue-va-thua-thien,2,gallery,image_02.<đúng-đuôi-file>,direct,high,Tổng tiến công mùa Xuân 1975 — giải phóng Huế và Thừa Thiên,https://en.wikipedia.org/wiki/1975_spring_offensive,,,en.wikipedia.org,,check linked image file page before reuse,,,https://en.wikipedia.org/wiki/1975_spring_offensive,Trang tổng quan chiến dịch 1975 dùng để đối chiếu vị trí và diễn biến Huế; chỉ tải ảnh có chú thích trực tiếp về Huế/Thừa Thiên cuối tháng 3-1975.,awaiting_manual_download,,btlsqsvn.org.vn|qdnd.vn|nhandan.vn|vietnamplus.vn|hochiminh.vn|baotanglichsu.vn|luutru.gov.vn|loc.gov|archives.gov,,,,,,True,False
192,giai-phong-da-nang,Giải phóng Đà Nẵng,Chiều 29 – 3 – 1975,atomic,war_1945_1975,by_event/giai-phong-da-nang,1,thumbnail,image_01.<đúng-đuôi-file>,direct,high,Chiến dịch Huế–Đà Nẵng — xe tăng tiến vào Đà Nẵng năm 1975,https://en.wikipedia.org/wiki/Hue%E2%80%93Da_Nang_Campaign,,,en.wikipedia.org,,check linked image file page before reuse,,,https://en.wikipedia.org/wiki/Hue%E2%80%93Da_Nang_Campaign,"Trang trực tiếp có ảnh và diễn biến lực lượng tiến vào Đà Nẵng, thành phố được kiểm soát ngày 29-3-1975; ưu tiên ảnh xe tăng/bản đồ đúng sự kiện.",awaiting_manual_download,,btlsqsvn.org.vn|qdnd.vn|nhandan.vn|vietnamplus.vn|hochiminh.vn|baotanglichsu.vn|luutru.gov.vn|loc.gov|archives.gov,,,,,,True,False
192,giai-phong-da-nang,Giải phóng Đà Nẵng,Chiều 29 – 3 – 1975,atomic,war_1945_1975,by_event/giai-phong-da-nang,2,gallery,image_02.<đúng-đuôi-file>,direct,high,Tổng tiến công mùa Xuân 1975 — giải phóng Đà Nẵng,https://en.wikipedia.org/wiki/1975_spring_offensive,,,en.wikipedia.org,,check linked image file page before reuse,,,https://en.wikipedia.org/wiki/1975_spring_offensive,Nguồn tổng quan đặt việc giải phóng Đà Nẵng trong mạch chiến dịch 1975; chỉ chọn ảnh trực tiếp về Đà Nẵng ngày 29-3 hoặc lực lượng tiến vào thành phố.,awaiting_manual_download,,btlsqsvn.org.vn|qdnd.vn|nhandan.vn|vietnamplus.vn|hochiminh.vn|baotanglichsu.vn|luutru.gov.vn|loc.gov|archives.gov,,,,,,True,False
193,quan-giai-phong-mien-nam-viet-nam-tiep-quan-truong-sa,Quân giải phóng miền Nam Việt Nam tiếp quản các đảo và triển khai lực lượng thực thi chủ quyền đối với quần đảo Trường Sa,Từ ngày 13 đến ngày 28 tháng 4 năm 1975,atomic,maritime,by_event/quan-giai-phong-mien-nam-viet-nam-tiep-quan-truong-sa,1,thumbnail,image_01.<đúng-đuôi-file>,direct,high,Chiến dịch Biển Đông tháng 4-1975 tiếp quản các đảo Trường Sa,https://en.wikipedia.org/wiki/East_Sea_Campaign,,,en.wikipedia.org,,check linked image file page before reuse,,,https://en.wikipedia.org/wiki/East_Sea_Campaign,"Trang trực tiếp về chiến dịch từ 13 đến 28-4-1975, mô tả việc tiếp quản Song Tử Tây, Sơn Ca, Nam Yết, Sinh Tồn và Trường Sa; ưu tiên bản đồ, tàu hoặc lực lượng đúng chiến dịch.",awaiting_manual_download,,mofa.gov.vn|biengioilanhtho.gov.vn|mod.gov.vn|qdnd.vn|chinhphu.vn|vietnamplus.vn|luutru.gov.vn,,,,,,True,False
193,quan-giai-phong-mien-nam-viet-nam-tiep-quan-truong-sa,Quân giải phóng miền Nam Việt Nam tiếp quản các đảo và triển khai lực lượng thực thi chủ quyền đối với quần đảo Trường Sa,Từ ngày 13 đến ngày 28 tháng 4 năm 1975,atomic,maritime,by_event/quan-giai-phong-mien-nam-viet-nam-tiep-quan-truong-sa,2,gallery,image_02.<đúng-đuôi-file>,direct,medium,Tranh chấp Trường Sa — bối cảnh tiếp quản các đảo năm 1975,https://en.wikipedia.org/wiki/Spratly_Islands_dispute,,,en.wikipedia.org,,check linked image file page before reuse,,,https://en.wikipedia.org/wiki/Spratly_Islands_dispute,"Nguồn tổng quan lịch sử kiểm soát Trường Sa; chỉ dùng ảnh/bản đồ có chú thích rõ hoạt động của lực lượng Việt Nam tháng 4-1975, không dùng ảnh đảo hiện đại không liên quan.",awaiting_manual_download,,mofa.gov.vn|biengioilanhtho.gov.vn|mod.gov.vn|qdnd.vn|chinhphu.vn|vietnamplus.vn|luutru.gov.vn,,,,,,True,False
194,hoan-toan-giai-phong-mien-nam-viet-nam,Hoàn toàn giải phóng miền Nam Việt Nam,tháng 4-1975,atomic,war_1945_1975,by_event/hoan-toan-giai-phong-mien-nam-viet-nam,1,thumbnail,image_01.<đúng-đuôi-file>,direct,high,Sài Gòn thất thủ ngày 30-4-1975,https://en.wikipedia.org/wiki/Fall_of_Saigon,,,en.wikipedia.org,,check linked image file page before reuse,,,https://en.wikipedia.org/wiki/Fall_of_Saigon,"Trang trực tiếp về sự kiện 30-4-1975; ưu tiên xe tăng tiến vào Dinh Độc Lập, lực lượng giải phóng hoặc ảnh đầu hàng có chú thích xác thực.",awaiting_manual_download,,btlsqsvn.org.vn|qdnd.vn|nhandan.vn|vietnamplus.vn|hochiminh.vn|baotanglichsu.vn|luutru.gov.vn|loc.gov|archives.gov,,,,,,True,False
194,hoan-toan-giai-phong-mien-nam-viet-nam,Hoàn toàn giải phóng miền Nam Việt Nam,tháng 4-1975,atomic,war_1945_1975,by_event/hoan-toan-giai-phong-mien-nam-viet-nam,2,gallery,image_02.<đúng-đuôi-file>,direct,high,"Ngày Giải phóng miền Nam, thống nhất đất nước",https://en.wikipedia.org/wiki/Reunification_Day,,,en.wikipedia.org,,check linked image file page before reuse,,,https://en.wikipedia.org/wiki/Reunification_Day,"Trang trực tiếp về ngày 30-4 và ý nghĩa kết thúc chiến tranh, mở đường thống nhất; chỉ chọn ảnh lịch sử năm 1975 khi dùng cho event, không dùng ảnh lễ kỷ niệm hiện đại.",awaiting_manual_download,,btlsqsvn.org.vn|qdnd.vn|nhandan.vn|vietnamplus.vn|hochiminh.vn|baotanglichsu.vn|luutru.gov.vn|loc.gov|archives.gov,,,,,,True,False
195,quoc-hoi-khoa-vi-doi-ten-sai-gon-thanh-thanh-pho-ho-chi-minh,Quốc hội khoá VI quyết định đổi tên Sài Gòn thành Thành phố Hồ Chí Minh,Năm 1976,atomic,post_1975,by_event/quoc-hoi-khoa-vi-doi-ten-sai-gon-thanh-thanh-pho-ho-chi-minh,1,thumbnail,image_01.<đúng-đuôi-file>,direct,high,Quốc hội khóa VI quyết định đổi tên Sài Gòn thành Thành phố Hồ Chí Minh,https://en.wikipedia.org/wiki/National_Assembly_of_Vietnam,,,en.wikipedia.org,,check linked image file page before reuse,,,https://en.wikipedia.org/wiki/National_Assembly_of_Vietnam,"Mục lịch sử Quốc hội khóa VI nêu việc đổi tên Sài Gòn thành Thành phố Hồ Chí Minh sau thống nhất; ưu tiên ảnh kỳ họp, đại biểu hoặc văn bản/quang cảnh gắn đúng quyết định năm 1976.",awaiting_manual_download,,chinhphu.vn|dangcongsan.vn|tulieuvankien.dangcongsan.vn|quochoi.vn|mofa.gov.vn|vietnamplus.vn|nhandan.vn|un.org|unphoto.un.org,,,,,,True,False
195,quoc-hoi-khoa-vi-doi-ten-sai-gon-thanh-thanh-pho-ho-chi-minh,Quốc hội khoá VI quyết định đổi tên Sài Gòn thành Thành phố Hồ Chí Minh,Năm 1976,atomic,post_1975,by_event/quoc-hoi-khoa-vi-doi-ten-sai-gon-thanh-thanh-pho-ho-chi-minh,2,gallery,image_02.<đúng-đuôi-file>,direct,high,Thành phố Hồ Chí Minh — lịch sử đổi tên năm 1976,https://en.wikipedia.org/wiki/Ho_Chi_Minh_City,,,en.wikipedia.org,,check linked image file page before reuse,,,https://en.wikipedia.org/wiki/Ho_Chi_Minh_City,"Trang lịch sử thành phố dùng để xác nhận việc đổi tên; chỉ chọn ảnh có chú thích gắn với quyết định/biển tên/thời điểm 1976, không dùng skyline hiện đại.",awaiting_manual_download,,chinhphu.vn|dangcongsan.vn|tulieuvankien.dangcongsan.vn|quochoi.vn|mofa.gov.vn|vietnamplus.vn|nhandan.vn|un.org|unphoto.un.org,,,,,,True,False
196,thuc-hien-thong-nhat-dat-nuoc-viet-nam,Thực hiện thống nhất đất nước Việt Nam,năm 1976,atomic,post_1975,by_event/thuc-hien-thong-nhat-dat-nuoc-viet-nam,1,thumbnail,image_01.<đúng-đuôi-file>,direct,high,Tổng tuyển cử Quốc hội chung cả nước ngày 25-4-1976,https://en.wikipedia.org/wiki/1976_Vietnamese_legislative_election,,,en.wikipedia.org,,check linked image file page before reuse,,,https://en.wikipedia.org/wiki/1976_Vietnamese_legislative_election,"Trang trực tiếp về cuộc bầu cử Quốc hội chung đầu tiên sau chiến tranh, dẫn tới thống nhất chính thức ngày 2-7-1976; ưu tiên ảnh bỏ phiếu, đại biểu hoặc bản đồ đúng sự kiện.",awaiting_manual_download,,chinhphu.vn|dangcongsan.vn|tulieuvankien.dangcongsan.vn|quochoi.vn|mofa.gov.vn|vietnamplus.vn|nhandan.vn|un.org|unphoto.un.org,,,,,,True,False
196,thuc-hien-thong-nhat-dat-nuoc-viet-nam,Thực hiện thống nhất đất nước Việt Nam,năm 1976,atomic,post_1975,by_event/thuc-hien-thong-nhat-dat-nuoc-viet-nam,2,gallery,image_02.<đúng-đuôi-file>,direct,high,Việt Nam chính thức thống nhất ngày 2-7-1976,https://en.wikipedia.org/wiki/History_of_Vietnam,,,en.wikipedia.org,,check linked image file page before reuse,,,https://en.wikipedia.org/wiki/History_of_Vietnam,Trang lịch sử Việt Nam nêu việc Bắc và Nam chính thức hợp nhất thành CHXHCN Việt Nam ngày 2-7-1976; chỉ chọn ảnh/tư liệu đúng tiến trình thống nhất 1976.,awaiting_manual_download,,chinhphu.vn|dangcongsan.vn|tulieuvankien.dangcongsan.vn|quochoi.vn|mofa.gov.vn|vietnamplus.vn|nhandan.vn|un.org|unphoto.un.org,,,,,,True,False
197,viet-nam-ban-hanh-tuyen-bo-vung-bien-them-luc-dia,Việt Nam ban hành Tuyên bố về các vùng biển và thềm lục địa Việt Nam,Tháng 5 năm 1977,atomic,maritime,by_event/viet-nam-ban-hanh-tuyen-bo-vung-bien-them-luc-dia,1,thumbnail,image_01.<đúng-đuôi-file>,strong_contextual,medium,Tuyên bố biển và thềm lục địa Việt Nam năm 1977 — bối cảnh yêu sách biển,https://en.wikipedia.org/wiki/Spratly_Islands_dispute,,,en.wikipedia.org,,check linked image file page before reuse,,,https://en.wikipedia.org/wiki/Spratly_Islands_dispute,"Nguồn cung cấp bối cảnh pháp lý và yêu sách biển của Việt Nam; event là văn bản pháp lý nên chỉ tải nếu tìm thấy bản scan, bản đồ chính thức hoặc ảnh công bố đúng Tuyên bố tháng 5-1977.",blocked_needs_direct_source,BLOCKED: no sufficiently direct image source was found. Current links are research leads only.,mofa.gov.vn|biengioilanhtho.gov.vn|mod.gov.vn|qdnd.vn|chinhphu.vn|vietnamplus.vn|luutru.gov.vn,blocked_needs_direct_source,P1,missing_direct_source,"Đây là một tuyên bố pháp lý, chưa có nguồn ảnh trực tiếp đủ chắc trong vòng tìm kiếm này. Chỉ tải bản scan văn bản, bản đồ chính thức hoặc ảnh công bố đúng Tuyên bố tháng 5-1977; không dùng bản đồ Biển Đông chung chung.",Giữ event ở trạng thái blocked cho đến khi tìm được tư liệu trực tiếp hoặc chấp nhận rõ đây chỉ là contextual.,False,True
197,viet-nam-ban-hanh-tuyen-bo-vung-bien-them-luc-dia,Việt Nam ban hành Tuyên bố về các vùng biển và thềm lục địa Việt Nam,Tháng 5 năm 1977,atomic,maritime,by_event/viet-nam-ban-hanh-tuyen-bo-vung-bien-them-luc-dia,2,gallery,image_02.<đúng-đuôi-file>,strong_contextual,medium,Bối cảnh tranh chấp và các vùng biển ở Biển Đông,https://en.wikipedia.org/wiki/Territorial_disputes_in_the_South_China_Sea,,,en.wikipedia.org,,check linked image file page before reuse,,,https://en.wikipedia.org/wiki/Territorial_disputes_in_the_South_China_Sea,Nguồn dùng để đối chiếu bối cảnh vùng biển; không dùng bản đồ hiện đại chung chung như ảnh trực tiếp của Tuyên bố năm 1977. Chỉ chấp nhận bản đồ/văn bản có liên hệ rõ.,blocked_needs_direct_source,BLOCKED: no sufficiently direct image source was found. Current links are research leads only.,mofa.gov.vn|biengioilanhtho.gov.vn|mod.gov.vn|qdnd.vn|chinhphu.vn|vietnamplus.vn|luutru.gov.vn,blocked_needs_direct_source,P1,missing_direct_source,"Đây là một tuyên bố pháp lý, chưa có nguồn ảnh trực tiếp đủ chắc trong vòng tìm kiếm này. Chỉ tải bản scan văn bản, bản đồ chính thức hoặc ảnh công bố đúng Tuyên bố tháng 5-1977; không dùng bản đồ Biển Đông chung chung.",Giữ event ở trạng thái blocked cho đến khi tìm được tư liệu trực tiếp hoặc chấp nhận rõ đây chỉ là contextual.,False,True
198,viet-nam-thanh-vien-lien-hop-quoc,Việt Nam trở thành thành viên chính thức của Liên hợp quốc,Ngày 20-9-1977,atomic,diplomacy,by_event/viet-nam-thanh-vien-lien-hop-quoc,1,thumbnail,image_01.<đúng-đuôi-file>,direct,high,Nghị quyết HĐBA LHQ 413 đề nghị kết nạp Việt Nam,https://en.wikipedia.org/wiki/United_Nations_Security_Council_Resolution_413,,,en.wikipedia.org,,check linked image file page before reuse,,,https://en.wikipedia.org/wiki/United_Nations_Security_Council_Resolution_413,Trang trực tiếp về nghị quyết ngày 20-7-1977 mở đường cho Việt Nam gia nhập LHQ; ưu tiên ảnh văn bản nghị quyết hoặc phiên họp liên quan.,awaiting_manual_download,,mofa.gov.vn|chinhphu.vn|vietnamplus.vn|nhandan.vn|un.org|asean.org|apec.org|europa.eu,,,,,,True,False
198,viet-nam-thanh-vien-lien-hop-quoc,Việt Nam trở thành thành viên chính thức của Liên hợp quốc,Ngày 20-9-1977,atomic,diplomacy,by_event/viet-nam-thanh-vien-lien-hop-quoc,2,gallery,image_02.<đúng-đuôi-file>,direct,high,Việt Nam trở thành thành viên LHQ ngày 20-9-1977,https://en.wikipedia.org/wiki/Member_states_of_the_United_Nations,,,en.wikipedia.org,,check linked image file page before reuse,,,https://en.wikipedia.org/wiki/Member_states_of_the_United_Nations,"Danh sách thành viên xác nhận ngày gia nhập 20-9-1977; ưu tiên ảnh lễ kéo cờ, đoàn Việt Nam hoặc tư liệu LHQ có chú thích đúng ngày/sự kiện.",awaiting_manual_download,,mofa.gov.vn|chinhphu.vn|vietnamplus.vn|nhandan.vn|un.org|asean.org|apec.org|europa.eu,,,,,,True,False
199,lien-hop-quoc-vien-tro-viet-nam-1977-1986,Hệ thống phát triển Liên hợp quốc viện trợ không hoàn lại cho Việt Nam,Những năm 1977 – 1986,atomic,diplomacy,by_event/lien-hop-quoc-vien-tro-viet-nam-1977-1986,1,thumbnail,image_01.<đúng-đuôi-file>,strong_contextual,medium,Viện trợ nước ngoài và hỗ trợ đa phương cho Việt Nam trước 1986,https://en.wikipedia.org/wiki/Foreign_aid_to_Vietnam,,,en.wikipedia.org,,check linked image file page before reuse,,,https://en.wikipedia.org/wiki/Foreign_aid_to_Vietnam,"Nguồn tổng quan viện trợ cho Việt Nam, có bối cảnh hỗ trợ đa phương và LHQ đến năm 1986; chỉ tải ảnh dự án/thiết bị/hoạt động có chú thích cụ thể là hỗ trợ của hệ thống LHQ trong giai đoạn 1977–1986.",awaiting_manual_download,,mofa.gov.vn|chinhphu.vn|vietnamplus.vn|nhandan.vn|un.org|asean.org|apec.org|europa.eu,,,,,,True,False
199,lien-hop-quoc-vien-tro-viet-nam-1977-1986,Hệ thống phát triển Liên hợp quốc viện trợ không hoàn lại cho Việt Nam,Những năm 1977 – 1986,atomic,diplomacy,by_event/lien-hop-quoc-vien-tro-viet-nam-1977-1986,2,gallery,image_02.<đúng-đuôi-file>,strong_contextual,medium,Hệ thống Liên hợp quốc tại Việt Nam,https://vietnam.un.org/en/about/about-the-un,,,vietnam.un.org,,check linked image file page before reuse,,,https://vietnam.un.org/en/about/about-the-un,Trang chính thức về hệ thống LHQ tại Việt Nam là điểm xuất phát để tìm lịch sử hợp tác; không dùng logo hoặc ảnh hoạt động hiện đại như minh họa trực tiếp cho viện trợ 1977–1986.,awaiting_manual_download,,mofa.gov.vn|chinhphu.vn|vietnamplus.vn|nhandan.vn|un.org|asean.org|apec.org|europa.eu,,,,,,True,False
200,philippin-ban-hanh-sac-lenh-1596-tuyen-bo-chu-quyen-truong-sa,Phi-líp-pin ban hành Sắc lệnh 1596 tuyên bố chủ quyền đối với hầu hết các đảo thuộc quần đảo Trường Sa,Năm 1978,atomic,maritime,by_event/philippin-ban-hanh-sac-lenh-1596-tuyen-bo-chu-quyen-truong-sa,1,thumbnail,image_01.<đúng-đuôi-file>,direct,high,Sắc lệnh Tổng thống Philippines số 1596 năm 1978 về Kalayaan,https://en.wikipedia.org/wiki/Timeline_of_the_South_China_Sea_dispute,,,en.wikipedia.org,,check linked image file page before reuse,,,https://en.wikipedia.org/wiki/Timeline_of_the_South_China_Sea_dispute,"Dòng thời gian ghi Sắc lệnh 1596 ngày 11-6-1978 và phạm vi Kalayaan; ưu tiên bản đồ hoặc tư liệu pháp lý gắn trực tiếp với sắc lệnh, không dùng ảnh tranh chấp hiện đại chung chung.",awaiting_manual_download,,mofa.gov.vn|biengioilanhtho.gov.vn|mod.gov.vn|qdnd.vn|chinhphu.vn|vietnamplus.vn|luutru.gov.vn,,,,,,True,False
200,philippin-ban-hanh-sac-lenh-1596-tuyen-bo-chu-quyen-truong-sa,Phi-líp-pin ban hành Sắc lệnh 1596 tuyên bố chủ quyền đối với hầu hết các đảo thuộc quần đảo Trường Sa,Năm 1978,atomic,maritime,by_event/philippin-ban-hanh-sac-lenh-1596-tuyen-bo-chu-quyen-truong-sa,2,gallery,image_02.<đúng-đuôi-file>,direct,high,"Kalayaan, Palawan được lập theo Presidential Decree 1596",https://en.wikipedia.org/wiki/Kalayaan%2C_Palawan,,,en.wikipedia.org,,check linked image file page before reuse,,,https://en.wikipedia.org/wiki/Kalayaan%2C_Palawan,Trang trực tiếp về đơn vị Kalayaan và nêu Sắc lệnh 1596 ngày 11-6-1978; ưu tiên bản đồ ranh giới hoặc tư liệu hành chính đúng sắc lệnh.,awaiting_manual_download,,mofa.gov.vn|biengioilanhtho.gov.vn|mod.gov.vn|qdnd.vn|chinhphu.vn|vietnamplus.vn|luutru.gov.vn,,,,,,True,False
201,viet-nam-gia-nhap-sev,Việt Nam gia nhập Hội đồng tương trợ kinh tế (SEV),Năm 1978,atomic,post_1975,by_event/viet-nam-gia-nhap-sev,1,thumbnail,image_01.<đúng-đuôi-file>,direct,high,Việt Nam gia nhập Hội đồng Tương trợ Kinh tế (Comecon/SEV) năm 1978,https://en.wikipedia.org/wiki/Comecon,,,en.wikipedia.org,,check linked image file page before reuse,,,https://en.wikipedia.org/wiki/Comecon,"Trang tổ chức liệt kê Việt Nam là thành viên đầy đủ từ tháng 6-1978; ưu tiên ảnh hội nghị, cờ các nước hoặc bản đồ thành viên có chú thích đúng thời kỳ.",awaiting_manual_download,,chinhphu.vn|dangcongsan.vn|tulieuvankien.dangcongsan.vn|quochoi.vn|mofa.gov.vn|vietnamplus.vn|nhandan.vn|un.org|unphoto.un.org,,,,,,True,False
201,viet-nam-gia-nhap-sev,Việt Nam gia nhập Hội đồng tương trợ kinh tế (SEV),Năm 1978,atomic,post_1975,by_event/viet-nam-gia-nhap-sev,2,gallery,image_02.<đúng-đuôi-file>,direct,high,Bối cảnh Việt Nam gia nhập Comecon ngày 28-6-1978,https://en.wikipedia.org/wiki/History_of_Vietnam,,,en.wikipedia.org,,check linked image file page before reuse,,,https://en.wikipedia.org/wiki/History_of_Vietnam,Trang lịch sử nêu ngày Việt Nam gia nhập Comecon 28-6-1978; chỉ chọn ảnh/tư liệu gắn trực tiếp với quan hệ Việt Nam–khối SEV.,awaiting_manual_download,,chinhphu.vn|dangcongsan.vn|tulieuvankien.dangcongsan.vn|quochoi.vn|mofa.gov.vn|vietnamplus.vn|nhandan.vn|un.org|unphoto.un.org,,,,,,True,False
202,go-ro-bat-co-pham-tuan-bay-vu-tru,V. Go-rơ-bát cô (Liên Xô) và Phạm Tuân (Việt Nam) cùng bay vào vũ trụ,1980,atomic,post_1975,by_event/go-ro-bat-co-pham-tuan-bay-vu-tru,1,thumbnail,image_01.<đúng-đuôi-file>,direct,high,Soyuz 37 đưa Viktor Gorbatko và Phạm Tuân vào vũ trụ năm 1980,https://en.wikipedia.org/wiki/Soyuz_37,,,en.wikipedia.org,,check linked image file page before reuse,,,https://en.wikipedia.org/wiki/Soyuz_37,"Trang trực tiếp về chuyến bay Soyuz 37, có ảnh phi hành đoàn và ngày phóng; ưu tiên ảnh hai phi hành gia, tàu Soyuz hoặc huy hiệu nhiệm vụ đúng chuyến bay.",awaiting_manual_download,,chinhphu.vn|dangcongsan.vn|tulieuvankien.dangcongsan.vn|quochoi.vn|mofa.gov.vn|vietnamplus.vn|nhandan.vn|un.org|unphoto.un.org,,,,,,True,False
202,go-ro-bat-co-pham-tuan-bay-vu-tru,V. Go-rơ-bát cô (Liên Xô) và Phạm Tuân (Việt Nam) cùng bay vào vũ trụ,1980,atomic,post_1975,by_event/go-ro-bat-co-pham-tuan-bay-vu-tru,2,gallery,image_02.<đúng-đuôi-file>,direct,high,Phạm Tuân — người Việt Nam đầu tiên bay vào vũ trụ,https://en.wikipedia.org/wiki/Ph%E1%BA%A1m_Tu%C3%A2n,,,en.wikipedia.org,,check linked image file page before reuse,,,https://en.wikipedia.org/wiki/Ph%E1%BA%A1m_Tu%C3%A2n,Trang trực tiếp về Phạm Tuân và nhiệm vụ Interkosmos/Soyuz 37; ưu tiên ảnh cùng Viktor Gorbatko hoặc trong bối cảnh huấn luyện/chuyến bay năm 1980.,awaiting_manual_download,,chinhphu.vn|dangcongsan.vn|tulieuvankien.dangcongsan.vn|quochoi.vn|mofa.gov.vn|vietnamplus.vn|nhandan.vn|un.org|unphoto.un.org,,,,,,True,False
203,thanh-lap-huyen-hoang-sa-va-huyen-truong-sa,Thành lập huyện Hoàng Sa và huyện Trường Sa,Năm 1982,atomic,maritime,by_event/thanh-lap-huyen-hoang-sa-va-huyen-truong-sa,1,thumbnail,image_01.<đúng-đuôi-file>,direct,high,Thành lập huyện Trường Sa năm 1982,https://en.wikipedia.org/wiki/Tr%C6%B0%E1%BB%9Dng_Sa_special_administrative_region,,,en.wikipedia.org,,check linked image file page before reuse,,,https://en.wikipedia.org/wiki/Tr%C6%B0%E1%BB%9Dng_Sa_special_administrative_region,"Trang lịch sử nêu Quyết định 193/HĐBT ngày 9-12-1982 thành lập huyện Trường Sa; ưu tiên bản đồ hành chính, văn bản hoặc ảnh cơ quan/quần đảo có chú thích đúng sự kiện.",awaiting_manual_download,,mofa.gov.vn|biengioilanhtho.gov.vn|mod.gov.vn|qdnd.vn|chinhphu.vn|vietnamplus.vn|luutru.gov.vn,,,,,,True,False
203,thanh-lap-huyen-hoang-sa-va-huyen-truong-sa,Thành lập huyện Hoàng Sa và huyện Trường Sa,Năm 1982,atomic,maritime,by_event/thanh-lap-huyen-hoang-sa-va-huyen-truong-sa,2,gallery,image_02.<đúng-đuôi-file>,direct,high,Thành lập huyện Hoàng Sa năm 1982,https://en.wikipedia.org/wiki/Ho%C3%A0ng_Sa_special_administrative_region,,,en.wikipedia.org,,check linked image file page before reuse,,,https://en.wikipedia.org/wiki/Ho%C3%A0ng_Sa_special_administrative_region,"Trang lịch sử nêu Chính phủ Việt Nam thành lập huyện Hoàng Sa năm 1982; ưu tiên văn bản, bản đồ hành chính hoặc tư liệu trưng bày có liên hệ rõ với quyết định thành lập.",awaiting_manual_download,,mofa.gov.vn|biengioilanhtho.gov.vn|mod.gov.vn|qdnd.vn|chinhphu.vn|vietnamplus.vn|luutru.gov.vn,,,,,,True,False
204,bru-nay-tuyen-bo-ranh-gioi-them-luc-dia,Bru-nây tuyên bố về ranh giới thềm lục địa 200 hải lí,Năm 1983,atomic,maritime,by_event/bru-nay-tuyen-bo-ranh-gioi-them-luc-dia,1,thumbnail,image_01.<đúng-đuôi-file>,strong_contextual,medium,Brunei mở rộng giới hạn nghề cá ra 200 hải lý năm 1983,https://en.wikipedia.org/wiki/Department_of_Fisheries_%28Brunei%29,,,en.wikipedia.org,,check linked image file page before reuse,,,https://en.wikipedia.org/wiki/Department_of_Fisheries_%28Brunei%29,"Nguồn nêu Fishery Limits Act 1983 mở rộng giới hạn 200 hải lý; đây chỉ là bối cảnh pháp lý gần với event thềm lục địa, không phải bằng chứng trực tiếp cho đúng tuyên bố thềm lục địa.",blocked_needs_direct_source,BLOCKED: no sufficiently direct image source was found. Current links are research leads only.,mofa.gov.vn|biengioilanhtho.gov.vn|mod.gov.vn|qdnd.vn|chinhphu.vn|vietnamplus.vn|luutru.gov.vn,blocked_needs_direct_source,P1,missing_direct_source,Chưa xác minh được một trang ảnh trực tiếp cho đúng tuyên bố thềm lục địa 200 hải lý năm 1983. Nguồn Fishery Limits Act 1983 chỉ là bối cảnh gần; không coi đó là cùng một văn bản.,Giữ event ở trạng thái blocked cho đến khi tìm được tư liệu trực tiếp hoặc chấp nhận rõ đây chỉ là contextual.,False,True
204,bru-nay-tuyen-bo-ranh-gioi-them-luc-dia,Bru-nây tuyên bố về ranh giới thềm lục địa 200 hải lí,Năm 1983,atomic,maritime,by_event/bru-nay-tuyen-bo-ranh-gioi-them-luc-dia,2,gallery,image_02.<đúng-đuôi-file>,strong_contextual,medium,Yêu sách thềm lục địa/EEZ của Brunei ở Biển Đông,https://en.wikipedia.org/wiki/Brunei%E2%80%93Malaysia_border,,,en.wikipedia.org,,check linked image file page before reuse,,,https://en.wikipedia.org/wiki/Brunei%E2%80%93Malaysia_border,Nguồn mô tả yêu sách thềm lục địa và EEZ 200 hải lý của Brunei; chỉ dùng bản đồ/văn bản nếu chú thích xác nhận đúng tuyên bố năm 1983.,blocked_needs_direct_source,BLOCKED: no sufficiently direct image source was found. Current links are research leads only.,mofa.gov.vn|biengioilanhtho.gov.vn|mod.gov.vn|qdnd.vn|chinhphu.vn|vietnamplus.vn|luutru.gov.vn,blocked_needs_direct_source,P1,missing_direct_source,Chưa xác minh được một trang ảnh trực tiếp cho đúng tuyên bố thềm lục địa 200 hải lý năm 1983. Nguồn Fishery Limits Act 1983 chỉ là bối cảnh gần; không coi đó là cùng một văn bản.,Giữ event ở trạng thái blocked cho đến khi tìm được tư liệu trực tiếp hoặc chấp nhận rõ đây chỉ là contextual.,False,True
205,bru-nay-tuyen-bo-vung-dac-quyen-kinh-te,Bru-nây tuyên bố về vùng đặc quyền kinh tế,Năm 1984,atomic,post_1975,by_event/bru-nay-tuyen-bo-vung-dac-quyen-kinh-te,1,thumbnail,image_01.<đúng-đuôi-file>,strong_contextual,medium,Vùng đặc quyền kinh tế 200 hải lý của Brunei,https://en.wikipedia.org/wiki/Brunei%E2%80%93Malaysia_border,,,en.wikipedia.org,,check linked image file page before reuse,,,https://en.wikipedia.org/wiki/Brunei%E2%80%93Malaysia_border,"Nguồn mô tả ranh giới EEZ và thềm lục địa của Brunei; chỉ chọn bản đồ pháp lý có ngày/nguồn phù hợp với tuyên bố năm 1984, không dùng ảnh bờ biển chung.",blocked_needs_direct_source,BLOCKED: no sufficiently direct image source was found. Current links are research leads only.,chinhphu.vn|dangcongsan.vn|tulieuvankien.dangcongsan.vn|quochoi.vn|mofa.gov.vn|vietnamplus.vn|nhandan.vn|un.org|unphoto.un.org,blocked_needs_direct_source,P1,missing_direct_source,Chưa có trang ảnh trực tiếp đủ chắc cho đúng tuyên bố EEZ năm 1984. Chỉ tải bản đồ pháp lý hoặc văn bản có ngày/nguồn rõ; không dùng ảnh bờ biển hay bản đồ hiện đại chung chung.,Giữ event ở trạng thái blocked cho đến khi tìm được tư liệu trực tiếp hoặc chấp nhận rõ đây chỉ là contextual.,False,True
205,bru-nay-tuyen-bo-vung-dac-quyen-kinh-te,Bru-nây tuyên bố về vùng đặc quyền kinh tế,Năm 1984,atomic,post_1975,by_event/bru-nay-tuyen-bo-vung-dac-quyen-kinh-te,2,gallery,image_02.<đúng-đuôi-file>,strong_contextual,medium,Bối cảnh yêu sách Biển Đông của Brunei,https://en.wikipedia.org/wiki/Territorial_disputes_in_the_South_China_Sea,,,en.wikipedia.org,,check linked image file page before reuse,,,https://en.wikipedia.org/wiki/Territorial_disputes_in_the_South_China_Sea,Nguồn bối cảnh tranh chấp và các vùng biển chồng lấn; không phải ảnh trực tiếp của tuyên bố EEZ 1984. Chỉ tải khi tìm được bản đồ/văn bản đúng thời điểm.,blocked_needs_direct_source,BLOCKED: no sufficiently direct image source was found. Current links are research leads only.,chinhphu.vn|dangcongsan.vn|tulieuvankien.dangcongsan.vn|quochoi.vn|mofa.gov.vn|vietnamplus.vn|nhandan.vn|un.org|unphoto.un.org,blocked_needs_direct_source,P1,missing_direct_source,Chưa có trang ảnh trực tiếp đủ chắc cho đúng tuyên bố EEZ năm 1984. Chỉ tải bản đồ pháp lý hoặc văn bản có ngày/nguồn rõ; không dùng ảnh bờ biển hay bản đồ hiện đại chung chung.,Giữ event ở trạng thái blocked cho đến khi tìm được tư liệu trực tiếp hoặc chấp nhận rõ đây chỉ là contextual.,False,True
206,dai-hoi-dai-bieu-toan-quoc-lan-thu-vi-cua-dang-cong-san-viet-nam,Đại hội đại biểu toàn quốc lần thứ VI của Đảng Cộng sản Việt Nam,12 – 1986,atomic,post_1975,by_event/dai-hoi-dai-bieu-toan-quoc-lan-thu-vi-cua-dang-cong-san-viet-nam,1,thumbnail,image_01.<đúng-đuôi-file>,direct,high,"Đại hội VI Đảng Cộng sản Việt Nam, 15–18-12-1986",https://en.wikipedia.org/wiki/6th_National_Congress_of_the_Communist_Party_of_Vietnam,,,en.wikipedia.org,,check linked image file page before reuse,,,https://en.wikipedia.org/wiki/6th_National_Congress_of_the_Communist_Party_of_Vietnam,"Trang trực tiếp về Đại hội VI, địa điểm Ba Đình và các ngày 15–18-12-1986; ưu tiên ảnh hội trường, đại biểu, lãnh đạo hoặc tài liệu đại hội.",awaiting_manual_download,,chinhphu.vn|dangcongsan.vn|tulieuvankien.dangcongsan.vn|quochoi.vn|mofa.gov.vn|vietnamplus.vn|nhandan.vn|un.org|unphoto.un.org,,,,,,True,False
206,dai-hoi-dai-bieu-toan-quoc-lan-thu-vi-cua-dang-cong-san-viet-nam,Đại hội đại biểu toàn quốc lần thứ VI của Đảng Cộng sản Việt Nam,12 – 1986,atomic,post_1975,by_event/dai-hoi-dai-bieu-toan-quoc-lan-thu-vi-cua-dang-cong-san-viet-nam,2,gallery,image_02.<đúng-đuôi-file>,strong_contextual,high,Đổi Mới được khởi xướng tại Đại hội VI,https://en.wikipedia.org/wiki/%C4%90%E1%BB%95i_M%E1%BB%9Bi,,,en.wikipedia.org,,check linked image file page before reuse,,,https://en.wikipedia.org/wiki/%C4%90%E1%BB%95i_M%E1%BB%9Bi,Trang về Đổi Mới cung cấp bối cảnh kết quả quan trọng của Đại hội VI; chỉ dùng ảnh có chú thích gắn với Đại hội VI hoặc quyết sách Đổi Mới cuối năm 1986.,awaiting_manual_download,,chinhphu.vn|dangcongsan.vn|tulieuvankien.dangcongsan.vn|quochoi.vn|mofa.gov.vn|vietnamplus.vn|nhandan.vn|un.org|unphoto.un.org,,,,,,True,False
207,bai-bo-che-do-tem-phieu-o-viet-nam,Bãi bỏ chế độ tem phiếu ở Việt Nam,Ngày 1-4-1989,atomic,post_1975,by_event/bai-bo-che-do-tem-phieu-o-viet-nam,1,thumbnail,image_01.<đúng-đuôi-file>,direct,high,Thời bao cấp và hệ thống tem phiếu ở Việt Nam,https://en.wikipedia.org/wiki/Subsidy_period,,,en.wikipedia.org,,check linked image file page before reuse,,,https://en.wikipedia.org/wiki/Subsidy_period,"Trang trực tiếp mô tả hệ thống tem phiếu và phân phối thời bao cấp; ưu tiên ảnh tem phiếu, sổ gạo hoặc cửa hàng mậu dịch. Mốc chấm dứt chính xác 1-4-1989 cần kiểm chứng riêng.",blocked_data_issue,BLOCKED: unresolved historical/data issue. Do not approve or download as final evidence until the event data is corrected.,chinhphu.vn|dangcongsan.vn|tulieuvankien.dangcongsan.vn|quochoi.vn|mofa.gov.vn|vietnamplus.vn|nhandan.vn|un.org|unphoto.un.org,blocked_data_issue,P0,data_issue,"Hai nguồn xác nhận bối cảnh tem phiếu và quá trình chuyển khỏi cơ chế bao cấp, nhưng chưa xác minh chắc mốc ngày 1-4-1989. Không đưa ngày này vào caption ảnh nếu chưa có nguồn chính thức riêng.",Không dùng ngày 1/4/1989 cho đến khi có nguồn chính thức.,False,True
207,bai-bo-che-do-tem-phieu-o-viet-nam,Bãi bỏ chế độ tem phiếu ở Việt Nam,Ngày 1-4-1989,atomic,post_1975,by_event/bai-bo-che-do-tem-phieu-o-viet-nam,2,gallery,image_02.<đúng-đuôi-file>,strong_contextual,high,Đổi Mới và quá trình chuyển khỏi cơ chế bao cấp,https://en.wikipedia.org/wiki/%C4%90%E1%BB%95i_M%E1%BB%9Bi,,,en.wikipedia.org,,check linked image file page before reuse,,,https://en.wikipedia.org/wiki/%C4%90%E1%BB%95i_M%E1%BB%9Bi,"Nguồn mô tả quá trình cải cách kinh tế sau 1986; chỉ dùng ảnh phản ánh trực tiếp việc bãi bỏ tem phiếu/chuyển cơ chế phân phối, không dùng ảnh tăng trưởng hiện đại.",blocked_data_issue,BLOCKED: unresolved historical/data issue. Do not approve or download as final evidence until the event data is corrected.,chinhphu.vn|dangcongsan.vn|tulieuvankien.dangcongsan.vn|quochoi.vn|mofa.gov.vn|vietnamplus.vn|nhandan.vn|un.org|unphoto.un.org,blocked_data_issue,P0,data_issue,"Hai nguồn xác nhận bối cảnh tem phiếu và quá trình chuyển khỏi cơ chế bao cấp, nhưng chưa xác minh chắc mốc ngày 1-4-1989. Không đưa ngày này vào caption ảnh nếu chưa có nguồn chính thức riêng.",Không dùng ngày 1/4/1989 cho đến khi có nguồn chính thức.,False,True
208,dai-hoi-dai-bieu-toan-quoc-lan-thu-vii-cua-dang-cong-san-viet-nam,Đại hội đại biểu toàn quốc lần thứ VII của Đảng Cộng sản Việt Nam,1991,atomic,post_1975,by_event/dai-hoi-dai-bieu-toan-quoc-lan-thu-vii-cua-dang-cong-san-viet-nam,1,thumbnail,image_01.<đúng-đuôi-file>,direct,high,"Đại hội VII Đảng Cộng sản Việt Nam, 24–27-6-1991",https://en.wikipedia.org/wiki/7th_National_Congress_of_the_Communist_Party_of_Vietnam,,,en.wikipedia.org,,check linked image file page before reuse,,,https://en.wikipedia.org/wiki/7th_National_Congress_of_the_Communist_Party_of_Vietnam,"Trang trực tiếp về Đại hội VII tại Hội trường Ba Đình; ưu tiên ảnh hội trường, đại biểu, lãnh đạo hoặc văn kiện đại hội năm 1991.",awaiting_manual_download,,chinhphu.vn|dangcongsan.vn|tulieuvankien.dangcongsan.vn|quochoi.vn|mofa.gov.vn|vietnamplus.vn|nhandan.vn|un.org|unphoto.un.org,,,,,,True,False
208,dai-hoi-dai-bieu-toan-quoc-lan-thu-vii-cua-dang-cong-san-viet-nam,Đại hội đại biểu toàn quốc lần thứ VII của Đảng Cộng sản Việt Nam,1991,atomic,post_1975,by_event/dai-hoi-dai-bieu-toan-quoc-lan-thu-vii-cua-dang-cong-san-viet-nam,2,gallery,image_02.<đúng-đuôi-file>,strong_contextual,high,Ban Chấp hành Trung ương khóa VII được bầu tại Đại hội VII,https://en.wikipedia.org/wiki/7th_Central_Committee_of_the_Communist_Party_of_Vietnam,,,en.wikipedia.org,,check linked image file page before reuse,,,https://en.wikipedia.org/wiki/7th_Central_Committee_of_the_Communist_Party_of_Vietnam,Trang về cơ cấu lãnh đạo được bầu sau Đại hội VII; chỉ chọn ảnh/tư liệu gắn trực tiếp với Đại hội hoặc kỳ họp đầu tiên cuối tháng 6-1991.,awaiting_manual_download,,chinhphu.vn|dangcongsan.vn|tulieuvankien.dangcongsan.vn|quochoi.vn|mofa.gov.vn|vietnamplus.vn|nhandan.vn|un.org|unphoto.un.org,,,,,,True,False
209,viet-nam-binh-thuong-hoa-quan-he-trung-quoc,Việt Nam bình thường hoá quan hệ với Trung Quốc,Năm 1991,atomic,diplomacy,by_event/viet-nam-binh-thuong-hoa-quan-he-trung-quoc,1,thumbnail,image_01.<đúng-đuôi-file>,direct,high,Việt Nam và Trung Quốc chính thức bình thường hóa quan hệ ngày 5-11-1991,https://en.wikipedia.org/wiki/China%E2%80%93Vietnam_relations,,,en.wikipedia.org,,check linked image file page before reuse,,,https://en.wikipedia.org/wiki/China%E2%80%93Vietnam_relations,"Trang quan hệ song phương nêu quá trình từ Hội nghị Thành Đô 1990 đến bình thường hóa chính thức ngày 5-11-1991; ưu tiên ảnh lãnh đạo, gặp gỡ hoặc tuyên bố chung đúng giai đoạn.",awaiting_manual_download,,mofa.gov.vn|chinhphu.vn|vietnamplus.vn|nhandan.vn|un.org|asean.org|apec.org|europa.eu,,,,,,True,False
209,viet-nam-binh-thuong-hoa-quan-he-trung-quoc,Việt Nam bình thường hoá quan hệ với Trung Quốc,Năm 1991,atomic,diplomacy,by_event/viet-nam-binh-thuong-hoa-quan-he-trung-quoc,2,gallery,image_02.<đúng-đuôi-file>,strong_contextual,medium,Đối ngoại Việt Nam đầu thập niên 1990 và bình thường hóa với Trung Quốc,https://en.wikipedia.org/wiki/Foreign_relations_of_Vietnam,,,en.wikipedia.org,,check linked image file page before reuse,,,https://en.wikipedia.org/wiki/Foreign_relations_of_Vietnam,Nguồn dùng để đối chiếu bối cảnh đối ngoại sau Chiến tranh Lạnh; chỉ tải ảnh nếu chú thích xác nhận cuộc gặp/hoạt động bình thường hóa Việt–Trung năm 1991.,awaiting_manual_download,,mofa.gov.vn|chinhphu.vn|vietnamplus.vn|nhandan.vn|un.org|asean.org|apec.org|europa.eu,,,,,,True,False
210,xay-dung-va-dong-dien-duong-day-500kv-bac-nam-mach-1,Xây dựng và đóng điện đường dây 500 kV Bắc - Nam (mạch 1),1992 – 27-5-1994,atomic,post_1975,by_event/xay-dung-va-dong-dien-duong-day-500kv-bac-nam-mach-1,1,thumbnail,image_01.<đúng-đuôi-file>,direct,high,Đường dây 500 kV Bắc–Nam mạch 1 và vai trò của Võ Văn Kiệt,https://en.wikipedia.org/wiki/V%C3%B5_V%C4%83n_Ki%E1%BB%87t,,,en.wikipedia.org,,check linked image file page before reuse,,,https://tuoitre.vn/duong-day-500kv-bac-nam-mo-dau-cho-hien-dai-hoa-he-thong-truyen-tai-quoc-gia-20230527104452134.htm,"Trang tiểu sử nêu quyết định triển khai công trình và mốc hòa hệ thống mạch 1 ngày 27-5-1994; ưu tiên ảnh công trường, cột điện, lễ đóng điện hoặc tư liệu có chú thích đúng dự án mạch 1. V2 xác nhận mốc đóng điện 27-5-1994; không dùng caption “đóng điện năm 1993”.",awaiting_manual_download,DATA CORRECTED IN V2: The 500 kV North–South circuit 1 was energized on 27 May 1994; the package must not caption it as energized in 1993.,chinhphu.vn|dangcongsan.vn|tulieuvankien.dangcongsan.vn|quochoi.vn|mofa.gov.vn|vietnamplus.vn|nhandan.vn|un.org|unphoto.un.org,awaiting_manual_download,RESOLVED,resolved_data_correction,The 500 kV North–South circuit 1 was energized on 27 May 1994; the package must not caption it as energized in 1993.,Use corrected V2 metadata; preserve the correction log when syncing back to the master dataset.,True,False
210,xay-dung-va-dong-dien-duong-day-500kv-bac-nam-mach-1,Xây dựng và đóng điện đường dây 500 kV Bắc - Nam (mạch 1),1992 – 27-5-1994,atomic,post_1975,by_event/xay-dung-va-dong-dien-duong-day-500kv-bac-nam-mach-1,2,gallery,image_02.<đúng-đuôi-file>,direct,high,Hệ thống điện Việt Nam thống nhất bằng đường dây 500 kV Bắc–Nam,https://en.wikipedia.org/wiki/Vietnam_Electricity,,,en.wikipedia.org,,check linked image file page before reuse,,,https://tuoitre.vn/duong-day-500kv-bac-nam-mo-dau-cho-hien-dai-hoa-he-thong-truyen-tai-quoc-gia-20230527104452134.htm,"Trang về ngành điện Việt Nam nêu đường dây 500 kV Bắc–Nam được đưa vào vận hành năm 1994, kết nối ba hệ thống điện vùng; chỉ chọn ảnh/tư liệu gắn đúng mạch 1. V2 xác nhận mốc đóng điện 27-5-1994; không dùng caption “đóng điện năm 1993”.",awaiting_manual_download,DATA CORRECTED IN V2: The 500 kV North–South circuit 1 was energized on 27 May 1994; the package must not caption it as energized in 1993.,chinhphu.vn|dangcongsan.vn|tulieuvankien.dangcongsan.vn|quochoi.vn|mofa.gov.vn|vietnamplus.vn|nhandan.vn|un.org|unphoto.un.org,awaiting_manual_download,RESOLVED,resolved_data_correction,The 500 kV North–South circuit 1 was energized on 27 May 1994; the package must not caption it as energized in 1993.,Use corrected V2 metadata; preserve the correction log when syncing back to the master dataset.,True,False
211,dai-loan-chiem-bai-can-ran-san-ho-ban-than,Đài Loan chiếm bãi cạn rạn san hô Bàn Than,Năm 1995,atomic,post_1975,by_event/dai-loan-chiem-bai-can-ran-san-ho-ban-than,1,thumbnail,image_01.<đúng-đuôi-file>,direct,high,Bãi Bàn Than (Zhongzhou Reef) trong cụm Ba Bình,https://en.wikipedia.org/wiki/Zhongzhou_Reef,,,en.wikipedia.org,,check linked image file page before reuse,,,https://en.wikipedia.org/wiki/Zhongzhou_Reef,"Trang trực tiếp về Bãi Bàn Than/Zhongzhou Reef và lịch sử quản lý; dùng để tìm ảnh rạn san hô hoặc tư liệu có chú thích đúng thực thể, đồng thời kiểm tra lại mốc 1995.",blocked_data_issue,BLOCKED: unresolved historical/data issue. Do not approve or download as final evidence until the event data is corrected.,chinhphu.vn|dangcongsan.vn|tulieuvankien.dangcongsan.vn|quochoi.vn|mofa.gov.vn|vietnamplus.vn|nhandan.vn|un.org|unphoto.un.org,blocked_data_issue,P0,data_issue,Nguồn về Zhongzhou Reef/Bãi Bàn Than cho thấy lịch sử kiểm soát của Đài Loan có từ trước 1995; mốc 1995 có thể liên quan hoạt động xây dựng chứ không phải lần chiếm đầu tiên. Không dùng ảnh để hợp thức hóa câu “chiếm năm 1995” khi chưa sửa event.,Phân biệt chiếm/kiểm soát với hoạt động xây dựng năm 1995 tại Bãi Bàn Than/Zhongzhou Reef.,False,True
211,dai-loan-chiem-bai-can-ran-san-ho-ban-than,Đài Loan chiếm bãi cạn rạn san hô Bàn Than,Năm 1995,atomic,post_1975,by_event/dai-loan-chiem-bai-can-ran-san-ho-ban-than,2,gallery,image_02.<đúng-đuôi-file>,direct,high,Danh sách thực thể Trường Sa và lịch sử kiểm soát Bãi Bàn Than,https://en.wikipedia.org/wiki/List_of_maritime_features_in_the_Spratly_Islands,,,en.wikipedia.org,,check linked image file page before reuse,,,https://en.wikipedia.org/wiki/List_of_maritime_features_in_the_Spratly_Islands,"Danh sách tổng hợp lịch sử kiểm soát các thực thể Trường Sa; chỉ chọn ảnh/bản đồ xác định đúng Zhongzhou Reef/Bãi Bàn Than, không dùng ảnh Ba Bình chung chung.",blocked_data_issue,BLOCKED: unresolved historical/data issue. Do not approve or download as final evidence until the event data is corrected.,chinhphu.vn|dangcongsan.vn|tulieuvankien.dangcongsan.vn|quochoi.vn|mofa.gov.vn|vietnamplus.vn|nhandan.vn|un.org|unphoto.un.org,blocked_data_issue,P0,data_issue,Nguồn về Zhongzhou Reef/Bãi Bàn Than cho thấy lịch sử kiểm soát của Đài Loan có từ trước 1995; mốc 1995 có thể liên quan hoạt động xây dựng chứ không phải lần chiếm đầu tiên. Không dùng ảnh để hợp thức hóa câu “chiếm năm 1995” khi chưa sửa event.,Phân biệt chiếm/kiểm soát với hoạt động xây dựng năm 1995 tại Bãi Bàn Than/Zhongzhou Reef.,False,True
212,trung-quoc-danh-chiem-da-vanh-khan,Trung Quốc đánh chiếm đá Vành Khăn,Năm 1995,atomic,post_1975,by_event/trung-quoc-danh-chiem-da-vanh-khan,1,thumbnail,image_01.<đúng-đuôi-file>,direct,high,Đá Vành Khăn (Mischief Reef) và việc Trung Quốc chiếm đóng năm 1995,https://en.wikipedia.org/wiki/Mischief_Reef,,,en.wikipedia.org,,check linked image file page before reuse,,,https://en.wikipedia.org/wiki/Mischief_Reef,"Trang trực tiếp về Đá Vành Khăn, mô tả việc Trung Quốc bắt đầu chiếm đóng và dựng cấu trúc ban đầu năm 1995; ưu tiên ảnh cấu trúc nhà sàn giai đoạn đầu hoặc bản đồ đúng thực thể.",awaiting_manual_download,,chinhphu.vn|dangcongsan.vn|tulieuvankien.dangcongsan.vn|quochoi.vn|mofa.gov.vn|vietnamplus.vn|nhandan.vn|un.org|unphoto.un.org,,,,,,True,False
212,trung-quoc-danh-chiem-da-vanh-khan,Trung Quốc đánh chiếm đá Vành Khăn,Năm 1995,atomic,post_1975,by_event/trung-quoc-danh-chiem-da-vanh-khan,2,gallery,image_02.<đúng-đuôi-file>,direct,high,Danh sách thực thể Trường Sa — Đá Vành Khăn bị chiếm năm 1995,https://en.wikipedia.org/wiki/List_of_maritime_features_in_the_Spratly_Islands,,,en.wikipedia.org,,check linked image file page before reuse,,,https://en.wikipedia.org/wiki/List_of_maritime_features_in_the_Spratly_Islands,Nguồn đối chiếu lịch sử kiểm soát các thực thể; chỉ tải ảnh/bản đồ xác định rõ Mischief Reef/Đá Vành Khăn và giai đoạn 1995.,awaiting_manual_download,,chinhphu.vn|dangcongsan.vn|tulieuvankien.dangcongsan.vn|quochoi.vn|mofa.gov.vn|vietnamplus.vn|nhandan.vn|un.org|unphoto.un.org,,,,,,True,False
213,viet-nam-binh-thuong-hoa-quan-he-my,Việt Nam bình thường hoá quan hệ với Mỹ,Năm 1995,atomic,diplomacy,by_event/viet-nam-binh-thuong-hoa-quan-he-my,1,thumbnail,image_01.<đúng-đuôi-file>,direct,high,Hoa Kỳ và Việt Nam bình thường hóa quan hệ ngoại giao năm 1995,https://en.wikipedia.org/wiki/United_States%E2%80%93Vietnam_relations,,,en.wikipedia.org,,check linked image file page before reuse,,,https://en.wikipedia.org/wiki/United_States%E2%80%93Vietnam_relations,"Trang trực tiếp về quan hệ song phương, nêu quyết định bình thường hóa tháng 7-1995; ưu tiên ảnh lãnh đạo, tuyên bố hoặc lễ nâng cấp cơ quan liên lạc thành đại sứ quán đúng năm 1995.",awaiting_manual_download,,mofa.gov.vn|chinhphu.vn|vietnamplus.vn|nhandan.vn|un.org|asean.org|apec.org|europa.eu,,,,,,True,False
213,viet-nam-binh-thuong-hoa-quan-he-my,Việt Nam bình thường hoá quan hệ với Mỹ,Năm 1995,atomic,diplomacy,by_event/viet-nam-binh-thuong-hoa-quan-he-my,2,gallery,image_02.<đúng-đuôi-file>,direct,high,Quan hệ Việt–Mỹ và quá trình đi đến bình thường hóa,https://www.newyorker.com/magazine/1996/10/21/a-friendship-that-ended-the-war,,,www.newyorker.com,,check linked image file page before reuse,,,https://www.newyorker.com/magazine/1996/10/21/a-friendship-that-ended-the-war,"Bài viết đương thời về quá trình bình thường hóa; chỉ chọn ảnh nhân vật/cuộc gặp được chú thích rõ liên quan đến quyết định năm 1995, không dùng ảnh ngoại giao Mỹ–Việt hiện đại.",awaiting_manual_download,,mofa.gov.vn|chinhphu.vn|vietnamplus.vn|nhandan.vn|un.org|asean.org|apec.org|europa.eu,,,,,,True,False
214,dai-hoi-dai-bieu-toan-quoc-lan-thu-viii-cua-dang-cong-san-viet-nam,Đại hội đại biểu toàn quốc lần thứ VIII của Đảng Cộng sản Việt Nam,1996,atomic,post_1975,by_event/dai-hoi-dai-bieu-toan-quoc-lan-thu-viii-cua-dang-cong-san-viet-nam,1,thumbnail,image_01.<đúng-đuôi-file>,strong_contextual,high,Ban Chấp hành Trung ương khóa VIII được bầu sau Đại hội VIII,https://en.wikipedia.org/wiki/8th_Central_Committee_of_the_Communist_Party_of_Vietnam,,,en.wikipedia.org,,check linked image file page before reuse,,,https://en.wikipedia.org/wiki/8th_Central_Committee_of_the_Communist_Party_of_Vietnam,Nguồn về cơ cấu lãnh đạo khóa VIII hình thành từ Đại hội VIII; chỉ dùng ảnh/tư liệu nếu chú thích xác nhận trực tiếp Đại hội VIII hoặc Hội nghị Trung ương đầu tiên năm 1996.,blocked_needs_direct_source,BLOCKED: no sufficiently direct image source was found. Current links are research leads only.,chinhphu.vn|dangcongsan.vn|tulieuvankien.dangcongsan.vn|quochoi.vn|mofa.gov.vn|vietnamplus.vn|nhandan.vn|un.org|unphoto.un.org,blocked_needs_direct_source,P1,missing_direct_source,Chưa tìm được trang ảnh trực tiếp đủ chắc về chính Đại hội VIII trong vòng tìm kiếm này. Hai nguồn chỉ là cơ cấu lãnh đạo sau đại hội; chỉ tải ảnh nếu chú thích xác nhận đúng Đại hội VIII hoặc phiên họp liên quan năm 1996.,Giữ event ở trạng thái blocked cho đến khi tìm được tư liệu trực tiếp hoặc chấp nhận rõ đây chỉ là contextual.,False,True
214,dai-hoi-dai-bieu-toan-quoc-lan-thu-viii-cua-dang-cong-san-viet-nam,Đại hội đại biểu toàn quốc lần thứ VIII của Đảng Cộng sản Việt Nam,1996,atomic,post_1975,by_event/dai-hoi-dai-bieu-toan-quoc-lan-thu-viii-cua-dang-cong-san-viet-nam,2,gallery,image_02.<đúng-đuôi-file>,strong_contextual,high,Cơ cấu lãnh đạo cấp cao sau Đại hội VIII,https://en.wikipedia.org/wiki/8th_Politburo_Standing_Committee_of_the_Communist_Party_of_Vietnam,,,en.wikipedia.org,,check linked image file page before reuse,,,https://en.wikipedia.org/wiki/8th_Politburo_Standing_Committee_of_the_Communist_Party_of_Vietnam,"Nguồn về Ban Thường vụ Bộ Chính trị khóa VIII; chỉ là điểm xuất phát để tìm ảnh đại hội, không dùng chân dung lãnh đạo riêng lẻ như bằng chứng trực tiếp cho Đại hội VIII.",blocked_needs_direct_source,BLOCKED: no sufficiently direct image source was found. Current links are research leads only.,chinhphu.vn|dangcongsan.vn|tulieuvankien.dangcongsan.vn|quochoi.vn|mofa.gov.vn|vietnamplus.vn|nhandan.vn|un.org|unphoto.un.org,blocked_needs_direct_source,P1,missing_direct_source,Chưa tìm được trang ảnh trực tiếp đủ chắc về chính Đại hội VIII trong vòng tìm kiếm này. Hai nguồn chỉ là cơ cấu lãnh đạo sau đại hội; chỉ tải ảnh nếu chú thích xác nhận đúng Đại hội VIII hoặc phiên họp liên quan năm 1996.,Giữ event ở trạng thái blocked cho đến khi tìm được tư liệu trực tiếp hoặc chấp nhận rõ đây chỉ là contextual.,False,True
215,ki-tuyen-bo-ve-ung-xu-cua-cac-ben-o-bien-dong-doc,Kí Tuyên bố về ứng xử của các bên ở Biển Đông (DOC),Ngày 4 tháng 11 năm 2002,atomic,post_1975,by_event/ki-tuyen-bo-ve-ung-xu-cua-cac-ben-o-bien-dong-doc,1,thumbnail,image_01.<đúng-đuôi-file>,direct,high,Dòng thời gian tranh chấp Biển Đông — ký DOC ngày 4-11-2002,https://en.wikipedia.org/wiki/Timeline_of_the_South_China_Sea_dispute,,,en.wikipedia.org,,check linked image file page before reuse,,,https://en.wikipedia.org/wiki/Timeline_of_the_South_China_Sea_dispute,"Dòng thời gian ghi việc ASEAN và Trung Quốc ký Tuyên bố DOC năm 2002; ưu tiên ảnh lễ ký, hội nghị Phnom Penh hoặc văn bản DOC có chú thích đúng ngày 4-11-2002.",awaiting_manual_document_source,"DOCUMENT GATE: approve only a scan, signing/adoption session, or implementation image explicitly tied to the named document/event.",chinhphu.vn|dangcongsan.vn|tulieuvankien.dangcongsan.vn|quochoi.vn|mofa.gov.vn|vietnamplus.vn|nhandan.vn|un.org|unphoto.un.org,awaiting_manual_document_source,P1,document_specific,"Đây là event ký một văn kiện cụ thể. Không dùng ảnh các cuộc họp DOC/COC về sau như bằng chứng trực tiếp; chỉ chấp nhận lễ ký, hội nghị Phnom Penh ngày 4-11-2002 hoặc bản văn DOC có nguồn rõ.","Chỉ duyệt scan văn bản, lễ ký/thông qua hoặc ảnh triển khai có chú thích đúng.",True,True
215,ki-tuyen-bo-ve-ung-xu-cua-cac-ben-o-bien-dong-doc,Kí Tuyên bố về ứng xử của các bên ở Biển Đông (DOC),Ngày 4 tháng 11 năm 2002,atomic,post_1975,by_event/ki-tuyen-bo-ve-ung-xu-cua-cac-ben-o-bien-dong-doc,2,gallery,image_02.<đúng-đuôi-file>,strong_contextual,high,DOC 2002 trong bối cảnh tranh chấp Biển Đông,https://en.wikipedia.org/wiki/Territorial_disputes_in_the_South_China_Sea,,,en.wikipedia.org,,check linked image file page before reuse,,,https://en.wikipedia.org/wiki/Territorial_disputes_in_the_South_China_Sea,"Nguồn tổng quan về tranh chấp và cơ chế DOC; chỉ dùng ảnh nếu gắn rõ với lễ ký/văn bản DOC năm 2002, không dùng ảnh các cuộc họp COC về sau.",awaiting_manual_document_source,"DOCUMENT GATE: approve only a scan, signing/adoption session, or implementation image explicitly tied to the named document/event.",chinhphu.vn|dangcongsan.vn|tulieuvankien.dangcongsan.vn|quochoi.vn|mofa.gov.vn|vietnamplus.vn|nhandan.vn|un.org|unphoto.un.org,awaiting_manual_document_source,P1,document_specific,"Đây là event ký một văn kiện cụ thể. Không dùng ảnh các cuộc họp DOC/COC về sau như bằng chứng trực tiếp; chỉ chấp nhận lễ ký, hội nghị Phnom Penh ngày 4-11-2002 hoặc bản văn DOC có nguồn rõ.","Chỉ duyệt scan văn bản, lễ ký/thông qua hoặc ảnh triển khai có chú thích đúng.",True,True
216,bo-chinh-tri-ban-hanh-chi-thi-06-ct-tw-ve-cuoc-van-dong-hoc-tap-va-lam-theo-tam-guong-dao-duc-ho-chi-minh,Bộ Chính trị ban hành Chỉ thị 06-CT/TW về Cuộc vận động “Học tập và làm theo tấm gương đạo đức Hồ Chí Minh”,Ngày 7-11-2006,atomic,post_1975,by_event/bo-chinh-tri-ban-hanh-chi-thi-06-ct-tw-ve-cuoc-van-dong-hoc-tap-va-lam-theo-tam-guong-dao-duc-ho-chi-minh,1,thumbnail,image_01.<đúng-đuôi-file>,strong_contextual,high,Bộ Chính trị khóa X — cơ quan ban hành Chỉ thị 06-CT/TW,https://en.wikipedia.org/wiki/10th_Politburo_of_the_Communist_Party_of_Vietnam,,,en.wikipedia.org,,check linked image file page before reuse,,,https://en.wikipedia.org/wiki/10th_Politburo_of_the_Communist_Party_of_Vietnam,"Nguồn xác định cơ quan lãnh đạo giai đoạn 2006; chỉ tải ảnh nếu tìm thấy cuộc họp, lễ phát động hoặc tư liệu gắn rõ với Chỉ thị 06-CT/TW ngày 7-11-2006.",awaiting_manual_document_source,"DOCUMENT GATE: approve only a scan, signing/adoption session, or implementation image explicitly tied to the named document/event.",chinhphu.vn|dangcongsan.vn|tulieuvankien.dangcongsan.vn|quochoi.vn|mofa.gov.vn|vietnamplus.vn|nhandan.vn|un.org|unphoto.un.org,awaiting_manual_document_source,P1,document_specific,"Đây là event ban hành chỉ thị. Không dùng chân dung Hồ Chí Minh hoặc ảnh sinh hoạt chính trị chung chung; chỉ chấp nhận scan Chỉ thị 06-CT/TW, lễ phát động hoặc tư liệu chiến dịch gắn rõ năm 2006.","Chỉ duyệt scan văn bản, lễ ký/thông qua hoặc ảnh triển khai có chú thích đúng.",True,True
216,bo-chinh-tri-ban-hanh-chi-thi-06-ct-tw-ve-cuoc-van-dong-hoc-tap-va-lam-theo-tam-guong-dao-duc-ho-chi-minh,Bộ Chính trị ban hành Chỉ thị 06-CT/TW về Cuộc vận động “Học tập và làm theo tấm gương đạo đức Hồ Chí Minh”,Ngày 7-11-2006,atomic,post_1975,by_event/bo-chinh-tri-ban-hanh-chi-thi-06-ct-tw-ve-cuoc-van-dong-hoc-tap-va-lam-theo-tam-guong-dao-duc-ho-chi-minh,2,gallery,image_02.<đúng-đuôi-file>,strong_contextual,medium,Tư tưởng Hồ Chí Minh — chủ đề của cuộc vận động theo Chỉ thị 06,https://en.wikipedia.org/wiki/Ho_Chi_Minh_Thought,,,en.wikipedia.org,,check linked image file page before reuse,,,https://en.wikipedia.org/wiki/Ho_Chi_Minh_Thought,Nguồn chỉ cung cấp bối cảnh nội dung cuộc vận động; không dùng chân dung Hồ Chí Minh chung chung. Chỉ chấp nhận tài liệu/campaign signage có liên hệ rõ với cuộc vận động năm 2006.,awaiting_manual_document_source,"DOCUMENT GATE: approve only a scan, signing/adoption session, or implementation image explicitly tied to the named document/event.",chinhphu.vn|dangcongsan.vn|tulieuvankien.dangcongsan.vn|quochoi.vn|mofa.gov.vn|vietnamplus.vn|nhandan.vn|un.org|unphoto.un.org,awaiting_manual_document_source,P1,document_specific,"Đây là event ban hành chỉ thị. Không dùng chân dung Hồ Chí Minh hoặc ảnh sinh hoạt chính trị chung chung; chỉ chấp nhận scan Chỉ thị 06-CT/TW, lễ phát động hoặc tư liệu chiến dịch gắn rõ năm 2006.","Chỉ duyệt scan văn bản, lễ ký/thông qua hoặc ảnh triển khai có chú thích đúng.",True,True
217,dai-hoi-dai-bieu-toan-quoc-lan-thu-x-cua-dang-cong-san-viet-nam,Đại hội đại biểu toàn quốc lần thứ X của Đảng Cộng sản Việt Nam,2006,atomic,post_1975,by_event/dai-hoi-dai-bieu-toan-quoc-lan-thu-x-cua-dang-cong-san-viet-nam,1,thumbnail,image_01.<đúng-đuôi-file>,direct,high,"Đại hội X Đảng Cộng sản Việt Nam, tháng 4-2006",https://en.wikipedia.org/wiki/10th_National_Congress_of_the_Communist_Party_of_Vietnam,,,en.wikipedia.org,,check linked image file page before reuse,,,https://en.wikipedia.org/wiki/10th_National_Congress_of_the_Communist_Party_of_Vietnam,"Trang trực tiếp về Đại hội X tại Hà Nội từ 18 đến 25-4-2006; ưu tiên ảnh hội trường, đại biểu, lãnh đạo hoặc biểu trưng đúng Đại hội X.",awaiting_manual_download,,chinhphu.vn|dangcongsan.vn|tulieuvankien.dangcongsan.vn|quochoi.vn|mofa.gov.vn|vietnamplus.vn|nhandan.vn|un.org|unphoto.un.org,,,,,,True,False
217,dai-hoi-dai-bieu-toan-quoc-lan-thu-x-cua-dang-cong-san-viet-nam,Đại hội đại biểu toàn quốc lần thứ X của Đảng Cộng sản Việt Nam,2006,atomic,post_1975,by_event/dai-hoi-dai-bieu-toan-quoc-lan-thu-x-cua-dang-cong-san-viet-nam,2,gallery,image_02.<đúng-đuôi-file>,strong_contextual,high,Bộ Chính trị khóa X được bầu sau Đại hội X,https://en.wikipedia.org/wiki/10th_Politburo_of_the_Communist_Party_of_Vietnam,,,en.wikipedia.org,,check linked image file page before reuse,,,https://en.wikipedia.org/wiki/10th_Politburo_of_the_Communist_Party_of_Vietnam,Nguồn về cơ cấu lãnh đạo được bầu sau Đại hội X; chỉ dùng ảnh/tư liệu nếu chú thích xác nhận đại hội hoặc kỳ họp lãnh đạo ngay sau đại hội.,awaiting_manual_download,,chinhphu.vn|dangcongsan.vn|tulieuvankien.dangcongsan.vn|quochoi.vn|mofa.gov.vn|vietnamplus.vn|nhandan.vn|un.org|unphoto.un.org,,,,,,True,False
218,viet-nam-thong-qua-luat-bien-viet-nam,Việt Nam thông qua Luật Biển Việt Nam,Năm 2012,atomic,post_1975,by_event/viet-nam-thong-qua-luat-bien-viet-nam,1,thumbnail,image_01.<đúng-đuôi-file>,strong_contextual,medium,UNCLOS — bối cảnh pháp lý của Luật Biển Việt Nam 2012,https://en.wikipedia.org/wiki/United_Nations_Convention_on_the_Law_of_the_Sea,,,en.wikipedia.org,,check linked image file page before reuse,,,https://en.wikipedia.org/wiki/United_Nations_Convention_on_the_Law_of_the_Sea,Nguồn cung cấp khung pháp lý quốc tế mà Luật Biển Việt Nam viện dẫn; không dùng bản đồ biển chung chung như ảnh trực tiếp của việc Quốc hội thông qua luật năm 2012.,awaiting_manual_document_source,"DOCUMENT GATE: approve only a scan, signing/adoption session, or implementation image explicitly tied to the named document/event.",chinhphu.vn|dangcongsan.vn|tulieuvankien.dangcongsan.vn|quochoi.vn|mofa.gov.vn|vietnamplus.vn|nhandan.vn|un.org|unphoto.un.org,awaiting_manual_document_source,P1,document_specific,"Đây là event pháp lý. Hai nguồn chỉ là bối cảnh; chỉ tải scan Luật Biển Việt Nam 2012, phiên Quốc hội thông qua/biểu quyết hoặc tư liệu chính thức có chú thích rõ.","Chỉ duyệt scan văn bản, lễ ký/thông qua hoặc ảnh triển khai có chú thích đúng.",True,True
218,viet-nam-thong-qua-luat-bien-viet-nam,Việt Nam thông qua Luật Biển Việt Nam,Năm 2012,atomic,post_1975,by_event/viet-nam-thong-qua-luat-bien-viet-nam,2,gallery,image_02.<đúng-đuôi-file>,strong_contextual,medium,Quốc hội Việt Nam — cơ quan thông qua Luật Biển năm 2012,https://en.wikipedia.org/wiki/National_Assembly_of_Vietnam,,,en.wikipedia.org,,check linked image file page before reuse,,,https://en.wikipedia.org/wiki/National_Assembly_of_Vietnam,"Nguồn về cơ quan lập pháp; chỉ tải ảnh phiên họp, biểu quyết hoặc văn bản Luật Biển Việt Nam 2012 có chú thích rõ, không dùng ảnh trụ sở Quốc hội hiện đại chung chung.",awaiting_manual_document_source,"DOCUMENT GATE: approve only a scan, signing/adoption session, or implementation image explicitly tied to the named document/event.",chinhphu.vn|dangcongsan.vn|tulieuvankien.dangcongsan.vn|quochoi.vn|mofa.gov.vn|vietnamplus.vn|nhandan.vn|un.org|unphoto.un.org,awaiting_manual_document_source,P1,document_specific,"Đây là event pháp lý. Hai nguồn chỉ là bối cảnh; chỉ tải scan Luật Biển Việt Nam 2012, phiên Quốc hội thông qua/biểu quyết hoặc tư liệu chính thức có chú thích rõ.","Chỉ duyệt scan văn bản, lễ ký/thông qua hoặc ảnh triển khai có chú thích đúng.",True,True
219,hien-phap-cong-hoa-xa-hoi-chu-nghia-viet-nam-2013,Hiến pháp nước Cộng hoà xã hội chủ nghĩa Việt Nam năm 2013,Năm 2013,atomic,post_1975,by_event/hien-phap-cong-hoa-xa-hoi-chu-nghia-viet-nam-2013,1,thumbnail,image_01.<đúng-đuôi-file>,direct,high,Hiến pháp Việt Nam năm 2013,https://en.wikipedia.org/wiki/Constitution_of_Vietnam,,,en.wikipedia.org,,check linked image file page before reuse,,,https://en.wikipedia.org/wiki/Constitution_of_Vietnam,"Trang trực tiếp về lịch sử các bản hiến pháp Việt Nam, gồm Hiến pháp 2013; ưu tiên ảnh bản văn, lễ công bố hoặc phiên Quốc hội thông qua đúng năm 2013.",awaiting_manual_document_source,"DOCUMENT GATE: approve only a scan, signing/adoption session, or implementation image explicitly tied to the named document/event.",chinhphu.vn|dangcongsan.vn|tulieuvankien.dangcongsan.vn|quochoi.vn|mofa.gov.vn|vietnamplus.vn|nhandan.vn|un.org|unphoto.un.org,awaiting_manual_document_source,P1,document_specific,"Chỉ dùng bản Hiến pháp 2013, lễ công bố hoặc phiên Quốc hội thông qua. Không dùng ảnh Quốc hội/Hiến pháp chung chung không định niên đại.","Chỉ duyệt scan văn bản, lễ ký/thông qua hoặc ảnh triển khai có chú thích đúng.",True,True
219,hien-phap-cong-hoa-xa-hoi-chu-nghia-viet-nam-2013,Hiến pháp nước Cộng hoà xã hội chủ nghĩa Việt Nam năm 2013,Năm 2013,atomic,post_1975,by_event/hien-phap-cong-hoa-xa-hoi-chu-nghia-viet-nam-2013,2,gallery,image_02.<đúng-đuôi-file>,strong_contextual,high,Quốc hội Việt Nam — cơ quan thông qua Hiến pháp 2013,https://en.wikipedia.org/wiki/National_Assembly_of_Vietnam,,,en.wikipedia.org,,check linked image file page before reuse,,,https://en.wikipedia.org/wiki/National_Assembly_of_Vietnam,"Nguồn về cơ quan lập hiến; chỉ chọn ảnh phiên họp/thông qua Hiến pháp 2013 có chú thích rõ, không dùng ảnh Quốc hội chung chung.",awaiting_manual_document_source,"DOCUMENT GATE: approve only a scan, signing/adoption session, or implementation image explicitly tied to the named document/event.",chinhphu.vn|dangcongsan.vn|tulieuvankien.dangcongsan.vn|quochoi.vn|mofa.gov.vn|vietnamplus.vn|nhandan.vn|un.org|unphoto.un.org,awaiting_manual_document_source,P1,document_specific,"Chỉ dùng bản Hiến pháp 2013, lễ công bố hoặc phiên Quốc hội thông qua. Không dùng ảnh Quốc hội/Hiến pháp chung chung không định niên đại.","Chỉ duyệt scan văn bản, lễ ký/thông qua hoặc ảnh triển khai có chú thích đúng.",True,True
220,viet-nam-hoan-tat-muc-tieu-thien-nien-ki,Việt Nam hoàn tất việc thực hiện các Mục tiêu Thiên niên kỉ (MDGs) của Liên hợp quốc,Đến năm 2015,atomic,diplomacy,by_event/viet-nam-hoan-tat-muc-tieu-thien-nien-ki,1,thumbnail,image_01.<đúng-đuôi-file>,strong_contextual,high,Mục tiêu Phát triển Thiên niên kỷ của Liên hợp quốc,https://en.wikipedia.org/wiki/Millennium_Development_Goals,,,en.wikipedia.org,,check linked image file page before reuse,,,https://en.wikipedia.org/wiki/Millennium_Development_Goals,"Nguồn mô tả hệ thống MDGs và mốc kết thúc năm 2015; chỉ tải ảnh nếu có liên hệ rõ với báo cáo/thành tựu MDG của Việt Nam, không dùng logo MDG chung chung như bằng chứng hoàn tất.",blocked_data_issue,BLOCKED: wording/date/legal action requires verification or normalization before final approval.,mofa.gov.vn|chinhphu.vn|vietnamplus.vn|nhandan.vn|un.org|asean.org|apec.org|europa.eu,blocked_data_issue,P1,data_issue,Cụm “hoàn tất các MDGs” có thể khái quát quá mức vì thành tựu từng mục tiêu không đồng đều. Không dùng logo LHQ/MDG chung chung; cần ảnh hoặc báo cáo gắn trực tiếp với đánh giá MDG của Việt Nam đến năm 2015.,Xác minh Việt Nam đạt từng MDG; tránh caption “hoàn tất tất cả MDGs” nếu không có nguồn.,False,True
220,viet-nam-hoan-tat-muc-tieu-thien-nien-ki,Việt Nam hoàn tất việc thực hiện các Mục tiêu Thiên niên kỉ (MDGs) của Liên hợp quốc,Đến năm 2015,atomic,diplomacy,by_event/viet-nam-hoan-tat-muc-tieu-thien-nien-ki,2,gallery,image_02.<đúng-đuôi-file>,strong_contextual,medium,Việt Nam và Ngân hàng Thế giới trong tiến trình giảm nghèo và phát triển,https://en.wikipedia.org/wiki/Vietnam_and_the_World_Bank,,,en.wikipedia.org,,check linked image file page before reuse,,,https://en.wikipedia.org/wiki/Vietnam_and_the_World_Bank,Nguồn hỗ trợ bối cảnh các thành tựu phát triển liên quan một số MDG; không đủ để chứng minh Việt Nam hoàn tất toàn bộ mục tiêu. Chỉ dùng ảnh dự án/chỉ số có liên hệ cụ thể với báo cáo MDG.,blocked_data_issue,BLOCKED: wording/date/legal action requires verification or normalization before final approval.,mofa.gov.vn|chinhphu.vn|vietnamplus.vn|nhandan.vn|un.org|asean.org|apec.org|europa.eu,blocked_data_issue,P1,data_issue,Cụm “hoàn tất các MDGs” có thể khái quát quá mức vì thành tựu từng mục tiêu không đồng đều. Không dùng logo LHQ/MDG chung chung; cần ảnh hoặc báo cáo gắn trực tiếp với đánh giá MDG của Việt Nam đến năm 2015.,Xác minh Việt Nam đạt từng MDG; tránh caption “hoàn tất tất cả MDGs” nếu không có nguồn.,False,True
221,bo-chinh-tri-ban-hanh-chi-thi-05-ct-tw-ve-day-manh-hoc-tap-va-lam-theo-tu-tuong-dao-duc-phong-cach-ho-chi-minh,"Bộ Chính trị ban hành Chỉ thị 05-CT/TW về “đẩy mạnh học tập và làm theo tư tưởng, đạo đức, phong cách Hồ Chí Minh”",Ngày 15 – 5 – 2016,atomic,post_1975,by_event/bo-chinh-tri-ban-hanh-chi-thi-05-ct-tw-ve-day-manh-hoc-tap-va-lam-theo-tu-tuong-dao-duc-phong-cach-ho-chi-minh,1,thumbnail,image_01.<đúng-đuôi-file>,direct,high,Bộ Chính trị khóa XII và Chỉ thị 05-CT/TW ngày 15-5-2016,https://en.wikipedia.org/wiki/12th_Politburo_of_the_Communist_Party_of_Vietnam,,,en.wikipedia.org,,check linked image file page before reuse,,,https://en.wikipedia.org/wiki/12th_Politburo_of_the_Communist_Party_of_Vietnam,"Nguồn về Bộ Chính trị khóa XII có danh mục văn kiện gồm Chỉ thị 05-CT/TW ngày 15-5-2016; ưu tiên scan văn bản, lễ triển khai hoặc tư liệu chương trình gắn rõ Chỉ thị 05.",awaiting_manual_document_source,"DOCUMENT GATE: approve only a scan, signing/adoption session, or implementation image explicitly tied to the named document/event.",chinhphu.vn|dangcongsan.vn|tulieuvankien.dangcongsan.vn|quochoi.vn|mofa.gov.vn|vietnamplus.vn|nhandan.vn|un.org|unphoto.un.org,awaiting_manual_document_source,P1,document_specific,Đây là event ban hành chỉ thị. Không dùng chân dung Hồ Chí Minh chung chung; chỉ dùng scan Chỉ thị 05-CT/TW hoặc tư liệu triển khai có liên hệ rõ từ năm 2016.,"Chỉ duyệt scan văn bản, lễ ký/thông qua hoặc ảnh triển khai có chú thích đúng.",True,True
221,bo-chinh-tri-ban-hanh-chi-thi-05-ct-tw-ve-day-manh-hoc-tap-va-lam-theo-tu-tuong-dao-duc-phong-cach-ho-chi-minh,"Bộ Chính trị ban hành Chỉ thị 05-CT/TW về “đẩy mạnh học tập và làm theo tư tưởng, đạo đức, phong cách Hồ Chí Minh”",Ngày 15 – 5 – 2016,atomic,post_1975,by_event/bo-chinh-tri-ban-hanh-chi-thi-05-ct-tw-ve-day-manh-hoc-tap-va-lam-theo-tu-tuong-dao-duc-phong-cach-ho-chi-minh,2,gallery,image_02.<đúng-đuôi-file>,strong_contextual,high,Tư tưởng Hồ Chí Minh — nội dung trọng tâm của Chỉ thị 05,https://en.wikipedia.org/wiki/Ho_Chi_Minh_Thought,,,en.wikipedia.org,,check linked image file page before reuse,,,https://en.wikipedia.org/wiki/Ho_Chi_Minh_Thought,Nguồn cung cấp bối cảnh nội dung; không dùng chân dung Hồ Chí Minh chung chung. Chỉ chấp nhận tài liệu/biển chương trình có liên hệ rõ với việc triển khai Chỉ thị 05 từ năm 2016.,awaiting_manual_document_source,"DOCUMENT GATE: approve only a scan, signing/adoption session, or implementation image explicitly tied to the named document/event.",chinhphu.vn|dangcongsan.vn|tulieuvankien.dangcongsan.vn|quochoi.vn|mofa.gov.vn|vietnamplus.vn|nhandan.vn|un.org|unphoto.un.org,awaiting_manual_document_source,P1,document_specific,Đây là event ban hành chỉ thị. Không dùng chân dung Hồ Chí Minh chung chung; chỉ dùng scan Chỉ thị 05-CT/TW hoặc tư liệu triển khai có liên hệ rõ từ năm 2016.,"Chỉ duyệt scan văn bản, lễ ký/thông qua hoặc ảnh triển khai có chú thích đúng.",True,True
222,quan-he-viet-nam-my-doi-tac-chien-luoc-toan-dien,Quan hệ Việt Nam - Mỹ lên tầm đối tác chiến lược toàn diện,Năm 2023,atomic,diplomacy,by_event/quan-he-viet-nam-my-doi-tac-chien-luoc-toan-dien,1,thumbnail,image_01.<đúng-đuôi-file>,direct,high,Việt Nam và Hoa Kỳ thiết lập Đối tác chiến lược toàn diện năm 2023,https://en.wikipedia.org/wiki/Comprehensive_strategic_partnerships_of_Vietnam,,,en.wikipedia.org,,check linked image file page before reuse,,,https://en.wikipedia.org/wiki/Comprehensive_strategic_partnerships_of_Vietnam,"Trang trực tiếp về các quan hệ Đối tác chiến lược toàn diện của Việt Nam, nêu việc nâng cấp với Hoa Kỳ ngày 10-9-2023; ưu tiên ảnh lễ đón, hội đàm hoặc tuyên bố chung.",awaiting_manual_download,,mofa.gov.vn|chinhphu.vn|vietnamplus.vn|nhandan.vn|un.org|asean.org|apec.org|europa.eu,,,,,,True,False
222,quan-he-viet-nam-my-doi-tac-chien-luoc-toan-dien,Quan hệ Việt Nam - Mỹ lên tầm đối tác chiến lược toàn diện,Năm 2023,atomic,diplomacy,by_event/quan-he-viet-nam-my-doi-tac-chien-luoc-toan-dien,2,gallery,image_02.<đúng-đuôi-file>,direct,high,Chuyến thăm Hà Nội của Tổng thống Joe Biden và việc nâng cấp quan hệ năm 2023,https://apnews.com/article/ac8f9dd899f77910c42295769d3fedb6,,,apnews.com,,check linked image file page before reuse,,,https://apnews.com/article/ac8f9dd899f77910c42295769d3fedb6,Tin AP về chuyến thăm Hà Nội và việc hai nước nâng cấp quan hệ; ưu tiên ảnh chính thức trong chuyến thăm/hội đàm ngày 10-9-2023.,awaiting_manual_download,,mofa.gov.vn|chinhphu.vn|vietnamplus.vn|nhandan.vn|un.org|asean.org|apec.org|europa.eu,,,,,,True,False
223,chien-luoc-vua-danh-vua-dam-va-van-dong-quoc-te-cong-nhan-mat-tran-dan-toc-giai-phong-mien-nam-viet-nam,"Chiến lược ""vừa đánh, vừa đàm"" và vận động quốc tế công nhận Mặt trận Dân tộc giải phóng miền Nam Việt Nam",Trong kháng chiến chống Mỹ (1954-1975),atomic,war_1945_1975,by_event/chien-luoc-vua-danh-vua-dam-va-van-dong-quoc-te-cong-nhan-mat-tran-dan-toc-giai-phong-mien-nam-viet-nam,1,thumbnail,image_01.<đúng-đuôi-file>,direct,high,Chính phủ Cách mạng lâm thời và vận động quốc tế công nhận lực lượng cách mạng miền Nam,https://en.wikipedia.org/wiki/Provisional_Revolutionary_Government_of_the_Republic_of_South_Vietnam,,,en.wikipedia.org,,check linked image file page before reuse,,,https://en.wikipedia.org/wiki/Provisional_Revolutionary_Government_of_the_Republic_of_South_Vietnam,"Nguồn trực tiếp cho nhánh vận động quốc tế và công nhận lực lượng cách mạng miền Nam; ưu tiên ảnh đoàn ngoại giao, hội nghị hoặc hoạt động quốc tế có chú thích rõ.",awaiting_manual_download_scoped,SCOPE GATE: this is a composite event; each image must be captioned as covering only the specific branch it actually depicts.,btlsqsvn.org.vn|qdnd.vn|nhandan.vn|vietnamplus.vn|hochiminh.vn|baotanglichsu.vn|luutru.gov.vn|loc.gov|archives.gov,awaiting_manual_download_scoped,P1,composite_scope,"Event ghép hai mạch dài hạn: “vừa đánh, vừa đàm” và vận động quốc tế công nhận Mặt trận. Một ảnh có thể chỉ chứng minh một mạch; không ghi chú như thể một ảnh đại diện đầy đủ cho toàn bộ chiến lược.",Không dùng một ảnh để đại diện toàn event; tách scope caption hoặc bổ sung nhiều ảnh/tư liệu theo từng nhánh.,True,True
223,chien-luoc-vua-danh-vua-dam-va-van-dong-quoc-te-cong-nhan-mat-tran-dan-toc-giai-phong-mien-nam-viet-nam,"Chiến lược ""vừa đánh, vừa đàm"" và vận động quốc tế công nhận Mặt trận Dân tộc giải phóng miền Nam Việt Nam",Trong kháng chiến chống Mỹ (1954-1975),atomic,war_1945_1975,by_event/chien-luoc-vua-danh-vua-dam-va-van-dong-quoc-te-cong-nhan-mat-tran-dan-toc-giai-phong-mien-nam-viet-nam,2,gallery,image_02.<đúng-đuôi-file>,direct,high,"Đàm phán Paris trong chiến lược vừa đánh, vừa đàm",https://en.wikipedia.org/wiki/Henry_Kissinger_and_the_Vietnam_War,,,en.wikipedia.org,,check linked image file page before reuse,,,https://en.wikipedia.org/wiki/Henry_Kissinger_and_the_Vietnam_War,"Nguồn về tiến trình đàm phán liên quan chiến tranh Việt Nam; chỉ chọn ảnh cuộc đàm phán hoặc nhân vật tham gia có chú thích đúng bối cảnh, không dùng chân dung riêng lẻ.",awaiting_manual_download_scoped,SCOPE GATE: this is a composite event; each image must be captioned as covering only the specific branch it actually depicts.,btlsqsvn.org.vn|qdnd.vn|nhandan.vn|vietnamplus.vn|hochiminh.vn|baotanglichsu.vn|luutru.gov.vn|loc.gov|archives.gov,awaiting_manual_download_scoped,P1,composite_scope,"Event ghép hai mạch dài hạn: “vừa đánh, vừa đàm” và vận động quốc tế công nhận Mặt trận. Một ảnh có thể chỉ chứng minh một mạch; không ghi chú như thể một ảnh đại diện đầy đủ cho toàn bộ chiến lược.",Không dùng một ảnh để đại diện toàn event; tách scope caption hoặc bổ sung nhiều ảnh/tư liệu theo từng nhánh.,True,True
224,chinh-quyen-phap-cai-cach-huong-chinh,Chính quyền thực dân Pháp thực hiện cải cách hương chính,Thời Pháp thuộc,atomic,colonial,by_event/chinh-quyen-phap-cai-cach-huong-chinh,1,thumbnail,image_01.<đúng-đuôi-file>,direct,high,Hương ước và cải cách hương chính thời Pháp thuộc,https://en.wikipedia.org/wiki/Hyangyak,,,en.wikipedia.org,,check linked image file page before reuse,,,https://en.wikipedia.org/wiki/Hyangyak,"Trang về hương ước có phần Việt Nam và mô tả chính quyền Pháp cải cách quy ước/làng xã; ưu tiên scan hương ước, văn bản làng xã hoặc tư liệu hành chính đúng thời thuộc địa.",awaiting_manual_download,,baotanglichsu.vn|luutru.gov.vn|hochiminh.vn|nhandan.vn|qdnd.vn|vietnamplus.vn|gallica.bnf.fr|loc.gov,,,,,,True,False
224,chinh-quyen-phap-cai-cach-huong-chinh,Chính quyền thực dân Pháp thực hiện cải cách hương chính,Thời Pháp thuộc,atomic,colonial,by_event/chinh-quyen-phap-cai-cach-huong-chinh,2,gallery,image_02.<đúng-đuôi-file>,direct,high,Bộ máy cai trị Pháp ở Đông Dương và cải cách làng xã,https://en.wikipedia.org/wiki/French_Indochina,,,en.wikipedia.org,,check linked image file page before reuse,,,https://en.wikipedia.org/wiki/French_Indochina,"Nguồn bối cảnh trực tiếp về chính quyền thuộc địa Pháp; chỉ dùng ảnh quan chức, văn bản hoặc cơ cấu làng xã có chú thích liên hệ tới cải cách hương chính, không dùng ảnh Đông Dương chung chung.",awaiting_manual_download,,baotanglichsu.vn|luutru.gov.vn|hochiminh.vn|nhandan.vn|qdnd.vn|vietnamplus.vn|gallica.bnf.fr|loc.gov,,,,,,True,False
225,chu-nom-su-dung-rong-rai,Chữ Nôm được sử dụng rộng rãi,Từ thế kỉ XIII,atomic,culture_language,by_event/chu-nom-su-dung-rong-rai,1,thumbnail,image_01.<đúng-đuôi-file>,direct,high,Chữ Nôm và sự phát triển văn học tiếng Việt từ thế kỉ XIII,https://en.wikipedia.org/wiki/Ch%E1%BB%AF_N%C3%B4m,,,en.wikipedia.org,,check linked image file page before reuse,,,https://en.wikipedia.org/wiki/Ch%E1%BB%AF_N%C3%B4m,"Trang trực tiếp về chữ Nôm, niên đại sử dụng và các tác phẩm; ưu tiên ảnh bản khắc, văn bản, tác phẩm Nôm có định niên đại phù hợp từ thế kỉ XIII trở đi.",awaiting_manual_download,,baotanglichsu.vn|bvhttdl.gov.vn|disanvanhoa.gov.vn|vnfam.vn|unesco.org,,,,,,True,False
225,chu-nom-su-dung-rong-rai,Chữ Nôm được sử dụng rộng rãi,Từ thế kỉ XIII,atomic,culture_language,by_event/chu-nom-su-dung-rong-rai,2,gallery,image_02.<đúng-đuôi-file>,direct,high,Lịch sử chữ viết ở Việt Nam — sự mở rộng của chữ Nôm,https://en.wikipedia.org/wiki/History_of_writing_in_Vietnam,,,en.wikipedia.org,,check linked image file page before reuse,,,https://en.wikipedia.org/wiki/History_of_writing_in_Vietnam,Nguồn trực tiếp về quá trình chữ Nôm phát triển và thách thức vị thế độc tôn của chữ Hán; ưu tiên tư liệu chữ viết/tác phẩm có chú thích rõ.,awaiting_manual_download,,baotanglichsu.vn|bvhttdl.gov.vn|disanvanhoa.gov.vn|vnfam.vn|unesco.org,,,,,,True,False
226,chu-quoc-ngu-xuat-hien,Chữ Quốc ngữ xuất hiện và dần được hoàn thiện,Đầu thế kỉ XVII (từ khoảng 1620; mốc 1651),atomic,culture_language,by_event/chu-quoc-ngu-xuat-hien,1,thumbnail,image_01.<đúng-đuôi-file>,direct,high,Quá trình La-tinh hóa tiếng Việt và hình thành chữ Quốc ngữ,https://en.wikipedia.org/wiki/Vietnamese_alphabet,,,en.wikipedia.org,,check linked image file page before reuse,,,https://en.wikipedia.org/wiki/Vietnamese_alphabet,"Trang về tiếng Việt mô tả quá trình La-tinh hóa do các giáo sĩ và việc hệ thống hóa vào thế kỉ XVII; ưu tiên bản chữ Quốc ngữ sớm hoặc tư liệu của các giáo sĩ liên quan. V2 chuẩn hóa niên đại sang đầu thế kỉ XVII, với mốc khoảng 1620 và từ điển 1651.",awaiting_manual_download,"DATA CORRECTED IN V2: Early Latin transcription is generally placed around 1620, with the 1651 Vietnamese–Portuguese–Latin dictionary a major codification milestone.",baotanglichsu.vn|bvhttdl.gov.vn|disanvanhoa.gov.vn|vnfam.vn|unesco.org,awaiting_manual_download,RESOLVED,resolved_data_correction,"Early Latin transcription is generally placed around 1620, with the 1651 Vietnamese–Portuguese–Latin dictionary a major codification milestone.",Use corrected V2 metadata; preserve the correction log when syncing back to the master dataset.,True,False
226,chu-quoc-ngu-xuat-hien,Chữ Quốc ngữ xuất hiện và dần được hoàn thiện,Đầu thế kỉ XVII (từ khoảng 1620; mốc 1651),atomic,culture_language,by_event/chu-quoc-ngu-xuat-hien,2,gallery,image_02.<đúng-đuôi-file>,direct,high,Từ điển Việt–Bồ–La năm 1651 và sự định hình chữ Quốc ngữ,https://en.wikipedia.org/wiki/Dictionarium_Annamiticum_Lusitanum_et_Latinum,,,en.wikipedia.org,,check linked image file page before reuse,,,https://en.wikipedia.org/wiki/Dictionarium_Annamiticum_Lusitanum_et_Latinum,"Trang trực tiếp về từ điển 1651 của Alexandre de Rhodes, mốc quan trọng trong việc hệ thống hóa chữ Quốc ngữ; ưu tiên bìa/bản scan của ấn phẩm hoặc trang chữ mẫu có nguồn rõ. V2 chuẩn hóa niên đại sang đầu thế kỉ XVII, với mốc khoảng 1620 và từ điển 1651.",awaiting_manual_download,"DATA CORRECTED IN V2: Early Latin transcription is generally placed around 1620, with the 1651 Vietnamese–Portuguese–Latin dictionary a major codification milestone.",baotanglichsu.vn|bvhttdl.gov.vn|disanvanhoa.gov.vn|vnfam.vn|unesco.org,awaiting_manual_download,RESOLVED,resolved_data_correction,"Early Latin transcription is generally placed around 1620, with the 1651 Vietnamese–Portuguese–Latin dictionary a major codification milestone.",Use corrected V2 metadata; preserve the correction log when syncing back to the master dataset.,True,False
227,dau-tranh-chong-phong-kien-phuong-bac,"Đấu tranh chống sự thống trị, đồng hoá của các triều đại phong kiến phương Bắc",Hơn 1000 năm Bắc thuộc,atomic,ancient_medieval,by_event/dau-tranh-chong-phong-kien-phuong-bac,1,thumbnail,image_01.<đúng-đuôi-file>,direct,high,Việt Nam dưới thời Bắc thuộc và các cuộc chống đồng hóa,https://en.wikipedia.org/wiki/Vietnam_under_Chinese_rule,,,en.wikipedia.org,,check linked image file page before reuse,,,https://en.wikipedia.org/wiki/Vietnam_under_Chinese_rule,"Trang trực tiếp về hơn một thiên niên kỷ Bắc thuộc và các cuộc nổi dậy; ưu tiên bản đồ, nhân vật hoặc di tích được chú thích rõ với một cuộc đấu tranh cụ thể, không dùng hình minh họa vô danh.",awaiting_manual_download,,baotanglichsu.vn|disanvanhoa.gov.vn|bvhttdl.gov.vn|qdnd.vn|nhandan.vn|unesco.org|whc.unesco.org,,,,,,True,False
227,dau-tranh-chong-phong-kien-phuong-bac,"Đấu tranh chống sự thống trị, đồng hoá của các triều đại phong kiến phương Bắc",Hơn 1000 năm Bắc thuộc,atomic,ancient_medieval,by_event/dau-tranh-chong-phong-kien-phuong-bac,2,gallery,image_02.<đúng-đuôi-file>,direct,high,Chiến thắng Bạch Đằng năm 938 kết thúc thời kỳ Bắc thuộc kéo dài,https://en.wikipedia.org/wiki/Battle_of_B%E1%BA%A1ch_%C4%90%E1%BA%B1ng_%28938%29,,,en.wikipedia.org,,check linked image file page before reuse,,,https://en.wikipedia.org/wiki/Battle_of_B%E1%BA%A1ch_%C4%90%E1%BA%B1ng_%28938%29,"Trang trực tiếp về trận Bạch Đằng 938, mốc kết thúc giai đoạn thống trị phương Bắc chủ yếu; ưu tiên bản đồ, bãi cọc hoặc tư liệu có chú thích lịch sử đúng trận.",awaiting_manual_download,,baotanglichsu.vn|disanvanhoa.gov.vn|bvhttdl.gov.vn|qdnd.vn|nhandan.vn|unesco.org|whc.unesco.org,,,,,,True,False
228,dinh-tien-le-dong-do-hoa-lu,Triều Đinh và Tiền Lê đóng đô ở Hoa Lư,Thời Đinh – Tiền Lê,atomic,ancient_medieval,by_event/dinh-tien-le-dong-do-hoa-lu,1,thumbnail,image_01.<đúng-đuôi-file>,direct,high,Cố đô Hoa Lư — kinh đô của nhà Đinh và Tiền Lê,https://en.wikipedia.org/wiki/Hoa_L%C6%B0_Ancient_Capital,,,en.wikipedia.org,,check linked image file page before reuse,,,https://en.wikipedia.org/wiki/Hoa_L%C6%B0_Ancient_Capital,"Trang trực tiếp về Hoa Lư, kinh đô giai đoạn 968–1009 của nhà Đinh và Tiền Lê; ưu tiên toàn cảnh di tích, sơ đồ kinh đô hoặc đền thờ có chú thích đúng quần thể.",awaiting_manual_download,,baotanglichsu.vn|disanvanhoa.gov.vn|bvhttdl.gov.vn|qdnd.vn|nhandan.vn|unesco.org|whc.unesco.org,,,,,,True,False
228,dinh-tien-le-dong-do-hoa-lu,Triều Đinh và Tiền Lê đóng đô ở Hoa Lư,Thời Đinh – Tiền Lê,atomic,ancient_medieval,by_event/dinh-tien-le-dong-do-hoa-lu,2,gallery,image_02.<đúng-đuôi-file>,direct,high,Nhà Đinh và kinh đô Hoa Lư,https://en.wikipedia.org/wiki/%C4%90inh_dynasty,,,en.wikipedia.org,,check linked image file page before reuse,,,https://en.wikipedia.org/wiki/%C4%90inh_dynasty,"Nguồn trực tiếp về triều Đinh và kinh đô Hoa Lư; chỉ chọn ảnh/tư liệu liên quan kinh đô hoặc vương triều, không dùng chân dung/phục dựng không rõ nguồn.",awaiting_manual_download,,baotanglichsu.vn|disanvanhoa.gov.vn|bvhttdl.gov.vn|qdnd.vn|nhandan.vn|unesco.org|whc.unesco.org,,,,,,True,False
229,khang-chien-thang-loi,Kháng chiến chống thực dân Pháp thắng lợi,Năm 1954,atomic,war_1945_1975,by_event/khang-chien-thang-loi,1,thumbnail,image_01.<đúng-đuôi-file>,strong_contextual,high,Kháng chiến chống thực dân Pháp 1946–1954,https://en.wikipedia.org/wiki/First_Indochina_War,,,en.wikipedia.org,,"REVIEW REQUIRED: verify the specific media file page, license, attribution, and reuse terms before download or import.",,,https://en.wikipedia.org/wiki/First_Indochina_War,"Cây nguồn nội bộ đặt event dưới root/parent Việt Nam 1945–1954, vì vậy phạm vi đúng là kháng chiến chống thực dân Pháp; không còn coi chiến tranh Việt Nam 1955–1975 là khả năng thay thế. V2 xác định phạm vi 1945–1954 từ rootId/parentId của cây nguồn nội bộ và loại bỏ nhánh chiến tranh Việt Nam 1955–1975.",awaiting_manual_download,"DATA CORRECTED IN V2: The internal source tree places this event under rootId/parentId viet-nam-1945-1954, so the ambiguous title refers to the anti-French resistance, not the later Vietnam War. The second candidate was replaced with the 1954 Battle of Dien Bien Phu.",btlsqsvn.org.vn|qdnd.vn|nhandan.vn|vietnamplus.vn|hochiminh.vn|baotanglichsu.vn|luutru.gov.vn|loc.gov|archives.gov,awaiting_manual_download,RESOLVED,resolved_data_correction,"The internal source tree places this event under rootId/parentId viet-nam-1945-1954, so the ambiguous title refers to the anti-French resistance, not the later Vietnam War. The second candidate was replaced with the 1954 Battle of Dien Bien Phu.",Use corrected V2 metadata; preserve the correction log when syncing back to the master dataset.,True,False
229,khang-chien-thang-loi,Kháng chiến chống thực dân Pháp thắng lợi,Năm 1954,atomic,war_1945_1975,by_event/khang-chien-thang-loi,2,gallery,image_02.<đúng-đuôi-file>,direct,high,Chiến thắng Điện Biên Phủ năm 1954,https://en.wikipedia.org/wiki/Battle_of_Dien_Bien_Phu,,,en.wikipedia.org,,"REVIEW REQUIRED: verify the specific media file page, license, attribution, and reuse terms before download or import.",,,https://en.wikipedia.org/wiki/Battle_of_Dien_Bien_Phu,"Chiến thắng Điện Biên Phủ năm 1954 là mốc quyết định của thắng lợi kháng chiến chống thực dân Pháp, phù hợp với nhánh 1945–1954 được xác nhận từ cây nguồn nội bộ. V2 xác định phạm vi 1945–1954 từ rootId/parentId của cây nguồn nội bộ và loại bỏ nhánh chiến tranh Việt Nam 1955–1975.",awaiting_manual_download,"DATA CORRECTED IN V2: The internal source tree places this event under rootId/parentId viet-nam-1945-1954, so the ambiguous title refers to the anti-French resistance, not the later Vietnam War. The second candidate was replaced with the 1954 Battle of Dien Bien Phu.",btlsqsvn.org.vn|qdnd.vn|nhandan.vn|vietnamplus.vn|hochiminh.vn|baotanglichsu.vn|luutru.gov.vn|loc.gov|archives.gov,awaiting_manual_download,RESOLVED,resolved_data_correction,"The internal source tree places this event under rootId/parentId viet-nam-1945-1954, so the ambiguous title refers to the anti-French resistance, not the later Vietnam War. The second candidate was replaced with the 1954 Battle of Dien Bien Phu.",Use corrected V2 metadata; preserve the correction log when syncing back to the master dataset.,True,False
230,lang-co-ten-nom-xuat-hien-som-thoi-ly-tran,Những làng có tên nôm xuất hiện sớm vào thời Lý – Trần,Thời Lý – Trần,atomic,ancient_medieval,by_event/lang-co-ten-nom-xuat-hien-som-thoi-ly-tran,1,thumbnail,image_01.<đúng-đuôi-file>,strong_contextual,high,Chữ Nôm và lớp địa danh dân gian trong văn hóa Việt,https://en.wikipedia.org/wiki/Ch%E1%BB%AF_N%C3%B4m,,,en.wikipedia.org,,check linked image file page before reuse,,,https://en.wikipedia.org/wiki/Ch%E1%BB%AF_N%C3%B4m,"Trang về chữ Nôm là điểm xuất phát để tìm bia, thần tích hoặc văn bản ghi địa danh Nôm thời trung đại; không dùng ảnh chữ Nôm chung chung như bằng chứng trực tiếp cho việc các làng mang tên Nôm xuất hiện sớm.",blocked_needs_direct_source,BLOCKED: no sufficiently direct image source was found. Current links are research leads only.,baotanglichsu.vn|disanvanhoa.gov.vn|bvhttdl.gov.vn|qdnd.vn|nhandan.vn|unesco.org|whc.unesco.org,blocked_needs_direct_source,P1,missing_direct_source,"Chưa tìm được nguồn ảnh trực tiếp đủ chắc cho phát biểu “những làng có tên Nôm xuất hiện sớm thời Lý–Trần”. Chỉ chấp nhận bia, thần tích, địa bạ hoặc tài liệu về một làng cụ thể có niên đại được xác nhận; không dùng ảnh chữ Nôm chung chung.",Giữ event ở trạng thái blocked cho đến khi tìm được tư liệu trực tiếp hoặc chấp nhận rõ đây chỉ là contextual.,False,True
230,lang-co-ten-nom-xuat-hien-som-thoi-ly-tran,Những làng có tên nôm xuất hiện sớm vào thời Lý – Trần,Thời Lý – Trần,atomic,ancient_medieval,by_event/lang-co-ten-nom-xuat-hien-som-thoi-ly-tran,2,gallery,image_02.<đúng-đuôi-file>,strong_contextual,medium,Tên gọi tiếng Việt và lớp tên dân gian của địa danh,https://en.wikipedia.org/wiki/Vietnamese_name,,,en.wikipedia.org,,check linked image file page before reuse,,,https://en.wikipedia.org/wiki/Vietnamese_name,Nguồn chỉ hỗ trợ bối cảnh về cấu trúc tên gọi Việt; chỉ tải ảnh/tư liệu khi chú thích xác nhận một làng cụ thể có tên Nôm được ghi nhận từ thời Lý–Trần.,blocked_needs_direct_source,BLOCKED: no sufficiently direct image source was found. Current links are research leads only.,baotanglichsu.vn|disanvanhoa.gov.vn|bvhttdl.gov.vn|qdnd.vn|nhandan.vn|unesco.org|whc.unesco.org,blocked_needs_direct_source,P1,missing_direct_source,"Chưa tìm được nguồn ảnh trực tiếp đủ chắc cho phát biểu “những làng có tên Nôm xuất hiện sớm thời Lý–Trần”. Chỉ chấp nhận bia, thần tích, địa bạ hoặc tài liệu về một làng cụ thể có niên đại được xác nhận; không dùng ảnh chữ Nôm chung chung.",Giữ event ở trạng thái blocked cho đến khi tìm được tư liệu trực tiếp hoặc chấp nhận rõ đây chỉ là contextual.,False,True
231,nha-ly-su-dung-thi-cu-nho-hoc,Nhà Lý chính thức sử dụng chế độ thi cử Nho học,Thời Lý,atomic,ancient_medieval,by_event/nha-ly-su-dung-thi-cu-nho-hoc,1,thumbnail,image_01.<đúng-đuôi-file>,direct,high,Chế độ khoa cử Nho học ở Việt Nam thời quân chủ,https://en.wikipedia.org/wiki/Confucian_court_examination_system_in_Vietnam,,,en.wikipedia.org,,check linked image file page before reuse,,,https://en.wikipedia.org/wiki/Confucian_court_examination_system_in_Vietnam,"Nguồn trực tiếp về hệ thống khoa cử Nho học tại Việt Nam, được thiết lập dưới triều Lý từ năm 1075; ưu tiên ảnh bia, trường thi, quyển thi hoặc tư liệu xác nhận việc nhà Lý chính thức dùng khoa cử Nho học.",awaiting_manual_download,,baotanglichsu.vn|disanvanhoa.gov.vn|bvhttdl.gov.vn|qdnd.vn|nhandan.vn|unesco.org|whc.unesco.org,,,,,,True,False
231,nha-ly-su-dung-thi-cu-nho-hoc,Nhà Lý chính thức sử dụng chế độ thi cử Nho học,Thời Lý,atomic,ancient_medieval,by_event/nha-ly-su-dung-thi-cu-nho-hoc,2,gallery,image_02.<đúng-đuôi-file>,strong_contextual,high,Văn Miếu – Quốc Tử Giám và nền giáo dục Nho học thời Lý,"https://en.wikipedia.org/wiki/Temple_of_Literature,_Hanoi",,,en.wikipedia.org,,check linked image file page before reuse,,,"https://en.wikipedia.org/wiki/Temple_of_Literature,_Hanoi","Quần thể Văn Miếu gắn trực tiếp với thiết chế giáo dục Nho học thời Lý; chỉ dùng ảnh kiến trúc, bia hoặc tư liệu được chú thích đúng bối cảnh khoa cử, không coi ảnh du lịch chung là ảnh của một quyết định hành chính cụ thể.",awaiting_manual_download,,baotanglichsu.vn|disanvanhoa.gov.vn|bvhttdl.gov.vn|qdnd.vn|nhandan.vn|unesco.org|whc.unesco.org,,,,,,True,False
232,nha-ly-to-chuc-khoa-thi-nho-hoc-dau-tien,Nhà Lý tổ chức khoa thi Nho học đầu tiên,Thời nhà Lý,atomic,ancient_medieval,by_event/nha-ly-to-chuc-khoa-thi-nho-hoc-dau-tien,1,thumbnail,image_01.<đúng-đuôi-file>,direct,high,Lý Nhân Tông và khoa thi Nho học đầu tiên năm 1075,https://en.wikipedia.org/wiki/L%C3%BD_Nh%C3%A2n_T%C3%B4ng,,,en.wikipedia.org,,check linked image file page before reuse,,,https://en.wikipedia.org/wiki/L%C3%BD_Nh%C3%A2n_T%C3%B4ng,Trang về vị vua dưới triều đại tổ chức khoa thi Nho học đầu tiên năm 1075; ưu tiên chân dung/tư liệu triều Lý hoặc chú thích trực tiếp về khoa thi.,awaiting_manual_download,,baotanglichsu.vn|disanvanhoa.gov.vn|bvhttdl.gov.vn|qdnd.vn|nhandan.vn|unesco.org|whc.unesco.org,,,,,,True,False
232,nha-ly-to-chuc-khoa-thi-nho-hoc-dau-tien,Nhà Lý tổ chức khoa thi Nho học đầu tiên,Thời nhà Lý,atomic,ancient_medieval,by_event/nha-ly-to-chuc-khoa-thi-nho-hoc-dau-tien,2,gallery,image_02.<đúng-đuôi-file>,direct,high,Văn Miếu – Quốc Tử Giám trong lịch sử khoa cử thời Lý,"https://en.wikipedia.org/wiki/Temple_of_Literature,_Hanoi",,,en.wikipedia.org,,check linked image file page before reuse,,,"https://en.wikipedia.org/wiki/Temple_of_Literature,_Hanoi","Nguồn gắn với hệ thống giáo dục và khoa cử Nho học tại Thăng Long; chỉ chọn ảnh bia, tư liệu hoặc hiện vật có chú thích rõ liên hệ với khoa thi đầu tiên/giáo dục thời Lý.",awaiting_manual_download,,baotanglichsu.vn|disanvanhoa.gov.vn|bvhttdl.gov.vn|qdnd.vn|nhandan.vn|unesco.org|whc.unesco.org,,,,,,True,False
233,nho-giao-du-nhap-viet-nam,Nho giáo du nhập vào Việt Nam,Thời Bắc thuộc,atomic,culture_language,by_event/nho-giao-du-nhap-viet-nam,1,thumbnail,image_01.<đúng-đuôi-file>,direct,high,Nho giáo tại Việt Nam,https://en.wikipedia.org/wiki/Vietnamese_Confucianism,,,en.wikipedia.org,,check linked image file page before reuse,,,https://en.wikipedia.org/wiki/Vietnamese_Confucianism,"Nguồn trực tiếp về quá trình Nho giáo du nhập và phát triển ở Việt Nam; ưu tiên ảnh văn bản, tượng Khổng Tử, không gian học thuật hoặc di tích được chú thích đúng giai đoạn đầu.",awaiting_manual_download,,baotanglichsu.vn|bvhttdl.gov.vn|disanvanhoa.gov.vn|vnfam.vn|unesco.org,,,,,,True,False
233,nho-giao-du-nhap-viet-nam,Nho giáo du nhập vào Việt Nam,Thời Bắc thuộc,atomic,culture_language,by_event/nho-giao-du-nhap-viet-nam,2,gallery,image_02.<đúng-đuôi-file>,strong_contextual,high,Bối cảnh Bắc thuộc và sự truyền bá tư tưởng Hán học,https://en.wikipedia.org/wiki/Chinese_domination_of_Vietnam,,,en.wikipedia.org,,check linked image file page before reuse,,,https://en.wikipedia.org/wiki/Chinese_domination_of_Vietnam,"Nguồn về bối cảnh chính trị–văn hóa thời Bắc thuộc, khi các thiết chế và tư tưởng Hán học được đưa vào; chỉ dùng bản đồ, văn bản hoặc hiện vật có chú thích liên hệ rõ với quá trình du nhập Nho giáo.",awaiting_manual_download,,baotanglichsu.vn|bvhttdl.gov.vn|disanvanhoa.gov.vn|vnfam.vn|unesco.org,,,,,,True,False
234,phong-trao-can-vuong,Phong trào Cần Vương,Phong trào Cần Vương,collection,colonial,by_event/phong-trao-can-vuong,1,thumbnail,image_01.<đúng-đuôi-file>,direct,high,Phong trào Cần Vương và Chiếu Cần Vương,https://en.wikipedia.org/wiki/C%E1%BA%A7n_V%C6%B0%C6%A1ng_movement,,,en.wikipedia.org,,check linked image file page before reuse,,,https://en.wikipedia.org/wiki/C%E1%BA%A7n_V%C6%B0%C6%A1ng_movement,"Trang trực tiếp về phong trào 1885–1896 và có tư liệu Chiếu Cần Vương; ưu tiên scan chiếu, ảnh Hàm Nghi, Tôn Thất Thuyết hoặc lãnh tụ nghĩa quân được chú thích đúng.",awaiting_manual_download,,baotanglichsu.vn|luutru.gov.vn|hochiminh.vn|nhandan.vn|qdnd.vn|vietnamplus.vn|gallica.bnf.fr|loc.gov,,,,,,True,False
234,phong-trao-can-vuong,Phong trào Cần Vương,Phong trào Cần Vương,collection,colonial,by_event/phong-trao-can-vuong,2,gallery,image_02.<đúng-đuôi-file>,direct,high,Vua Hàm Nghi — biểu tượng của phong trào Cần Vương,https://en.wikipedia.org/wiki/H%C3%A0m_Nghi,,,en.wikipedia.org,,check linked image file page before reuse,,,https://en.wikipedia.org/wiki/H%C3%A0m_Nghi,"Nhân vật trung tâm ban Chiếu Cần Vương; ưu tiên chân dung lịch sử, ảnh lưu đày hoặc tư liệu có chú thích gắn trực tiếp với phong trào.",awaiting_manual_download,,baotanglichsu.vn|luutru.gov.vn|hochiminh.vn|nhandan.vn|qdnd.vn|vietnamplus.vn|gallica.bnf.fr|loc.gov,,,,,,True,False
235,tan-cong-champa-dai-viet-cuoi-tk14,Các cuộc tấn công của Chăm-pa vào Đại Việt,Trong khoảng 30 năm cuối thế kỉ XIV,atomic,ancient_medieval,by_event/tan-cong-champa-dai-viet-cuoi-tk14,1,thumbnail,image_01.<đúng-đuôi-file>,direct,high,Chiến tranh Chăm-pa – Đại Việt 1367–1390,https://en.wikipedia.org/wiki/Champa%E2%80%93%C4%90%E1%BA%A1i_Vi%E1%BB%87t_War_%281367%E2%80%931390%29,,,en.wikipedia.org,,check linked image file page before reuse,,,https://en.wikipedia.org/wiki/Champa%E2%80%93%C4%90%E1%BA%A1i_Vi%E1%BB%87t_War_%281367%E2%80%931390%29,"Nguồn trực tiếp về chuỗi tấn công của Chăm-pa dưới Chế Bồng Nga vào Đại Việt cuối thế kỉ XIV; ưu tiên bản đồ chiến sự, địa điểm hoặc tư liệu đúng cuộc chiến.",awaiting_manual_download,,baotanglichsu.vn|disanvanhoa.gov.vn|bvhttdl.gov.vn|qdnd.vn|nhandan.vn|unesco.org|whc.unesco.org,,,,,,True,False
235,tan-cong-champa-dai-viet-cuoi-tk14,Các cuộc tấn công của Chăm-pa vào Đại Việt,Trong khoảng 30 năm cuối thế kỉ XIV,atomic,ancient_medieval,by_event/tan-cong-champa-dai-viet-cuoi-tk14,2,gallery,image_02.<đúng-đuôi-file>,direct,high,Chế Bồng Nga và các chiến dịch đánh Đại Việt,https://en.wikipedia.org/wiki/Po_Binasuor,,,en.wikipedia.org,,check linked image file page before reuse,,,https://en.wikipedia.org/wiki/Po_Binasuor,"Trang trực tiếp về Chế Bồng Nga, người chỉ huy nhiều cuộc tiến công Đại Việt; ưu tiên chân dung tượng trưng có nguồn, bản đồ hoặc di tích gắn đúng nhân vật và chiến dịch.",awaiting_manual_download,,baotanglichsu.vn|disanvanhoa.gov.vn|bvhttdl.gov.vn|qdnd.vn|nhandan.vn|unesco.org|whc.unesco.org,,,,,,True,False
236,thanh-lap-quoc-su-quan-trieu-nguyen,Thành lập Quốc sử quán triều Nguyễn,Thời Nguyễn,atomic,culture_language,by_event/thanh-lap-quoc-su-quan-trieu-nguyen,1,thumbnail,image_01.<đúng-đuôi-file>,direct,high,Đại Nam thực lục — sản phẩm tiêu biểu của Quốc sử quán,https://en.wikipedia.org/wiki/%C4%90%E1%BA%A1i_Nam_th%E1%BB%B1c_l%E1%BB%A5c,,,en.wikipedia.org,,check linked image file page before reuse,,,https://en.wikipedia.org/wiki/%C4%90%E1%BA%A1i_Nam_th%E1%BB%B1c_l%E1%BB%A5c,"Nguồn nêu Quốc sử quán được thành lập năm 1821 để biên soạn sử triều Nguyễn; ưu tiên bìa, bản khắc in hoặc trang sách của Đại Nam thực lục.",awaiting_manual_download,,baotanglichsu.vn|bvhttdl.gov.vn|disanvanhoa.gov.vn|vnfam.vn|unesco.org,,,,,,True,False
236,thanh-lap-quoc-su-quan-trieu-nguyen,Thành lập Quốc sử quán triều Nguyễn,Thời Nguyễn,atomic,culture_language,by_event/thanh-lap-quoc-su-quan-trieu-nguyen,2,gallery,image_02.<đúng-đuôi-file>,strong_contextual,high,Vua Minh Mạng và việc tổ chức Quốc sử quán,https://en.wikipedia.org/wiki/Minh_M%E1%BA%A1ng,,,en.wikipedia.org,,check linked image file page before reuse,,,https://en.wikipedia.org/wiki/Minh_M%E1%BA%A1ng,Minh Mạng là hoàng đế gắn với việc thành lập và tổ chức cơ quan biên soạn quốc sử; chỉ dùng chân dung/tư liệu khi chú thích nêu rõ bối cảnh Quốc sử quán hoặc hoạt động biên sử.,awaiting_manual_download,,baotanglichsu.vn|bvhttdl.gov.vn|disanvanhoa.gov.vn|vnfam.vn|unesco.org,,,,,,True,False
237,thoi-tran-dat-chuc-xa-quan,Thời Trần đặt chức xã quan,Thời Trần,atomic,ancient_medieval,by_event/thoi-tran-dat-chuc-xa-quan,1,thumbnail,image_01.<đúng-đuôi-file>,strong_contextual,high,Thiết chế xã trong lịch sử hành chính Việt Nam,https://en.wikipedia.org/wiki/Commune_%28Vietnam%29,,,en.wikipedia.org,,check linked image file page before reuse,,,https://en.wikipedia.org/wiki/Commune_%28Vietnam%29,"Nguồn về đơn vị xã và chức danh xã quan, nhưng phần lịch sử phổ biến đặt việc tổ chức rõ từ thời Lê sơ; dùng để kiểm chứng lại mốc dữ liệu, không coi đây là bằng chứng cho phát biểu “thời Trần đặt chức xã quan”.",blocked_data_issue,BLOCKED: unresolved historical/data issue. Do not approve or download as final evidence until the event data is corrected.,baotanglichsu.vn|disanvanhoa.gov.vn|bvhttdl.gov.vn|qdnd.vn|nhandan.vn|unesco.org|whc.unesco.org,blocked_data_issue,P0,data_issue,Cần kiểm chứng lại mốc dữ liệu. Nguồn tổng quan về đơn vị xã phổ biến đặt chức danh xã quan trong hệ thống từ thời Lê sơ; chưa có bằng chứng đủ mạnh trong vòng tìm kiếm này cho câu “thời Trần đặt chức xã quan”. Không tải ảnh để hợp thức hóa phát biểu khi dữ liệu chưa được xác minh.,Xác minh lại phát biểu “thời Trần đặt chức xã quan”.,False,True
237,thoi-tran-dat-chuc-xa-quan,Thời Trần đặt chức xã quan,Thời Trần,atomic,ancient_medieval,by_event/thoi-tran-dat-chuc-xa-quan,2,gallery,image_02.<đúng-đuôi-file>,strong_contextual,medium,Triều Trần và tổ chức nhà nước thời trung đại,https://en.wikipedia.org/wiki/Tr%E1%BA%A7n_dynasty,,,en.wikipedia.org,,check linked image file page before reuse,,,https://en.wikipedia.org/wiki/Tr%E1%BA%A7n_dynasty,"Nguồn bối cảnh triều Trần; chỉ tải sơ đồ, văn bản hoặc hiện vật nếu chú thích trực tiếp xác nhận chức xã quan dưới triều Trần.",blocked_data_issue,BLOCKED: unresolved historical/data issue. Do not approve or download as final evidence until the event data is corrected.,baotanglichsu.vn|disanvanhoa.gov.vn|bvhttdl.gov.vn|qdnd.vn|nhandan.vn|unesco.org|whc.unesco.org,blocked_data_issue,P0,data_issue,Cần kiểm chứng lại mốc dữ liệu. Nguồn tổng quan về đơn vị xã phổ biến đặt chức danh xã quan trong hệ thống từ thời Lê sơ; chưa có bằng chứng đủ mạnh trong vòng tìm kiếm này cho câu “thời Trần đặt chức xã quan”. Không tải ảnh để hợp thức hóa phát biểu khi dữ liệu chưa được xác minh.,Xác minh lại phát biểu “thời Trần đặt chức xã quan”.,False,True
238,tin-nguong-tho-than-dong-co-cung-dinh,Tín ngưỡng thờ thần Đồng Cổ được đưa vào cung đình,Thời Lý,atomic,culture_language,by_event/tin-nguong-tho-than-dong-co-cung-dinh,1,thumbnail,image_01.<đúng-đuôi-file>,direct,high,Đền Đồng Cổ — trung tâm tín ngưỡng thần Đồng Cổ,https://vi.wikipedia.org/wiki/%C4%90%E1%BB%81n_%C4%90%E1%BB%93ng_C%E1%BB%95,,,vi.wikipedia.org,,check linked image file page before reuse,,,https://vi.wikipedia.org/wiki/%C4%90%E1%BB%81n_%C4%90%E1%BB%93ng_C%E1%BB%95,"Trang trực tiếp về đền và tín ngưỡng Đồng Cổ; ưu tiên ảnh đền, thần tích, trống đồng thờ hoặc nghi lễ có chú thích lịch sử thời Lý.",awaiting_manual_download,,baotanglichsu.vn|bvhttdl.gov.vn|disanvanhoa.gov.vn|vnfam.vn|unesco.org,,,,,,True,False
238,tin-nguong-tho-than-dong-co-cung-dinh,Tín ngưỡng thờ thần Đồng Cổ được đưa vào cung đình,Thời Lý,atomic,culture_language,by_event/tin-nguong-tho-than-dong-co-cung-dinh,2,gallery,image_02.<đúng-đuôi-file>,strong_contextual,high,Tín ngưỡng Thần Đồng Cổ và trống đồng trong đời sống nghi lễ,https://en.wikipedia.org/wiki/Bronze_drum,,,en.wikipedia.org,,check linked image file page before reuse,,,https://en.wikipedia.org/wiki/Bronze_drum,"Nguồn ghi nhận Thần Đồng Cổ được thờ trong đền và tín ngưỡng này được nhắc tới từ sớm, khoảng năm 1020; chỉ dùng ảnh của tín ngưỡng, đền hoặc nghi lễ được chú thích rõ, không dùng ảnh trống đồng chung chung.",awaiting_manual_download,,baotanglichsu.vn|bvhttdl.gov.vn|disanvanhoa.gov.vn|vnfam.vn|unesco.org,,,,,,True,False
239,tuyen-duong-chi-vien-chien-luoc-tren-bien-mang-ten-chu-tich-ho-chi-minh,Tuyến đường chi viện chiến lược trên biển mang tên Chủ tịch Hồ Chí Minh,"Trong cuộc kháng chiến chống Mỹ, cứu nước",atomic,war_1945_1975,by_event/tuyen-duong-chi-vien-chien-luoc-tren-bien-mang-ten-chu-tich-ho-chi-minh,1,thumbnail,image_01.<đúng-đuôi-file>,direct,high,Đường Hồ Chí Minh trên biển,https://vi.wikipedia.org/wiki/%C4%90%C6%B0%E1%BB%9Dng_H%E1%BB%93_Ch%C3%AD_Minh_tr%C3%AAn_bi%E1%BB%83n,,,vi.wikipedia.org,,check linked image file page before reuse,,,https://vi.wikipedia.org/wiki/%C4%90%C6%B0%E1%BB%9Dng_H%E1%BB%93_Ch%C3%AD_Minh_tr%C3%AAn_bi%E1%BB%83n,"Nguồn trực tiếp về tuyến vận tải chiến lược trên biển; ưu tiên ảnh tàu không số, bến xuất phát, sơ đồ tuyến hoặc thủy thủ đoàn đúng giai đoạn kháng chiến chống Mỹ.",awaiting_manual_download,,btlsqsvn.org.vn|qdnd.vn|nhandan.vn|vietnamplus.vn|hochiminh.vn|baotanglichsu.vn|luutru.gov.vn|loc.gov|archives.gov,,,,,,True,False
239,tuyen-duong-chi-vien-chien-luoc-tren-bien-mang-ten-chu-tich-ho-chi-minh,Tuyến đường chi viện chiến lược trên biển mang tên Chủ tịch Hồ Chí Minh,"Trong cuộc kháng chiến chống Mỹ, cứu nước",atomic,war_1945_1975,by_event/tuyen-duong-chi-vien-chien-luoc-tren-bien-mang-ten-chu-tich-ho-chi-minh,2,gallery,image_02.<đúng-đuôi-file>,direct,high,Tàu không số và nhiệm vụ chi viện chiến trường miền Nam,https://vi.wikipedia.org/wiki/T%C3%A0u_kh%C3%B4ng_s%E1%BB%91,,,vi.wikipedia.org,,check linked image file page before reuse,,,https://vi.wikipedia.org/wiki/T%C3%A0u_kh%C3%B4ng_s%E1%BB%91,"Nguồn về lực lượng tàu không số phục vụ tuyến vận tải trên biển; ưu tiên ảnh con tàu cụ thể, thủy thủ đoàn hoặc bến bãi có chú thích lịch sử rõ.",awaiting_manual_download,,btlsqsvn.org.vn|qdnd.vn|nhandan.vn|vietnamplus.vn|hochiminh.vn|baotanglichsu.vn|luutru.gov.vn|loc.gov|archives.gov,,,,,,True,False
240,van-hoa-phung-nguyen,Văn hoá Phùng Nguyên,Khoảng 4000 năm trước,atomic,culture_language,by_event/van-hoa-phung-nguyen,1,thumbnail,image_01.<đúng-đuôi-file>,direct,high,Văn hóa Phùng Nguyên và các hiện vật khảo cổ,https://en.wikipedia.org/wiki/Ph%C3%B9ng_Nguy%C3%AAn_culture,,,en.wikipedia.org,,check linked image file page before reuse,,,https://en.wikipedia.org/wiki/Ph%C3%B9ng_Nguy%C3%AAn_culture,"Trang trực tiếp về văn hóa Phùng Nguyên và có ảnh đồ gốm, công cụ đá; ưu tiên hiện vật khảo cổ có chú thích đúng văn hóa này.",awaiting_manual_download,,baotanglichsu.vn|bvhttdl.gov.vn|disanvanhoa.gov.vn|vnfam.vn|unesco.org,,,,,,True,False
240,van-hoa-phung-nguyen,Văn hoá Phùng Nguyên,Khoảng 4000 năm trước,atomic,culture_language,by_event/van-hoa-phung-nguyen,2,gallery,image_02.<đúng-đuôi-file>,direct,high,Bộ sưu tập hình ảnh về văn hóa Phùng Nguyên,https://commons.wikimedia.org/wiki/Category:Ph%C3%B9ng_Nguy%C3%AAn_culture,,,commons.wikimedia.org,,check linked image file page before reuse,,,https://commons.wikimedia.org/wiki/Category:Ph%C3%B9ng_Nguy%C3%AAn_culture,"Danh mục ảnh có thể chứa hiện vật và trưng bày khảo cổ Phùng Nguyên; bắt buộc mở từng file để kiểm tra mô tả, niên đại và license trước khi tải.",awaiting_manual_download,,baotanglichsu.vn|bvhttdl.gov.vn|disanvanhoa.gov.vn|vnfam.vn|unesco.org,,,,,,True,False
241,viet-nam-dam-phan-ranh-gioi-tren-bien,"Việt Nam đàm phán về ranh giới trên biển với Ma-lai-xi-a, In-đô-nê-xi-a, Phi-líp-pin và Thái Lan",Trong thời kì Đổi mới,atomic,post_1975,by_event/viet-nam-dam-phan-ranh-gioi-tren-bien,1,thumbnail,image_01.<đúng-đuôi-file>,direct,high,Các hiệp định phân định ranh giới biển của Việt Nam và láng giềng,https://en.wikipedia.org/wiki/List_of_maritime_boundary_treaties,,,en.wikipedia.org,,check linked image file page before reuse,,,https://en.wikipedia.org/wiki/List_of_maritime_boundary_treaties,"Danh sách hiệp định có các thỏa thuận Việt Nam–Thái Lan, Việt Nam–Indonesia và Vịnh Bắc Bộ; ưu tiên bản đồ hoặc ảnh lễ ký đúng một tiến trình đàm phán cụ thể.",awaiting_manual_download_scoped,SCOPE GATE: this is a composite event; each image must be captioned as covering only the specific branch it actually depicts.,chinhphu.vn|dangcongsan.vn|tulieuvankien.dangcongsan.vn|quochoi.vn|mofa.gov.vn|vietnamplus.vn|nhandan.vn|un.org|unphoto.un.org,awaiting_manual_download_scoped,P1,composite_scope,"Đây là event tổng hợp nhiều tiến trình khác nhau. Việt Nam có các thỏa thuận/đàm phán biển với từng nước ở thời điểm và mức độ khác nhau; không dùng một bản đồ đơn lẻ để đại diện cho toàn bộ Malaysia, Indonesia, Philippines và Thailand.",Không dùng một ảnh để đại diện toàn event; tách scope caption hoặc bổ sung nhiều ảnh/tư liệu theo từng nhánh.,True,True
241,viet-nam-dam-phan-ranh-gioi-tren-bien,"Việt Nam đàm phán về ranh giới trên biển với Ma-lai-xi-a, In-đô-nê-xi-a, Phi-líp-pin và Thái Lan",Trong thời kì Đổi mới,atomic,post_1975,by_event/viet-nam-dam-phan-ranh-gioi-tren-bien,2,gallery,image_02.<đúng-đuôi-file>,direct,high,Ranh giới biển Việt Nam–Indonesia,https://en.wikipedia.org/wiki/Indonesia%E2%80%93Vietnam_border,,,en.wikipedia.org,,check linked image file page before reuse,,,https://en.wikipedia.org/wiki/Indonesia%E2%80%93Vietnam_border,Nguồn trực tiếp về thỏa thuận phân định thềm lục địa năm 2003 và tiến trình EEZ; có thể dùng bản đồ ranh giới hoặc ảnh lễ ký khi chú thích đúng.,awaiting_manual_download_scoped,SCOPE GATE: this is a composite event; each image must be captioned as covering only the specific branch it actually depicts.,chinhphu.vn|dangcongsan.vn|tulieuvankien.dangcongsan.vn|quochoi.vn|mofa.gov.vn|vietnamplus.vn|nhandan.vn|un.org|unphoto.un.org,awaiting_manual_download_scoped,P1,composite_scope,"Đây là event tổng hợp nhiều tiến trình khác nhau. Việt Nam có các thỏa thuận/đàm phán biển với từng nước ở thời điểm và mức độ khác nhau; không dùng một bản đồ đơn lẻ để đại diện cho toàn bộ Malaysia, Indonesia, Philippines và Thailand.",Không dùng một ảnh để đại diện toàn event; tách scope caption hoặc bổ sung nhiều ảnh/tư liệu theo từng nhánh.,True,True
242,viet-nam-ki-ket-evfta,Việt Nam kí kết Hiệp định Thương mại tự do Việt Nam - EU (EVFTA),Trong thời kì Đổi mới,atomic,diplomacy,by_event/viet-nam-ki-ket-evfta,1,thumbnail,image_01.<đúng-đuôi-file>,direct,high,Quan hệ Việt Nam–EU và lễ ký EVFTA năm 2019,https://en.wikipedia.org/wiki/Vietnam%E2%80%93European_Union_relations,,,en.wikipedia.org,,check linked image file page before reuse,,,https://en.wikipedia.org/wiki/Vietnam%E2%80%93European_Union_relations,"Nguồn nêu EVFTA và EVIPA được ký ngày 30-6-2019; ưu tiên ảnh lễ ký, đoàn đại biểu hoặc văn kiện có chú thích đúng.",awaiting_manual_download,,mofa.gov.vn|chinhphu.vn|vietnamplus.vn|nhandan.vn|un.org|asean.org|apec.org|europa.eu,,,,,,True,False
242,viet-nam-ki-ket-evfta,Việt Nam kí kết Hiệp định Thương mại tự do Việt Nam - EU (EVFTA),Trong thời kì Đổi mới,atomic,diplomacy,by_event/viet-nam-ki-ket-evfta,2,gallery,image_02.<đúng-đuôi-file>,direct,high,Hiệp định Thương mại tự do EU–Việt Nam,https://en.wikipedia.org/wiki/European_Union%E2%80%93Vietnam_Free_Trade_Agreement,,,en.wikipedia.org,,check linked image file page before reuse,,,https://en.wikipedia.org/wiki/European_Union%E2%80%93Vietnam_Free_Trade_Agreement,"Trang trực tiếp về EVFTA; ưu tiên ảnh lễ ký hoặc văn kiện, đồng thời mở trang file để kiểm tra quyền tái sử dụng.",awaiting_manual_download,,mofa.gov.vn|chinhphu.vn|vietnamplus.vn|nhandan.vn|un.org|asean.org|apec.org|europa.eu,,,,,,True,False
243,viet-nam-ki-ket-hiep-uoc-bien-gioi-trung-quoc,Việt Nam kí kết các hiệp ước về biên giới trên đất liền và phân định vịnh Bắc Bộ với Trung Quốc,Trong thời kì Đổi mới,atomic,post_1975,by_event/viet-nam-ki-ket-hiep-uoc-bien-gioi-trung-quoc,1,thumbnail,image_01.<đúng-đuôi-file>,direct,high,Biên giới Việt Nam–Trung Quốc và hiệp ước biên giới đất liền,https://en.wikipedia.org/wiki/China%E2%80%93Vietnam_border,,,en.wikipedia.org,,check linked image file page before reuse,,,https://en.wikipedia.org/wiki/China%E2%80%93Vietnam_border,"Nguồn về đường biên giới và các thỏa thuận phân giới; ưu tiên bản đồ, cột mốc hoặc ảnh lễ ký gắn đúng hiệp ước thời Đổi mới.",awaiting_manual_download,,chinhphu.vn|dangcongsan.vn|tulieuvankien.dangcongsan.vn|quochoi.vn|mofa.gov.vn|vietnamplus.vn|nhandan.vn|un.org|unphoto.un.org,,,,,,True,False
243,viet-nam-ki-ket-hiep-uoc-bien-gioi-trung-quoc,Việt Nam kí kết các hiệp ước về biên giới trên đất liền và phân định vịnh Bắc Bộ với Trung Quốc,Trong thời kì Đổi mới,atomic,post_1975,by_event/viet-nam-ki-ket-hiep-uoc-bien-gioi-trung-quoc,2,gallery,image_02.<đúng-đuôi-file>,direct,high,Phân định Vịnh Bắc Bộ giữa Việt Nam và Trung Quốc,https://en.wikipedia.org/wiki/Gulf_of_Tonkin,,,en.wikipedia.org,,check linked image file page before reuse,,,https://en.wikipedia.org/wiki/Gulf_of_Tonkin,"Nguồn bối cảnh địa lý của hiệp định phân định Vịnh Bắc Bộ; chỉ chọn bản đồ ranh giới, ảnh lễ ký hoặc văn bản được chú thích đúng hiệp định năm 2000.",awaiting_manual_download,,chinhphu.vn|dangcongsan.vn|tulieuvankien.dangcongsan.vn|quochoi.vn|mofa.gov.vn|vietnamplus.vn|nhandan.vn|un.org|unphoto.un.org,,,,,,True,False
244,viet-nam-ki-ket-nghi-dinh-thu-ki-o-to,Việt Nam phê chuẩn Nghị định thư Ki-ô-tô,Năm 2002,atomic,post_1975,by_event/viet-nam-ki-ket-nghi-dinh-thu-ki-o-to,1,thumbnail,image_01.<đúng-đuôi-file>,direct,high,Nghị định thư Kyoto và tư cách thành viên của Việt Nam,https://en.wikipedia.org/wiki/Kyoto_Protocol,,,en.wikipedia.org,,check linked image file page before reuse,,,https://treaties.un.org/Pages/ViewDetails.aspx?src=IND&mtdsg_no=XXVII-7-a&chapter=27&clang=_en,"Nguồn trực tiếp về nghị định thư và quá trình ký/phê chuẩn/gia nhập; ưu tiên ảnh hội nghị Kyoto, văn kiện hoặc danh sách thành viên có chú thích đúng vai trò của Việt Nam. V2 chuẩn hóa động từ pháp lý thành “phê chuẩn” và niên đại năm 2002.",awaiting_manual_download,DATA CORRECTED IN V2: The legal action should be described as ratification rather than generic signing; Vietnam ratified the Kyoto Protocol in 2002. BLOCKED: wording/date/legal action requires verification or normalization before final approval.,chinhphu.vn|dangcongsan.vn|tulieuvankien.dangcongsan.vn|quochoi.vn|mofa.gov.vn|vietnamplus.vn|nhandan.vn|un.org|unphoto.un.org,awaiting_manual_download,RESOLVED,resolved_data_correction,The legal action should be described as ratification rather than generic signing; Vietnam ratified the Kyoto Protocol in 2002.,Use corrected V2 metadata; preserve the correction log when syncing back to the master dataset.,True,False
244,viet-nam-ki-ket-nghi-dinh-thu-ki-o-to,Việt Nam phê chuẩn Nghị định thư Ki-ô-tô,Năm 2002,atomic,post_1975,by_event/viet-nam-ki-ket-nghi-dinh-thu-ki-o-to,2,gallery,image_02.<đúng-đuôi-file>,direct,high,Danh sách các bên tham gia Nghị định thư Kyoto,https://en.wikipedia.org/wiki/List_of_parties_to_the_Kyoto_Protocol,,,en.wikipedia.org,,check linked image file page before reuse,,,https://treaties.un.org/Pages/ViewDetails.aspx?src=IND&mtdsg_no=XXVII-7-a&chapter=27&clang=_en,"Nguồn dùng để kiểm tra tình trạng pháp lý của Việt Nam; chỉ tải bản đồ thành viên hoặc tư liệu có chú thích rõ, không suy diễn “ký” nếu tài liệu chỉ xác nhận phê chuẩn/gia nhập. V2 chuẩn hóa động từ pháp lý thành “phê chuẩn” và niên đại năm 2002.",awaiting_manual_download,DATA CORRECTED IN V2: The legal action should be described as ratification rather than generic signing; Vietnam ratified the Kyoto Protocol in 2002. BLOCKED: wording/date/legal action requires verification or normalization before final approval.,chinhphu.vn|dangcongsan.vn|tulieuvankien.dangcongsan.vn|quochoi.vn|mofa.gov.vn|vietnamplus.vn|nhandan.vn|un.org|unphoto.un.org,awaiting_manual_download,RESOLVED,resolved_data_correction,The legal action should be described as ratification rather than generic signing; Vietnam ratified the Kyoto Protocol in 2002.,Use corrected V2 metadata; preserve the correction log when syncing back to the master dataset.,True,False
245,viet-nam-ki-ket-rcep,Việt Nam kí kết Hiệp định Đối tác kinh tế toàn diện Khu vực (RCEP),Trong thời kì Đổi mới,atomic,diplomacy,by_event/viet-nam-ki-ket-rcep,1,thumbnail,image_01.<đúng-đuôi-file>,direct,high,Lễ ký Hiệp định RCEP ngày 15-11-2020,https://en.wikipedia.org/wiki/Regional_Comprehensive_Economic_Partnership,,,en.wikipedia.org,,check linked image file page before reuse,,,https://en.wikipedia.org/wiki/Regional_Comprehensive_Economic_Partnership,"Nguồn trực tiếp về RCEP và lễ ký trực tuyến của 15 nước; ưu tiên ảnh màn hình lễ ký, đại diện Việt Nam hoặc văn kiện có chú thích đúng ngày.",awaiting_manual_download,,mofa.gov.vn|chinhphu.vn|vietnamplus.vn|nhandan.vn|un.org|asean.org|apec.org|europa.eu,,,,,,True,False
245,viet-nam-ki-ket-rcep,Việt Nam kí kết Hiệp định Đối tác kinh tế toàn diện Khu vực (RCEP),Trong thời kì Đổi mới,atomic,diplomacy,by_event/viet-nam-ki-ket-rcep,2,gallery,image_02.<đúng-đuôi-file>,strong_contextual,high,Hội nghị Cấp cao Đông Á lần thứ 15 — bối cảnh hội nghị trực tuyến do Việt Nam đăng cai,https://en.wikipedia.org/wiki/Fifteenth_East_Asia_Summit,,,en.wikipedia.org,,check linked image file page before reuse,,,https://en.wikipedia.org/wiki/Fifteenth_East_Asia_Summit,"Hội nghị diễn ra trực tuyến do Việt Nam đăng cai ngay trước lễ ký RCEP; chỉ dùng ảnh nếu chú thích xác nhận phiên ký RCEP hoặc chuỗi hội nghị liên quan trực tiếp, nếu không thì bỏ slot.",awaiting_manual_download,,mofa.gov.vn|chinhphu.vn|vietnamplus.vn|nhandan.vn|un.org|asean.org|apec.org|europa.eu,,,,,,True,False
246,viet-nam-lao-cam-pu-chia-chuyen-sang-kinh-te-thi-truong-va-cong-nghiep-hoa,"Việt Nam, Lào, Cam-pu-chia chuyển sang kinh tế thị trường và công nghiệp hóa",Từ cuối thập kỉ 80 – 90 của thế kỉ XX,atomic,post_1975,by_event/viet-nam-lao-cam-pu-chia-chuyen-sang-kinh-te-thi-truong-va-cong-nghiep-hoa,1,thumbnail,image_01.<đúng-đuôi-file>,direct,high,Đổi Mới và chuyển đổi sang kinh tế thị trường ở Việt Nam,https://en.wikipedia.org/wiki/%C4%90%E1%BB%95i_M%E1%BB%9Bi,,,en.wikipedia.org,,check linked image file page before reuse,,,https://en.wikipedia.org/wiki/%C4%90%E1%BB%95i_M%E1%BB%9Bi,"Nguồn trực tiếp về cải cách kinh tế Việt Nam từ 1986; chỉ là một phần của event ba nước, nên không dùng riêng để đại diện toàn bộ Việt Nam–Lào–Campuchia nếu caption không nói rõ.",awaiting_manual_download_scoped,SCOPE GATE: this is a composite event; each image must be captioned as covering only the specific branch it actually depicts.,chinhphu.vn|dangcongsan.vn|tulieuvankien.dangcongsan.vn|quochoi.vn|mofa.gov.vn|vietnamplus.vn|nhandan.vn|un.org|unphoto.un.org,awaiting_manual_download_scoped,P1,composite_scope,"Event gộp ba quốc gia và cả hai quá trình “kinh tế thị trường” + “công nghiệp hóa”. Hai candidate chỉ là điểm xuất phát; không dùng ảnh Đổi Mới của Việt Nam riêng lẻ để đại diện cho cả Việt Nam, Lào và Campuchia.",Không dùng một ảnh để đại diện toàn event; tách scope caption hoặc bổ sung nhiều ảnh/tư liệu theo từng nhánh.,True,True
246,viet-nam-lao-cam-pu-chia-chuyen-sang-kinh-te-thi-truong-va-cong-nghiep-hoa,"Việt Nam, Lào, Cam-pu-chia chuyển sang kinh tế thị trường và công nghiệp hóa",Từ cuối thập kỉ 80 – 90 của thế kỉ XX,atomic,post_1975,by_event/viet-nam-lao-cam-pu-chia-chuyen-sang-kinh-te-thi-truong-va-cong-nghiep-hoa,2,gallery,image_02.<đúng-đuôi-file>,direct,high,Cơ chế Kinh tế Mới của Lào,https://en.wikipedia.org/wiki/New_Economic_Mechanism,,,en.wikipedia.org,,check linked image file page before reuse,,,https://en.wikipedia.org/wiki/New_Economic_Mechanism,Nguồn trực tiếp về cải cách kinh tế thị trường của Lào từ cuối thập niên 1980; cần thêm tư liệu Campuchia nếu reviewer muốn minh họa đủ cả ba nước.,awaiting_manual_download_scoped,SCOPE GATE: this is a composite event; each image must be captioned as covering only the specific branch it actually depicts.,chinhphu.vn|dangcongsan.vn|tulieuvankien.dangcongsan.vn|quochoi.vn|mofa.gov.vn|vietnamplus.vn|nhandan.vn|un.org|unphoto.un.org,awaiting_manual_download_scoped,P1,composite_scope,"Event gộp ba quốc gia và cả hai quá trình “kinh tế thị trường” + “công nghiệp hóa”. Hai candidate chỉ là điểm xuất phát; không dùng ảnh Đổi Mới của Việt Nam riêng lẻ để đại diện cho cả Việt Nam, Lào và Campuchia.",Không dùng một ảnh để đại diện toàn event; tách scope caption hoặc bổ sung nhiều ảnh/tư liệu theo từng nhánh.,True,True
247,viet-nam-mo-co-quan-dai-dien-ngoai-giao-va-thong-tin-o-nuoc-ngoai,Việt Nam mở các cơ quan đại diện ngoại giao và thông tin ở nước ngoài,Trong kháng chiến chống Pháp (1945-1954),atomic,diplomacy,by_event/viet-nam-mo-co-quan-dai-dien-ngoai-giao-va-thong-tin-o-nuoc-ngoai,1,thumbnail,image_01.<đúng-đuôi-file>,direct,high,Lịch sử mạng lưới cơ quan đại diện ngoại giao Việt Nam,https://en.wikipedia.org/wiki/List_of_diplomatic_missions_of_Vietnam,,,en.wikipedia.org,,check linked image file page before reuse,,,https://en.wikipedia.org/wiki/List_of_diplomatic_missions_of_Vietnam,"Nguồn nêu cơ quan đại diện của Việt Nam Dân chủ Cộng hòa tại Paris khoảng 1946–1947, Bangkok từ 1948 và các đại sứ quán đầu tiên từ 1950; ưu tiên ảnh đúng cơ quan/giai đoạn.",awaiting_manual_download,,mofa.gov.vn|chinhphu.vn|vietnamplus.vn|nhandan.vn|un.org|asean.org|apec.org|europa.eu,,,,,,True,False
247,viet-nam-mo-co-quan-dai-dien-ngoai-giao-va-thong-tin-o-nuoc-ngoai,Việt Nam mở các cơ quan đại diện ngoại giao và thông tin ở nước ngoài,Trong kháng chiến chống Pháp (1945-1954),atomic,diplomacy,by_event/viet-nam-mo-co-quan-dai-dien-ngoai-giao-va-thong-tin-o-nuoc-ngoai,2,gallery,image_02.<đúng-đuôi-file>,strong_contextual,high,Hội nghị Fontainebleau 1946 và hiện diện đại diện Việt Nam tại Paris,https://en.wikipedia.org/wiki/Fontainebleau_Agreements,,,en.wikipedia.org,,check linked image file page before reuse,,,https://en.wikipedia.org/wiki/Fontainebleau_Agreements,"Nguồn về bối cảnh đoàn Việt Nam ở Pháp năm 1946; chỉ dùng ảnh đoàn đàm phán, văn phòng đại diện hoặc hoạt động thông tin đối ngoại có chú thích rõ.",awaiting_manual_download,,mofa.gov.vn|chinhphu.vn|vietnamplus.vn|nhandan.vn|un.org|asean.org|apec.org|europa.eu,,,,,,True,False
248,viet-nam-tham-gia-afta,Việt Nam kí hiệp định tham gia Khu vực Mậu dịch tự do ASEAN (AFTA),Trong thời kì Đổi mới (sau 1995),atomic,diplomacy,by_event/viet-nam-tham-gia-afta,1,thumbnail,image_01.<đúng-đuôi-file>,direct,high,Khu vực Mậu dịch Tự do ASEAN (AFTA) và Việt Nam,https://en.wikipedia.org/wiki/ASEAN_Free_Trade_Area,,,en.wikipedia.org,,check linked image file page before reuse,,,https://en.wikipedia.org/wiki/ASEAN_Free_Trade_Area,"Nguồn nêu Việt Nam gia nhập ASEAN ngày 28-7-1995 và đồng ý tham gia AFTA, triển khai cam kết từ 1-1-1996; ưu tiên ảnh hội nghị, văn kiện hoặc biểu trưng có chú thích đúng.",awaiting_manual_download,,mofa.gov.vn|chinhphu.vn|vietnamplus.vn|nhandan.vn|un.org|asean.org|apec.org|europa.eu,,,,,,True,False
248,viet-nam-tham-gia-afta,Việt Nam kí hiệp định tham gia Khu vực Mậu dịch tự do ASEAN (AFTA),Trong thời kì Đổi mới (sau 1995),atomic,diplomacy,by_event/viet-nam-tham-gia-afta,2,gallery,image_02.<đúng-đuôi-file>,strong_contextual,high,Quá trình mở rộng ASEAN và Việt Nam gia nhập năm 1995,https://en.wikipedia.org/wiki/Enlargement_of_ASEAN,,,en.wikipedia.org,,check linked image file page before reuse,,,https://en.wikipedia.org/wiki/Enlargement_of_ASEAN,"Nguồn bối cảnh Việt Nam trở thành thành viên ASEAN, kéo theo tham gia AFTA; chỉ dùng ảnh nếu chú thích liên hệ trực tiếp đến lễ gia nhập/cam kết AFTA.",awaiting_manual_download,,mofa.gov.vn|chinhphu.vn|vietnamplus.vn|nhandan.vn|un.org|asean.org|apec.org|europa.eu,,,,,,True,False
249,viet-nam-thoan-thuan-bien-gioi-lao-cam-pu-chia,"Việt Nam đạt được nhiều thoả thuận trong phát triển đường biên giới hoà bình, hữu nghị với Lào và Cam-pu-chia",Trong thời kì Đổi mới,atomic,post_1975,by_event/viet-nam-thoan-thuan-bien-gioi-lao-cam-pu-chia,1,thumbnail,image_01.<đúng-đuôi-file>,direct,high,"Biên giới Việt Nam–Lào và quá trình phân giới, cắm mốc",https://en.wikipedia.org/wiki/Laos%E2%80%93Vietnam_border,,,en.wikipedia.org,,check linked image file page before reuse,,,https://en.wikipedia.org/wiki/Laos%E2%80%93Vietnam_border,"Nguồn trực tiếp về đường biên giới Việt Nam–Lào; ưu tiên ảnh cột mốc, lễ ký hoặc hoạt động hoàn thành tăng dày/tôn tạo mốc có chú thích rõ.",awaiting_manual_download_scoped,SCOPE GATE: this is a composite event; each image must be captioned as covering only the specific branch it actually depicts.,chinhphu.vn|dangcongsan.vn|tulieuvankien.dangcongsan.vn|quochoi.vn|mofa.gov.vn|vietnamplus.vn|nhandan.vn|un.org|unphoto.un.org,awaiting_manual_download_scoped,P1,composite_scope,"Event là một tiến trình dài với cả Lào và Campuchia, không phải một lễ ký duy nhất. Không dùng ảnh cột mốc của một nước để chú thích như bằng chứng cho toàn bộ tiến trình với cả hai nước.",Không dùng một ảnh để đại diện toàn event; tách scope caption hoặc bổ sung nhiều ảnh/tư liệu theo từng nhánh.,True,True
249,viet-nam-thoan-thuan-bien-gioi-lao-cam-pu-chia,"Việt Nam đạt được nhiều thoả thuận trong phát triển đường biên giới hoà bình, hữu nghị với Lào và Cam-pu-chia",Trong thời kì Đổi mới,atomic,post_1975,by_event/viet-nam-thoan-thuan-bien-gioi-lao-cam-pu-chia,2,gallery,image_02.<đúng-đuôi-file>,direct,high,Biên giới Việt Nam–Campuchia và tiến trình phân giới,https://en.wikipedia.org/wiki/Cambodia%E2%80%93Vietnam_border,,,en.wikipedia.org,,check linked image file page before reuse,,,https://en.wikipedia.org/wiki/Cambodia%E2%80%93Vietnam_border,"Nguồn trực tiếp về biên giới Việt Nam–Campuchia; ưu tiên bản đồ, cột mốc hoặc lễ ký văn kiện đúng tiến trình xây dựng biên giới hòa bình, hữu nghị.",awaiting_manual_download_scoped,SCOPE GATE: this is a composite event; each image must be captioned as covering only the specific branch it actually depicts.,chinhphu.vn|dangcongsan.vn|tulieuvankien.dangcongsan.vn|quochoi.vn|mofa.gov.vn|vietnamplus.vn|nhandan.vn|un.org|unphoto.un.org,awaiting_manual_download_scoped,P1,composite_scope,"Event là một tiến trình dài với cả Lào và Campuchia, không phải một lễ ký duy nhất. Không dùng ảnh cột mốc của một nước để chú thích như bằng chứng cho toàn bộ tiến trình với cả hai nước.",Không dùng một ảnh để đại diện toàn event; tách scope caption hoặc bổ sung nhiều ảnh/tư liệu theo từng nhánh.,True,True
250,viet-nam-to-chuc-hoi-nghi-quoc-te-asean-asem-apec,"Việt Nam tổ chức thành công nhiều hội nghị quốc tế quan trọng thuộc ASEAN, ASEM và APEC",Trong thời kì Đổi mới (từ 1986 đến nay),atomic,diplomacy,by_event/viet-nam-to-chuc-hoi-nghi-quoc-te-asean-asem-apec,1,thumbnail,image_01.<đúng-đuôi-file>,direct,high,APEC Việt Nam 2017 tại Đà Nẵng,https://en.wikipedia.org/wiki/APEC_Vietnam_2017,,,en.wikipedia.org,,check linked image file page before reuse,,,https://en.wikipedia.org/wiki/APEC_Vietnam_2017,"Nguồn trực tiếp về năm APEC 2017 do Việt Nam đăng cai, có ảnh đại biểu và bối cảnh Hội nghị các Nhà lãnh đạo Kinh tế APEC; ưu tiên ảnh nhóm lãnh đạo, địa điểm hoặc phiên họp có chú thích đúng.",awaiting_manual_download_scoped,SCOPE GATE: this is a composite event; each image must be captioned as covering only the specific branch it actually depicts.,mofa.gov.vn|chinhphu.vn|vietnamplus.vn|nhandan.vn|un.org|asean.org|apec.org|europa.eu,awaiting_manual_download_scoped,P1,composite_scope,"Event tổng hợp nhiều hội nghị thuộc ba cơ chế khác nhau (ASEAN, ASEM, APEC) trong cả thời kì Đổi mới. Hai candidate chỉ đại diện cho APEC và ASEM; không dùng một ảnh để chú thích như bằng chứng cho toàn bộ chuỗi hội nghị.",Không dùng một ảnh để đại diện toàn event; tách scope caption hoặc bổ sung nhiều ảnh/tư liệu theo từng nhánh.,True,True
250,viet-nam-to-chuc-hoi-nghi-quoc-te-asean-asem-apec,"Việt Nam tổ chức thành công nhiều hội nghị quốc tế quan trọng thuộc ASEAN, ASEM và APEC",Trong thời kì Đổi mới (từ 1986 đến nay),atomic,diplomacy,by_event/viet-nam-to-chuc-hoi-nghi-quoc-te-asean-asem-apec,2,gallery,image_02.<đúng-đuôi-file>,direct,high,ASEM và Hội nghị cấp cao ASEM 5 tại Hà Nội năm 2004,https://en.wikipedia.org/wiki/Asia%E2%80%93Europe_Meeting,,,en.wikipedia.org,,check linked image file page before reuse,,,https://en.wikipedia.org/wiki/Asia%E2%80%93Europe_Meeting,"Nguồn trực tiếp về ASEM và liệt kê ASEM 5 diễn ra tại Hà Nội ngày 8–9/10/2004; chỉ chọn ảnh hội nghị/đoàn đại biểu được chú thích đúng ASEM 5, không dùng logo chung nếu không có bối cảnh.",awaiting_manual_download_scoped,SCOPE GATE: this is a composite event; each image must be captioned as covering only the specific branch it actually depicts.,mofa.gov.vn|chinhphu.vn|vietnamplus.vn|nhandan.vn|un.org|asean.org|apec.org|europa.eu,awaiting_manual_download_scoped,P1,composite_scope,"Event tổng hợp nhiều hội nghị thuộc ba cơ chế khác nhau (ASEAN, ASEM, APEC) trong cả thời kì Đổi mới. Hai candidate chỉ đại diện cho APEC và ASEM; không dùng một ảnh để chú thích như bằng chứng cho toàn bộ chuỗi hội nghị.",Không dùng một ảnh để đại diện toàn event; tách scope caption hoặc bổ sung nhiều ảnh/tư liệu theo từng nhánh.,True,True
251,viet-nam-uy-vien-khong-thuong-truc-hoi-dong-bao-an-lhq,Việt Nam được bầu vào vị trí Uỷ viên không thường trực Hội đồng Bảo an Liên hợp quốc,Nhiệm kì 2008 – 2009 và 2020 - 2021,atomic,diplomacy,by_event/viet-nam-uy-vien-khong-thuong-truc-hoi-dong-bao-an-lhq,1,thumbnail,image_01.<đúng-đuôi-file>,direct,high,Bầu cử Hội đồng Bảo an Liên hợp quốc năm 2007,https://en.wikipedia.org/wiki/2007_United_Nations_Security_Council_election,,,en.wikipedia.org,,check linked image file page before reuse,,,https://en.wikipedia.org/wiki/2007_United_Nations_Security_Council_election,"Nguồn trực tiếp về cuộc bầu cử ngày 16/10/2007 đưa Việt Nam lần đầu vào Hội đồng Bảo an nhiệm kì 2008–2009; ưu tiên bản đồ thành viên, ảnh Đại hội đồng hoặc đoàn Việt Nam đúng sự kiện.",awaiting_manual_download,,mofa.gov.vn|chinhphu.vn|vietnamplus.vn|nhandan.vn|un.org|asean.org|apec.org|europa.eu,,,,,,True,False
251,viet-nam-uy-vien-khong-thuong-truc-hoi-dong-bao-an-lhq,Việt Nam được bầu vào vị trí Uỷ viên không thường trực Hội đồng Bảo an Liên hợp quốc,Nhiệm kì 2008 – 2009 và 2020 - 2021,atomic,diplomacy,by_event/viet-nam-uy-vien-khong-thuong-truc-hoi-dong-bao-an-lhq,2,gallery,image_02.<đúng-đuôi-file>,direct,high,Bầu cử Hội đồng Bảo an Liên hợp quốc năm 2019,https://en.wikipedia.org/wiki/2019_United_Nations_Security_Council_election,,,en.wikipedia.org,,check linked image file page before reuse,,,https://en.wikipedia.org/wiki/2019_United_Nations_Security_Council_election,"Nguồn trực tiếp về cuộc bầu cử ngày 7/6/2019 cho nhiệm kì 2020–2021; ưu tiên ảnh bỏ phiếu, công bố kết quả hoặc đoàn Việt Nam tại Liên hợp quốc.",awaiting_manual_download,,mofa.gov.vn|chinhphu.vn|vietnamplus.vn|nhandan.vn|un.org|asean.org|apec.org|europa.eu,,,,,,True,False
252,vndcch-can-bang-quan-he-voi-lien-xo-trung-quoc-va-van-dong-vien-tro,"Việt Nam Dân chủ Cộng hoà cân bằng quan hệ với Liên Xô, Trung Quốc và vận động viện trợ",Trong kháng chiến chống Mỹ (1954-1975),atomic,diplomacy,by_event/vndcch-can-bang-quan-he-voi-lien-xo-trung-quoc-va-van-dong-vien-tro,1,thumbnail,image_01.<đúng-đuôi-file>,direct,high,Quan hệ Liên Xô–Việt Nam và viện trợ cho Bắc Việt Nam,https://en.wikipedia.org/wiki/Russia%E2%80%93Vietnam_relations,,,en.wikipedia.org,,check linked image file page before reuse,,,https://en.wikipedia.org/wiki/Russia%E2%80%93Vietnam_relations,"Nguồn trực tiếp về quan hệ với Liên Xô, viện trợ quân sự và việc Hà Nội tìm cách cân bằng quan hệ giữa Liên Xô và Trung Quốc trong thời kì chia rẽ Xô–Trung; ưu tiên ảnh lãnh đạo, chuyên gia hoặc khí tài có chú thích đúng giai đoạn.",awaiting_manual_download_scoped,SCOPE GATE: this is a composite event; each image must be captioned as covering only the specific branch it actually depicts.,mofa.gov.vn|chinhphu.vn|vietnamplus.vn|nhandan.vn|un.org|asean.org|apec.org|europa.eu,awaiting_manual_download_scoped,P1,composite_scope,"Đây là chiến lược ngoại giao dài hạn trong bối cảnh chia rẽ Xô–Trung. Chỉ chọn ảnh có chú thích về đúng cuộc gặp, đoàn viện trợ hoặc sự kiện ngoại giao; không dùng ảnh quan hệ Nga–Việt hay Trung–Việt hiện đại.",Không dùng một ảnh để đại diện toàn event; tách scope caption hoặc bổ sung nhiều ảnh/tư liệu theo từng nhánh.,True,True
252,vndcch-can-bang-quan-he-voi-lien-xo-trung-quoc-va-van-dong-vien-tro,"Việt Nam Dân chủ Cộng hoà cân bằng quan hệ với Liên Xô, Trung Quốc và vận động viện trợ",Trong kháng chiến chống Mỹ (1954-1975),atomic,diplomacy,by_event/vndcch-can-bang-quan-he-voi-lien-xo-trung-quoc-va-van-dong-vien-tro,2,gallery,image_02.<đúng-đuôi-file>,direct,high,Quan hệ Trung Quốc–Việt Nam và viện trợ cho Việt Nam Dân chủ Cộng hòa,https://en.wikipedia.org/wiki/China%E2%80%93Vietnam_relations,,,en.wikipedia.org,,check linked image file page before reuse,,,https://en.wikipedia.org/wiki/China%E2%80%93Vietnam_relations,"Nguồn trực tiếp về Trung Quốc công nhận Việt Nam Dân chủ Cộng hòa năm 1950 và cung cấp viện trợ lớn; ưu tiên ảnh lãnh đạo, đoàn viện trợ, chuyên gia hoặc tuyến hậu cần đúng thời kì 1954–1975.",awaiting_manual_download_scoped,SCOPE GATE: this is a composite event; each image must be captioned as covering only the specific branch it actually depicts.,mofa.gov.vn|chinhphu.vn|vietnamplus.vn|nhandan.vn|un.org|asean.org|apec.org|europa.eu,awaiting_manual_download_scoped,P1,composite_scope,"Đây là chiến lược ngoại giao dài hạn trong bối cảnh chia rẽ Xô–Trung. Chỉ chọn ảnh có chú thích về đúng cuộc gặp, đoàn viện trợ hoặc sự kiện ngoại giao; không dùng ảnh quan hệ Nga–Việt hay Trung–Việt hiện đại.",Không dùng một ảnh để đại diện toàn event; tách scope caption hoặc bổ sung nhiều ảnh/tư liệu theo từng nhánh.,True,True
253,vndcch-dau-tranh-doi-thi-hanh-hiep-dinh-gio-ne-vo,Việt Nam Dân chủ Cộng hoà đấu tranh đòi thi hành Hiệp định Giơ-ne-vơ,Trong kháng chiến chống Mỹ (1954-1975),atomic,war_1945_1975,by_event/vndcch-dau-tranh-doi-thi-hanh-hiep-dinh-gio-ne-vo,1,thumbnail,image_01.<đúng-đuôi-file>,direct,high,Hội nghị Giơ-ne-vơ năm 1954 về Đông Dương,https://en.wikipedia.org/wiki/1954_Geneva_Conference,,,en.wikipedia.org,,check linked image file page before reuse,,,https://en.wikipedia.org/wiki/1954_Geneva_Conference,"Nguồn trực tiếp về các điều khoản đình chiến, tổng tuyển cử thống nhất và bối cảnh tranh đấu quanh việc thi hành Hiệp định; ưu tiên ảnh hội nghị, văn kiện hoặc phái đoàn Việt Nam Dân chủ Cộng hòa.",awaiting_manual_download_scoped,SCOPE GATE: this is a composite event; each image must be captioned as covering only the specific branch it actually depicts.,btlsqsvn.org.vn|qdnd.vn|nhandan.vn|vietnamplus.vn|hochiminh.vn|baotanglichsu.vn|luutru.gov.vn|loc.gov|archives.gov,awaiting_manual_download_scoped,P1,composite_scope,"Event nói về quá trình Việt Nam Dân chủ Cộng hòa đấu tranh đòi thi hành Hiệp định sau 1954, không chỉ riêng Hội nghị Giơ-ne-vơ. Ảnh hội nghị 1954 chỉ là bối cảnh; cần ưu tiên tư liệu về kiến nghị, tuyên bố, ICC/ICSC hoặc vận động ngoại giao sau hiệp định.",Không dùng một ảnh để đại diện toàn event; tách scope caption hoặc bổ sung nhiều ảnh/tư liệu theo từng nhánh.,True,True
253,vndcch-dau-tranh-doi-thi-hanh-hiep-dinh-gio-ne-vo,Việt Nam Dân chủ Cộng hoà đấu tranh đòi thi hành Hiệp định Giơ-ne-vơ,Trong kháng chiến chống Mỹ (1954-1975),atomic,war_1945_1975,by_event/vndcch-dau-tranh-doi-thi-hanh-hiep-dinh-gio-ne-vo,2,gallery,image_02.<đúng-đuôi-file>,direct,high,Ủy ban Quốc tế Kiểm soát và Giám sát việc thi hành Hiệp định Giơ-ne-vơ,https://en.wikipedia.org/wiki/International_Control_Commission,,,en.wikipedia.org,,check linked image file page before reuse,,,https://en.wikipedia.org/wiki/International_Control_Commission,"Nguồn trực tiếp về cơ chế giám sát thi hành Hiệp định Giơ-ne-vơ tại Việt Nam từ 1954; ưu tiên ảnh phái đoàn ICC/ICSC, phương tiện giám sát hoặc trụ sở được chú thích rõ.",awaiting_manual_download_scoped,SCOPE GATE: this is a composite event; each image must be captioned as covering only the specific branch it actually depicts.,btlsqsvn.org.vn|qdnd.vn|nhandan.vn|vietnamplus.vn|hochiminh.vn|baotanglichsu.vn|luutru.gov.vn|loc.gov|archives.gov,awaiting_manual_download_scoped,P1,composite_scope,"Event nói về quá trình Việt Nam Dân chủ Cộng hòa đấu tranh đòi thi hành Hiệp định sau 1954, không chỉ riêng Hội nghị Giơ-ne-vơ. Ảnh hội nghị 1954 chỉ là bối cảnh; cần ưu tiên tư liệu về kiến nghị, tuyên bố, ICC/ICSC hoặc vận động ngoại giao sau hiệp định.",Không dùng một ảnh để đại diện toàn event; tách scope caption hoặc bổ sung nhiều ảnh/tư liệu theo từng nhánh.,True,True
254,vndcch-gap-go-dang-cong-san-phap-va-cac-to-chuc-quoc-te,Chính phủ Việt Nam Dân chủ Cộng hoà gặp gỡ đại diện Đảng Cộng sản Pháp và nhiều tổ chức quốc tế,Sau năm 1950,atomic,war_1945_1975,by_event/vndcch-gap-go-dang-cong-san-phap-va-cac-to-chuc-quoc-te,1,thumbnail,image_01.<đúng-đuôi-file>,direct,high,Hội nghị quốc tế các đảng cộng sản và công nhân năm 1957,https://en.wikipedia.org/wiki/1957_International_Meeting_of_Communist_and_Workers_Parties,,,en.wikipedia.org,,check linked image file page before reuse,,,https://en.wikipedia.org/wiki/1957_International_Meeting_of_Communist_and_Workers_Parties,Nguồn ghi đoàn Đảng Lao động Việt Nam do Hồ Chí Minh dẫn đầu và đoàn Đảng Cộng sản Pháp do Maurice Thorez dẫn đầu cùng tham dự; ưu tiên ảnh toàn thể hoặc các đoàn được chú thích đúng hội nghị.,blocked_needs_direct_source,BLOCKED: no sufficiently direct image source was found. Current links are research leads only.,btlsqsvn.org.vn|qdnd.vn|nhandan.vn|vietnamplus.vn|hochiminh.vn|baotanglichsu.vn|luutru.gov.vn|loc.gov|archives.gov,blocked_needs_direct_source,P1,missing_direct_source,Chưa tìm được nguồn ảnh trực tiếp đủ chắc của đúng một cuộc gặp giữa Chính phủ Việt Nam Dân chủ Cộng hòa với đại diện Đảng Cộng sản Pháp và các tổ chức quốc tế. Candidate hội nghị 1957 là gần nhất vì có cả đoàn Việt Nam và đoàn PCF; không dùng logo PCF hoặc ảnh hội nghị chung nếu không thấy đoàn Việt Nam.,Giữ event ở trạng thái blocked cho đến khi tìm được tư liệu trực tiếp hoặc chấp nhận rõ đây chỉ là contextual.,False,True
254,vndcch-gap-go-dang-cong-san-phap-va-cac-to-chuc-quoc-te,Chính phủ Việt Nam Dân chủ Cộng hoà gặp gỡ đại diện Đảng Cộng sản Pháp và nhiều tổ chức quốc tế,Sau năm 1950,atomic,war_1945_1975,by_event/vndcch-gap-go-dang-cong-san-phap-va-cac-to-chuc-quoc-te,2,gallery,image_02.<đúng-đuôi-file>,strong_contextual,medium,Đảng Cộng sản Pháp và các liên hệ quốc tế với phong trào Việt Nam,https://en.wikipedia.org/wiki/French_Communist_Party,,,en.wikipedia.org,,check linked image file page before reuse,,,https://en.wikipedia.org/wiki/French_Communist_Party,"Nguồn bối cảnh về Đảng Cộng sản Pháp, trong đó Hồ Chí Minh là một trong các nhân vật sáng lập; chỉ dùng ảnh khi chú thích xác nhận đúng cuộc gặp/đoàn đại biểu liên quan Việt Nam sau 1950, không dùng logo đảng chung chung.",blocked_needs_direct_source,BLOCKED: no sufficiently direct image source was found. Current links are research leads only.,btlsqsvn.org.vn|qdnd.vn|nhandan.vn|vietnamplus.vn|hochiminh.vn|baotanglichsu.vn|luutru.gov.vn|loc.gov|archives.gov,blocked_needs_direct_source,P1,missing_direct_source,Chưa tìm được nguồn ảnh trực tiếp đủ chắc của đúng một cuộc gặp giữa Chính phủ Việt Nam Dân chủ Cộng hòa với đại diện Đảng Cộng sản Pháp và các tổ chức quốc tế. Candidate hội nghị 1957 là gần nhất vì có cả đoàn Việt Nam và đoàn PCF; không dùng logo PCF hoặc ảnh hội nghị chung nếu không thấy đoàn Việt Nam.,Giữ event ở trạng thái blocked cho đến khi tìm được tư liệu trực tiếp hoặc chấp nhận rõ đây chỉ là contextual.,False,True
255,vndcch-thiet-lap-quan-he-ngoai-giao-voi-lao-campuchia-va-ung-ho-phong-trao-giai-phong-dan-toc,"Việt Nam Dân chủ Cộng hoà thiết lập quan hệ ngoại giao với Lào, Campuchia và ủng hộ phong trào giải phóng dân tộc",Trong kháng chiến chống Mỹ (1954-1975),atomic,diplomacy,by_event/vndcch-thiet-lap-quan-he-ngoai-giao-voi-lao-campuchia-va-ung-ho-phong-trao-giai-phong-dan-toc,1,thumbnail,image_01.<đúng-đuôi-file>,direct,high,Quan hệ Lào–Việt Nam trong giai đoạn cách mạng,https://en.wikipedia.org/wiki/Laos%E2%80%93Vietnam_relations,,,en.wikipedia.org,,check linked image file page before reuse,,,https://en.wikipedia.org/wiki/Laos%E2%80%93Vietnam_relations,"Nguồn trực tiếp về quan hệ cách mạng giữa Việt Nam và Lào, gồm hợp tác với Pathet Lào; ưu tiên ảnh lãnh đạo, đơn vị liên minh hoặc văn kiện có chú thích đúng giai đoạn trước 1975.",awaiting_manual_download_scoped,SCOPE GATE: this is a composite event; each image must be captioned as covering only the specific branch it actually depicts.,mofa.gov.vn|chinhphu.vn|vietnamplus.vn|nhandan.vn|un.org|asean.org|apec.org|europa.eu,awaiting_manual_download_scoped,P1,composite_scope,"Event gộp ba nội dung: thiết lập quan hệ ngoại giao với Lào, Campuchia và ủng hộ phong trào giải phóng dân tộc. Không dùng ảnh quan hệ ba nước sau 1975 để thay cho bằng chứng thời Việt Nam Dân chủ Cộng hòa.",Không dùng một ảnh để đại diện toàn event; tách scope caption hoặc bổ sung nhiều ảnh/tư liệu theo từng nhánh.,True,True
255,vndcch-thiet-lap-quan-he-ngoai-giao-voi-lao-campuchia-va-ung-ho-phong-trao-giai-phong-dan-toc,"Việt Nam Dân chủ Cộng hoà thiết lập quan hệ ngoại giao với Lào, Campuchia và ủng hộ phong trào giải phóng dân tộc",Trong kháng chiến chống Mỹ (1954-1975),atomic,diplomacy,by_event/vndcch-thiet-lap-quan-he-ngoai-giao-voi-lao-campuchia-va-ung-ho-phong-trao-giai-phong-dan-toc,2,gallery,image_02.<đúng-đuôi-file>,direct,high,Quan hệ Campuchia–Việt Nam trong thời kì chiến tranh Việt Nam,https://en.wikipedia.org/wiki/Cambodia%E2%80%93Vietnam_relations,,,en.wikipedia.org,,check linked image file page before reuse,,,https://en.wikipedia.org/wiki/Cambodia%E2%80%93Vietnam_relations,"Nguồn trực tiếp về quan hệ với Campuchia và sự hỗ trợ của Bắc Việt Nam đối với các lực lượng cách mạng; ưu tiên ảnh đoàn đại biểu, lực lượng liên minh hoặc văn kiện có chú thích đúng bối cảnh.",awaiting_manual_download_scoped,SCOPE GATE: this is a composite event; each image must be captioned as covering only the specific branch it actually depicts.,mofa.gov.vn|chinhphu.vn|vietnamplus.vn|nhandan.vn|un.org|asean.org|apec.org|europa.eu,awaiting_manual_download_scoped,P1,composite_scope,"Event gộp ba nội dung: thiết lập quan hệ ngoại giao với Lào, Campuchia và ủng hộ phong trào giải phóng dân tộc. Không dùng ảnh quan hệ ba nước sau 1975 để thay cho bằng chứng thời Việt Nam Dân chủ Cộng hòa.",Không dùng một ảnh để đại diện toàn event; tách scope caption hoặc bổ sung nhiều ảnh/tư liệu theo từng nhánh.,True,True
256,vu-an-le-chi-vien,Vụ án Lệ Chi Viên,Trước năm 1460,atomic,ancient_medieval,by_event/vu-an-le-chi-vien,1,thumbnail,image_01.<đúng-đuôi-file>,direct,high,Vua Lê Thái Tông và cái chết tại Lệ Chi Viên năm 1442,https://en.wikipedia.org/wiki/L%C3%AA_Th%C3%A1i_T%C3%B4ng,,,en.wikipedia.org,,check linked image file page before reuse,,,https://en.wikipedia.org/wiki/L%C3%AA_Th%C3%A1i_T%C3%B4ng,"Nguồn trực tiếp về chuyến đi tới Lệ Chi Viên, cái chết đột ngột của vua và việc Nguyễn Trãi cùng gia tộc bị kết tội; ưu tiên chân dung, di tích hoặc tư liệu được chú thích đúng vụ án.",awaiting_manual_download,,baotanglichsu.vn|disanvanhoa.gov.vn|bvhttdl.gov.vn|qdnd.vn|nhandan.vn|unesco.org|whc.unesco.org,,,,,,True,False
256,vu-an-le-chi-vien,Vụ án Lệ Chi Viên,Trước năm 1460,atomic,ancient_medieval,by_event/vu-an-le-chi-vien,2,gallery,image_02.<đúng-đuôi-file>,direct,high,Nguyễn Trãi và vụ án dẫn tới án tru di năm 1442,https://en.wikipedia.org/wiki/Nguy%E1%BB%85n_Tr%C3%A3i,,,en.wikipedia.org,,check linked image file page before reuse,,,https://en.wikipedia.org/wiki/Nguy%E1%BB%85n_Tr%C3%A3i,"Nguồn trực tiếp về Nguyễn Trãi, cái chết của Lê Thái Tông và việc ông bị kết tội rồi được minh oan sau đó; ưu tiên chân dung, văn bản hoặc di tích gắn rõ với vụ án.",awaiting_manual_download,,baotanglichsu.vn|disanvanhoa.gov.vn|bvhttdl.gov.vn|qdnd.vn|nhandan.vn|unesco.org|whc.unesco.org,,,,,,True,False
257,xa-tro-thanh-ten-goi-pho-bien,Xã chính thức trở thành tên gọi phổ biến,Từ thế kỉ X,atomic,ancient_medieval,by_event/xa-tro-thanh-ten-goi-pho-bien,1,thumbnail,image_01.<đúng-đuôi-file>,strong_contextual,high,Đơn vị xã trong lịch sử hành chính Việt Nam,https://en.wikipedia.org/wiki/Commune_%28Vietnam%29,,,en.wikipedia.org,,check linked image file page before reuse,,,https://en.wikipedia.org/wiki/Commune_%28Vietnam%29,"Nguồn về lịch sử đơn vị xã nhưng đặt việc tổ chức rõ từ năm 1428 dưới Lê Thái Tổ; dùng để kiểm chứng lại dữ liệu, không coi đây là bằng chứng cho câu “xã trở thành tên gọi phổ biến từ thế kỉ X”.",blocked_data_issue,BLOCKED: unresolved historical/data issue. Do not approve or download as final evidence until the event data is corrected.,baotanglichsu.vn|disanvanhoa.gov.vn|bvhttdl.gov.vn|qdnd.vn|nhandan.vn|unesco.org|whc.unesco.org,blocked_data_issue,P0,data_issue,"Cần kiểm chứng lại dữ liệu. Nguồn tổng quan hiện có đặt việc tổ chức đơn vị “xã” rõ từ năm 1428 dưới Lê Thái Tổ, không phải từ thế kỉ X. Không tải ảnh để hợp thức hóa mốc dữ liệu khi chưa có nguồn lịch sử mạnh hơn.",Xác minh lại phát biểu “xã trở thành tên gọi phổ biến từ thế kỉ X”.,False,True
257,xa-tro-thanh-ten-goi-pho-bien,Xã chính thức trở thành tên gọi phổ biến,Từ thế kỉ X,atomic,ancient_medieval,by_event/xa-tro-thanh-ten-goi-pho-bien,2,gallery,image_02.<đúng-đuôi-file>,strong_contextual,medium,Lịch sử các đơn vị hành chính Việt Nam,https://en.wikipedia.org/wiki/Subdivisions_of_Vietnam,,,en.wikipedia.org,,check linked image file page before reuse,,,https://en.wikipedia.org/wiki/Subdivisions_of_Vietnam,"Nguồn bối cảnh về hệ thống đơn vị hành chính Việt Nam; chỉ tải sơ đồ, bản đồ hoặc văn bản khi chú thích xác nhận niên đại lịch sử của thuật ngữ “xã”, không dùng bản đồ hành chính hiện đại để minh họa mốc thế kỉ X.",blocked_data_issue,BLOCKED: unresolved historical/data issue. Do not approve or download as final evidence until the event data is corrected.,baotanglichsu.vn|disanvanhoa.gov.vn|bvhttdl.gov.vn|qdnd.vn|nhandan.vn|unesco.org|whc.unesco.org,blocked_data_issue,P0,data_issue,"Cần kiểm chứng lại dữ liệu. Nguồn tổng quan hiện có đặt việc tổ chức đơn vị “xã” rõ từ năm 1428 dưới Lê Thái Tổ, không phải từ thế kỉ X. Không tải ảnh để hợp thức hóa mốc dữ liệu khi chưa có nguồn lịch sử mạnh hơn.",Xác minh lại phát biểu “xã trở thành tên gọi phổ biến từ thế kỉ X”.,False,True
